-- phpMyAdmin SQL Dump
-- version 4.9.2
-- https://www.phpmyadmin.net/
--
-- Servidor: 10.1.2.125:3306
-- Tiempo de generación: 03-02-2020 a las 12:13:33
-- Versión del servidor: 10.2.24-MariaDB
-- Versión de PHP: 7.2.26

SET SQL_MODE = "NO_AUTO_VALUE_ON_ZERO";
SET AUTOCOMMIT = 0;
START TRANSACTION;
SET time_zone = "+00:00";


/*!40101 SET @OLD_CHARACTER_SET_CLIENT=@@CHARACTER_SET_CLIENT */;
/*!40101 SET @OLD_CHARACTER_SET_RESULTS=@@CHARACTER_SET_RESULTS */;
/*!40101 SET @OLD_COLLATION_CONNECTION=@@COLLATION_CONNECTION */;
/*!40101 SET NAMES utf8mb4 */;

--
-- Base de datos: `u266553358_rapidito`
--

-- --------------------------------------------------------

--
-- Estructura de tabla para la tabla `aperturas`
--

CREATE TABLE `aperturas` (
  `idapertura` int(11) NOT NULL,
  `fecha_apertura` datetime DEFAULT NULL,
  `fecha_cierre` datetime DEFAULT NULL,
  `monto_apertura` varchar(45) COLLATE utf8_spanish_ci DEFAULT NULL,
  `monto_cierre` varchar(45) COLLATE utf8_spanish_ci DEFAULT NULL,
  `cajas_idcaja` int(11) NOT NULL,
  `usuarios_idusuario` int(11) NOT NULL,
  `billetaje_hist_idbilletaje` int(11) DEFAULT NULL
) ENGINE=InnoDB DEFAULT CHARSET=utf8 COLLATE=utf8_spanish_ci;

--
-- Volcado de datos para la tabla `aperturas`
--

INSERT INTO `aperturas` (`idapertura`, `fecha_apertura`, `fecha_cierre`, `monto_apertura`, `monto_cierre`, `cajas_idcaja`, `usuarios_idusuario`, `billetaje_hist_idbilletaje`) VALUES
(34, '2019-12-19 18:33:12', '2019-12-28 12:38:51', '0', '662.5', 13, 3, NULL),
(35, '2019-12-20 09:18:43', '2019-12-28 12:59:05', '0', '573', 12, 7, NULL),
(46, '2019-12-30 10:18:06', NULL, '573', NULL, 12, 7, 6),
(48, '2019-12-30 18:09:20', '2019-12-31 15:31:43', '662.5', '0', 13, 3, 8),
(49, '2019-12-31 15:32:09', NULL, '0', NULL, 13, 3, 9);

-- --------------------------------------------------------

--
-- Estructura de tabla para la tabla `aprobaciones`
--

CREATE TABLE `aprobaciones` (
  `idaprobacion` int(11) NOT NULL,
  `fecha_reg` datetime NOT NULL,
  `fecha_mod` datetime DEFAULT NULL,
  `fecha_aprob` datetime DEFAULT NULL,
  `creditos_idcredito` int(11) NOT NULL,
  `usuarios_idusuario` int(11) DEFAULT NULL
) ENGINE=InnoDB DEFAULT CHARSET=utf8 COLLATE=utf8_spanish_ci;

--
-- Volcado de datos para la tabla `aprobaciones`
--

INSERT INTO `aprobaciones` (`idaprobacion`, `fecha_reg`, `fecha_mod`, `fecha_aprob`, `creditos_idcredito`, `usuarios_idusuario`) VALUES
(15, '2019-12-19 18:24:57', NULL, '2019-12-20 09:18:21', 31, 2),
(17, '2019-12-19 18:32:21', NULL, '2019-12-19 18:32:38', 33, 2),
(18, '2019-12-19 18:33:12', NULL, '2019-12-20 12:37:42', 34, 2),
(19, '2019-12-20 17:22:11', NULL, '2019-12-20 17:22:41', 30, 2),
(21, '2019-12-21 09:37:31', NULL, '2019-12-21 12:12:10', 36, 2),
(22, '2019-12-23 09:06:45', NULL, '2019-12-23 17:14:47', 37, 2),
(23, '2019-12-23 09:15:44', NULL, '2019-12-23 17:41:28', 38, 2),
(25, '2019-12-23 18:04:40', NULL, '2019-12-23 18:05:12', 39, 2),
(26, '2019-12-23 18:43:31', NULL, '2019-12-26 16:47:31', 40, 2),
(27, '2019-12-23 18:44:05', NULL, '2019-12-23 18:44:32', 41, 2),
(28, '2019-12-24 13:16:28', NULL, '2019-12-24 13:18:03', 42, 2),
(29, '2019-12-27 18:06:54', NULL, '2019-12-27 18:07:43', 43, 2),
(30, '2019-12-27 19:20:19', NULL, '2019-12-27 19:26:24', 44, 2),
(31, '2019-12-30 09:06:23', NULL, '2019-12-30 10:13:47', 45, 2),
(33, '2019-12-30 10:22:37', NULL, '2019-12-30 18:08:38', 47, 2),
(34, '2019-12-30 18:57:45', NULL, '2019-12-30 18:59:26', 48, 2),
(36, '2019-12-31 09:28:13', NULL, '2019-12-31 09:28:59', 50, 2),
(37, '2019-12-31 09:51:11', NULL, '2019-12-31 09:51:39', 49, 2),
(38, '2020-01-02 19:05:36', NULL, '2020-01-03 09:27:48', 51, 2),
(43, '2020-01-03 10:12:51', NULL, '2020-01-03 10:13:58', 52, 2),
(46, '2020-01-06 10:41:19', NULL, '2020-01-06 10:42:55', 57, 2),
(47, '2020-01-06 15:56:24', NULL, '2020-01-06 15:58:42', 55, 2),
(48, '2020-01-06 16:14:09', NULL, '2020-01-06 19:23:22', 58, 2),
(49, '2020-01-07 09:29:36', NULL, '2020-01-07 10:43:57', 59, 2),
(50, '2020-01-07 10:05:46', NULL, '2020-01-07 10:43:37', 60, 2),
(51, '2020-01-08 09:19:52', NULL, '2020-01-08 11:25:56', 61, 2),
(52, '2020-01-08 09:57:07', NULL, '2020-01-08 11:26:25', 62, 2),
(55, '2020-01-08 12:39:34', NULL, '2020-01-08 14:59:04', 65, 2),
(56, '2020-01-08 18:34:46', NULL, '2020-01-09 10:03:56', 66, 2),
(57, '2020-01-09 09:20:12', NULL, '2020-01-09 10:03:37', 67, 2),
(58, '2020-01-09 10:19:42', NULL, '2020-01-09 10:25:24', 68, 2),
(60, '2020-01-10 09:26:48', NULL, '2020-01-10 10:01:45', 70, 2),
(62, '2020-01-10 17:42:55', NULL, '2020-01-10 17:44:38', 71, 2),
(63, '2020-01-10 17:43:08', NULL, '2020-01-10 17:45:03', 69, 2),
(64, '2020-01-10 18:37:33', NULL, '2020-01-10 18:43:40', 72, 2),
(65, '2020-01-11 09:11:57', NULL, '2020-01-11 16:51:32', 73, 2),
(67, '2020-01-13 15:30:47', NULL, '2020-01-13 15:32:49', 75, 2),
(68, '2020-01-14 09:01:21', NULL, '2020-01-14 09:17:04', 76, 2),
(69, '2020-01-14 09:02:16', NULL, '2020-01-14 09:17:32', 77, 2),
(72, '2020-01-14 09:55:58', NULL, '2020-01-14 16:00:24', 80, 2),
(73, '2020-01-15 08:57:41', NULL, '2020-01-15 10:12:15', 81, 2),
(74, '2020-01-15 09:00:53', NULL, '2020-01-15 10:12:54', 82, 2),
(75, '2020-01-16 09:03:21', NULL, '2020-01-16 09:47:23', 84, 2),
(76, '2020-01-16 09:44:27', NULL, '2020-01-16 09:47:00', 85, 2),
(77, '2020-01-17 09:25:32', NULL, '2020-01-17 10:59:01', 86, 2),
(78, '2020-01-17 09:34:20', NULL, '2020-01-17 10:59:32', 87, 2),
(79, '2020-01-17 17:50:34', NULL, '2020-01-18 11:51:29', 88, 2),
(80, '2020-01-18 09:47:19', NULL, '2020-01-18 11:51:10', 89, 2),
(81, '2020-01-20 09:08:57', NULL, '2020-01-20 10:42:07', 90, 2),
(82, '2020-01-20 09:34:31', NULL, '2020-01-20 10:42:32', 91, 2),
(83, '2020-01-20 18:26:14', NULL, '2020-01-20 18:28:32', 92, 2),
(85, '2020-01-20 18:43:27', NULL, '2020-01-21 09:47:58', 94, 2),
(86, '2020-01-21 09:08:41', NULL, '2020-01-21 09:48:58', 95, 2),
(87, '2020-01-21 09:13:57', NULL, '2020-01-21 09:49:19', 97, 2),
(88, '2020-01-21 09:16:42', NULL, '2020-01-21 09:49:39', 98, 2),
(91, '2020-01-21 09:59:38', NULL, '2020-01-21 11:14:24', 101, 2),
(92, '2020-01-21 09:59:42', NULL, '2020-01-21 11:15:04', 96, 2),
(93, '2020-01-21 10:00:10', NULL, '2020-01-21 11:14:43', 102, 2),
(94, '2020-01-22 09:08:38', NULL, '2020-01-22 15:27:15', 103, 2),
(96, '2020-01-22 09:40:07', NULL, '2020-01-22 15:27:54', 105, 2),
(97, '2020-01-22 11:20:42', NULL, '2020-01-22 15:28:21', 106, 2),
(98, '2020-01-23 09:35:37', NULL, '2020-01-23 10:52:41', 107, 1),
(99, '2020-01-23 09:36:29', NULL, '2020-01-23 10:54:05', 108, 1),
(101, '2020-01-24 10:15:47', NULL, '2020-01-24 10:29:49', 110, 1),
(103, '2020-01-25 09:21:42', NULL, '2020-01-25 11:11:36', 112, 1),
(104, '2020-01-25 10:53:33', NULL, '2020-01-25 11:10:58', 113, 1),
(105, '2020-01-27 16:57:15', NULL, '2020-01-27 18:47:17', 114, 1),
(106, '2020-01-28 10:36:15', NULL, '2020-01-28 11:14:51', 115, 1),
(107, '2020-01-29 09:16:39', NULL, '2020-01-29 10:44:50', 116, 1),
(108, '2020-01-29 10:29:53', NULL, '2020-01-29 10:45:11', 117, 1),
(109, '2020-01-30 09:32:23', NULL, '2020-01-30 12:03:14', 119, 1),
(110, '2020-01-30 09:41:05', NULL, '2020-01-30 12:04:20', 120, 1),
(111, '2020-01-30 16:56:02', NULL, '2020-01-30 17:29:03', 121, 1),
(112, '2020-01-30 17:01:43', NULL, '2020-01-30 17:28:40', 122, 1),
(113, '2020-01-30 19:35:50', NULL, '2020-01-30 19:49:09', 123, 1),
(114, '2020-01-30 19:40:46', NULL, '2020-01-30 19:48:51', 124, 1),
(116, '2020-01-30 19:50:34', NULL, '2020-01-30 19:52:27', 126, 1),
(117, '2020-02-01 09:25:07', NULL, NULL, 127, NULL);

-- --------------------------------------------------------

--
-- Estructura de tabla para la tabla `aval`
--

CREATE TABLE `aval` (
  `idconyugue` int(11) NOT NULL,
  `apellido_pat` varchar(45) COLLATE utf8_spanish_ci NOT NULL,
  `apellido_mat` varchar(45) COLLATE utf8_spanish_ci NOT NULL,
  `nombre` varchar(45) COLLATE utf8_spanish_ci NOT NULL,
  `dni` varchar(45) COLLATE utf8_spanish_ci NOT NULL,
  `sexo` varchar(45) COLLATE utf8_spanish_ci NOT NULL,
  `nacimiento` varchar(45) COLLATE utf8_spanish_ci DEFAULT NULL,
  `direccion` varchar(45) COLLATE utf8_spanish_ci NOT NULL,
  `referencia` varchar(85) COLLATE utf8_spanish_ci DEFAULT NULL,
  `ocupacion` varchar(45) COLLATE utf8_spanish_ci NOT NULL,
  `dir_trabajo` varchar(45) COLLATE utf8_spanish_ci NOT NULL,
  `parentesco` varchar(25) COLLATE utf8_spanish_ci NOT NULL,
  `tipo` varchar(25) COLLATE utf8_spanish_ci NOT NULL,
  `habilitado` varchar(10) COLLATE utf8_spanish_ci NOT NULL,
  `clientes_idcliente` int(11) NOT NULL
) ENGINE=InnoDB DEFAULT CHARSET=utf8 COLLATE=utf8_spanish_ci;

--
-- Volcado de datos para la tabla `aval`
--

INSERT INTO `aval` (`idconyugue`, `apellido_pat`, `apellido_mat`, `nombre`, `dni`, `sexo`, `nacimiento`, `direccion`, `referencia`, `ocupacion`, `dir_trabajo`, `parentesco`, `tipo`, `habilitado`, `clientes_idcliente`) VALUES
(8, 'SALAZAR', 'ROJAS', 'GEORGE JAME ', '70231170', 'M', '1993-09-18', 'AV. INDEPENDENCIA 148', NULL, 'TRANSPORTISTA', 'JUSTICIA PAZ Y VIDA ', 'CONOCIDO', 'AVAL', 'SI', 164);

-- --------------------------------------------------------

--
-- Estructura de tabla para la tabla `billetaje`
--

CREATE TABLE `billetaje` (
  `idbilletaje` int(11) NOT NULL,
  `cant_200` varchar(20) COLLATE utf8_spanish_ci DEFAULT NULL,
  `cant_100` varchar(20) COLLATE utf8_spanish_ci DEFAULT NULL,
  `cant_50` varchar(20) COLLATE utf8_spanish_ci DEFAULT NULL,
  `cant_20` varchar(20) COLLATE utf8_spanish_ci DEFAULT NULL,
  `cant_10` varchar(20) COLLATE utf8_spanish_ci DEFAULT NULL,
  `cant_5` varchar(20) COLLATE utf8_spanish_ci DEFAULT NULL,
  `cant_2` varchar(20) COLLATE utf8_spanish_ci DEFAULT NULL,
  `cant_1` varchar(20) COLLATE utf8_spanish_ci DEFAULT NULL,
  `cant_0_5` varchar(20) COLLATE utf8_spanish_ci DEFAULT NULL,
  `cant_0_2` varchar(20) COLLATE utf8_spanish_ci DEFAULT NULL,
  `cant_0_1` varchar(20) COLLATE utf8_spanish_ci DEFAULT NULL
) ENGINE=InnoDB DEFAULT CHARSET=utf8 COLLATE=utf8_spanish_ci;

--
-- Volcado de datos para la tabla `billetaje`
--

INSERT INTO `billetaje` (`idbilletaje`, `cant_200`, `cant_100`, `cant_50`, `cant_20`, `cant_10`, `cant_5`, `cant_2`, `cant_1`, `cant_0_5`, `cant_0_2`, `cant_0_1`) VALUES
(8, '1', '3', '1', '', '2', '', '', '3', '', '', ''),
(9, '', '0', '0', '0', '0', '0', '0', '0', '', '0', '0'),
(10, NULL, NULL, NULL, NULL, NULL, NULL, NULL, NULL, NULL, NULL, NULL);

-- --------------------------------------------------------

--
-- Estructura de tabla para la tabla `billetaje_hist`
--

CREATE TABLE `billetaje_hist` (
  `idbilletaje` int(11) NOT NULL,
  `cant_200` varchar(20) COLLATE utf8_spanish_ci DEFAULT NULL,
  `cant_100` varchar(20) COLLATE utf8_spanish_ci DEFAULT NULL,
  `cant_50` varchar(20) COLLATE utf8_spanish_ci DEFAULT NULL,
  `cant_20` varchar(20) COLLATE utf8_spanish_ci DEFAULT NULL,
  `cant_10` varchar(20) COLLATE utf8_spanish_ci DEFAULT NULL,
  `cant_5` varchar(20) COLLATE utf8_spanish_ci DEFAULT NULL,
  `cant_2` varchar(20) COLLATE utf8_spanish_ci DEFAULT NULL,
  `cant_1` varchar(20) COLLATE utf8_spanish_ci DEFAULT NULL,
  `cant_0_5` varchar(20) COLLATE utf8_spanish_ci DEFAULT NULL,
  `cant_0_2` varchar(20) COLLATE utf8_spanish_ci DEFAULT NULL,
  `cant_0_1` varchar(20) COLLATE utf8_spanish_ci DEFAULT NULL
) ENGINE=InnoDB DEFAULT CHARSET=utf8 COLLATE=utf8_spanish_ci;

--
-- Volcado de datos para la tabla `billetaje_hist`
--

INSERT INTO `billetaje_hist` (`idbilletaje`, `cant_200`, `cant_100`, `cant_50`, `cant_20`, `cant_10`, `cant_5`, `cant_2`, `cant_1`, `cant_0_5`, `cant_0_2`, `cant_0_1`) VALUES
(6, '1', '3', '1', '', '2', '', '', '3', '', '', ''),
(8, '', '0', '0', '0', '0', '0', '0', '0', '', '0', '0'),
(9, NULL, NULL, NULL, NULL, NULL, NULL, NULL, NULL, NULL, NULL, NULL);

-- --------------------------------------------------------

--
-- Estructura de tabla para la tabla `cajas`
--

CREATE TABLE `cajas` (
  `idcaja` int(11) NOT NULL,
  `nombre` varchar(45) COLLATE utf8_spanish_ci NOT NULL,
  `capital` varchar(45) COLLATE utf8_spanish_ci NOT NULL,
  `estado` varchar(45) COLLATE utf8_spanish_ci NOT NULL,
  `fecha_creacion` datetime NOT NULL,
  `billetaje_reg` varchar(15) COLLATE utf8_spanish_ci NOT NULL,
  `usuarios_idusuario` int(11) NOT NULL,
  `billetaje_idbilletaje` int(11) DEFAULT NULL
) ENGINE=InnoDB DEFAULT CHARSET=utf8 COLLATE=utf8_spanish_ci;

--
-- Volcado de datos para la tabla `cajas`
--

INSERT INTO `cajas` (`idcaja`, `nombre`, `capital`, `estado`, `fecha_creacion`, `billetaje_reg`, `usuarios_idusuario`, `billetaje_idbilletaje`) VALUES
(12, 'CAJA PRINCIPAL', '4018.8', 'ABIERTO', '2019-12-19 12:14:49', 'SI', 7, 8),
(13, 'CAJA 2', '1693.9', 'ABIERTO', '2019-12-19 12:15:17', 'NO', 3, 9),
(14, 'CAJA 3', '0', 'DESHABILITADO', '2019-12-31 16:50:54', 'NO', 12, 10);

-- --------------------------------------------------------

--
-- Estructura de tabla para la tabla `clientes`
--

CREATE TABLE `clientes` (
  `idcliente` int(11) NOT NULL,
  `dni` varchar(45) COLLATE utf8_spanish_ci NOT NULL,
  `apellido_pat` varchar(45) COLLATE utf8_spanish_ci NOT NULL,
  `apellido_mat` varchar(45) COLLATE utf8_spanish_ci NOT NULL,
  `nombre` varchar(45) COLLATE utf8_spanish_ci NOT NULL,
  `nacimiento` varchar(45) COLLATE utf8_spanish_ci NOT NULL,
  `hijos` varchar(45) COLLATE utf8_spanish_ci DEFAULT NULL,
  `grado_ins` varchar(45) COLLATE utf8_spanish_ci DEFAULT NULL,
  `estado_civ` varchar(45) COLLATE utf8_spanish_ci DEFAULT NULL,
  `lugar_nac` varchar(45) COLLATE utf8_spanish_ci DEFAULT NULL,
  `direccion` varchar(45) COLLATE utf8_spanish_ci NOT NULL,
  `referencia` varchar(45) COLLATE utf8_spanish_ci DEFAULT NULL,
  `tipo_viv` varchar(45) COLLATE utf8_spanish_ci DEFAULT NULL,
  `distrito` varchar(45) COLLATE utf8_spanish_ci NOT NULL,
  `provincia` varchar(45) COLLATE utf8_spanish_ci NOT NULL,
  `tiempo_viv` varchar(45) COLLATE utf8_spanish_ci DEFAULT NULL,
  `comentario` text COLLATE utf8_spanish_ci DEFAULT NULL,
  `url_foto` varchar(45) COLLATE utf8_spanish_ci DEFAULT NULL,
  `url_domicilio` varchar(45) COLLATE utf8_spanish_ci DEFAULT NULL,
  `inscripcion` varchar(10) COLLATE utf8_spanish_ci NOT NULL,
  `telefono` varchar(45) COLLATE utf8_spanish_ci NOT NULL,
  `calificacion` varchar(25) COLLATE utf8_spanish_ci DEFAULT NULL,
  `ocupacion_tipo` varchar(35) COLLATE utf8_spanish_ci NOT NULL,
  `ocupacion_des` varchar(75) COLLATE utf8_spanish_ci DEFAULT NULL,
  `habilitado` varchar(10) COLLATE utf8_spanish_ci NOT NULL
) ENGINE=InnoDB DEFAULT CHARSET=utf8 COLLATE=utf8_spanish_ci;

--
-- Volcado de datos para la tabla `clientes`
--

INSERT INTO `clientes` (`idcliente`, `dni`, `apellido_pat`, `apellido_mat`, `nombre`, `nacimiento`, `hijos`, `grado_ins`, `estado_civ`, `lugar_nac`, `direccion`, `referencia`, `tipo_viv`, `distrito`, `provincia`, `tiempo_viv`, `comentario`, `url_foto`, `url_domicilio`, `inscripcion`, `telefono`, `calificacion`, `ocupacion_tipo`, `ocupacion_des`, `habilitado`) VALUES
(4, '19890483', 'MEZA ', 'HUALPARUCA', 'SILVERIO', '1955-06-20', '0', 'SECUNDARIA', 'CASADO', 'HUANCAYO', 'MARISCAL CASTILLA N° 1994', '', 'PROPIA', 'CHILCA', 'HUANCAYO', '10 AÑOS', '', '', '', 'SI', '00000', NULL, '', NULL, 'SI'),
(5, '44393845', 'MUÑOZ', 'CASAS ', 'ROGELIO', '1987-04-29', '0', 'SUPERIOR', 'SOLTERO', 'HUANCAYO', 'AV. HUANCAVELICA N°638', '', 'ALQUILADA', 'EL TAMBO', 'HUANCAYO', '2', '', '', NULL, 'SI', '989890000', NULL, '', NULL, 'SI'),
(6, '47726338', 'PERALTA ', 'RIVEROS', 'ANDY', '1988-08-21', '', 'SUPERIOR', 'SOLTERO', 'HUANCAYO', 'JR. AREQUIPA N° 473', '', '', 'EL TAMBO', 'HUANCAYO', '', '', NULL, NULL, 'SI', '967656142', NULL, '', NULL, 'SI'),
(7, '20081139', 'RAMOS', 'JOAQUIN ', 'ROLANDO', '', '', 'SUPERIOR', 'SOLTERO', 'HUANCAYO', 'JR. ALEJANDRO O. DEUSTUA N° 399', '', '', 'EL TAMBO', 'HUANCAYO', '', '', NULL, NULL, 'SI', '964635110', NULL, '', NULL, 'SI'),
(8, '41722469', 'CHAVEZ ', 'VERASTEGUI', 'WILSON TORIBIO', '1962-12-12', '', 'SUPERIOR', 'SOLTERO', 'HUANCAYO', 'PSJ. LAS LOMAS N°499', '', '', 'PIO PATA', 'HUANCAYO', '', '', NULL, NULL, 'SI', '000000000', NULL, '', NULL, 'SI'),
(9, '41245294', 'ESPINOZA', 'ORREGO ', 'RONALD ANTHONY', '', '', 'TECNICA', 'SOLTERO', 'HUANCAYO', 'AV. PALIAN N° 840', '', '', 'EL TAMBO', 'HUANCAYO', '', '', NULL, NULL, 'SI', '000000000', NULL, '', NULL, 'SI'),
(10, '20115680', 'LOARDO', 'NUÑEZ', 'ORLANDO ALEX', '1978-02-15', '1', 'SUPERIOR', 'CONVIVIENTE', 'HUANCAYO', 'JR. AREQUIPA N° 499', '', '', 'EL TAMBO', 'HUANCAYO', '', '', NULL, NULL, 'SI', '999993593', 'REGULAR', '', NULL, 'SI'),
(11, '20115680', 'MACHUCA', 'BORJA', 'FELIX SOLANO', '1987-07-22', '', '', '', '', 'JR. PROGRESO S/N', '', '', 'EL TAMBO', 'HUANCAYO', '', '', NULL, NULL, 'SI', '000000000', NULL, '', NULL, 'SI'),
(12, '40625365', 'ARAUJO', 'SANTOS', 'CARLOS VICENTE', '', '', '', '', '', 'JR. ALEJANDRO O. DEUSTUA N° 943', '', '', 'EL TAMBO', 'HUANCAYO', '', '', NULL, NULL, 'SI', '975233122', NULL, '', NULL, 'SI'),
(13, '44279299', 'CHAVEZ', 'JACOBE', 'JOSE LUIS', '', '', '', '', '', 'JR. AREQUIPA N° 499', '', '', 'EL TAMBO', 'HUANCAYO', '', '', NULL, NULL, 'SI', '924039022', NULL, '', NULL, 'SI'),
(14, '23265947', 'RAMOS ', 'ENRIQUE', 'PROSPERO', '', '', '', '', '', 'AV. HUANCAVELICA N°685', '', '', 'EL TAMBO', 'HUANCAYO', '', '', NULL, NULL, 'SI', '000000000', NULL, '', NULL, 'SI'),
(15, '41684212', 'ROJAS ', 'GAMBOA DE NOGALES', 'GLADYS MARISOL', '', '', '', '', '', 'MANCHEGO MUÑOZ N° 352', '', '', 'EL TAMBO', 'HUANCAYO', '', '', NULL, NULL, 'SI', '921377102', 'BUENO', '', NULL, 'SI'),
(16, '41219351', 'YARANGA', 'QUISPE', 'LEANDRO', '', '', '', '', '', 'JR HUANCAS N° 1281', '', '', 'HUANCAYO', 'HUANCAYO', '', '', NULL, NULL, 'SI', '964408872', NULL, '', NULL, 'SI'),
(17, '80083301', 'ARROYO ', 'HUAYNATE', 'ROSSY HAYDEE', '', '', '', '', '', 'PSJ LAS ISLAS N° 516 AA. HH.', '', '', 'EL TAMBO', 'HUANCAYO', '', '', NULL, NULL, 'SI', '920510025', NULL, '', NULL, 'SI'),
(18, '20550103', 'ROMERO', 'HURTADO ', 'INOCENCIA YOLANDA', '', '', '', '', '', 'CALLE CIRCUITO LOS HÉROES N° 202', '', '', 'PIO PATA', 'HUANCAYO', '', '', NULL, NULL, 'SI', '925430862', NULL, '', NULL, 'SI'),
(19, '20093764', 'CAMPOS ', 'LOPEZ ', 'ROSARIO ISABEL', '', '', '', '', '', 'AV. CENTENARIO', '', '', 'PILCOMAYO', 'HUANCAYO', '', '', NULL, NULL, 'SI', '987564466', NULL, '', NULL, 'SI'),
(20, '20048513', 'CAMAVILCA', 'CHAVEZ', 'JUDITH SARITA', '', '', '', '', '', 'CALLE 3 MZ C LT 16 - VILLA PERIODISTA', '', '', 'EL TAMBO', 'HUANCAYO', '', '', NULL, NULL, 'SI', '997959136', NULL, '', NULL, 'SI'),
(21, '43810115', 'MAITA', 'RAFAEL', 'JANED AQUILINA', '', '', '', '', '', 'JR. HUANCAS N° 1394', '', '', 'EL TAMBO', 'HUANCAYO', '', '', NULL, NULL, 'SI', '914838485', NULL, '', NULL, 'SI'),
(22, '47645796', 'CCENTE', 'GOMEZ', 'LIZ', '', '', '', '', '', 'JR. AREQUIPA N° 473', '', '', 'EL TAMBO', 'HUANCAYO', '', '', NULL, NULL, 'SI', '967656142', 'REGULAR', '', NULL, 'SI'),
(23, '44639440', 'CAHUANA', 'OCHOA', 'JOSEP ANDRES', '', '', '', '', '', 'JR. LIBERTAD N° 605', '', '', 'EL TAMBO', 'HUANCAYO', '', '', NULL, NULL, 'SI', '942139239', NULL, '', NULL, 'SI'),
(24, '19820682', 'DE LA PEÑA', 'MARILU', 'MERCEDES', '', '', '', '', '', 'AV. CATALINA HUANCA N° 371', '', '', 'EL TAMBO', 'HUANCAYO', '', '', NULL, NULL, 'SI', '989252301', NULL, '', NULL, 'SI'),
(25, '19920893', 'BUENDIA ', 'YALLI', 'EPIFANIA', '', '', '', '', '', 'JR. LOS HUANCAS N°496', '', '', 'EL TAMBO', 'HUANCAYO', '', '', NULL, NULL, 'SI', '928751106', NULL, '', NULL, 'SI'),
(26, '44439463', 'MONTES', 'BALTAZAR ', 'JESENIA JULIZA', '', '', '', '', '', 'JR. JOSE OLAYA N° 177', '', '', 'HUANCAYO', 'HUANCAYO', '', '', NULL, NULL, 'SI', '960756995', NULL, '', NULL, 'SI'),
(27, '19803612', 'TORRES ', 'AVILA', 'CARLOS HUMBERTO', '', '', '', '', '', 'JR AGUIRRE MORALES N° 1188', '', '', 'EL TAMBO', 'HUANCAYO', '', '', NULL, NULL, 'SI', '949573976', NULL, '', NULL, 'SI'),
(28, '04011304', 'LOPE', 'MEDRANO', 'SILVIA DORIS', '', '', '', '', '', 'PSJ. CHUCUITO MZ5 LT 0 ', '', '', 'PILCOMAYO', 'HUANCAYO', '', '', NULL, NULL, 'SI', '953671127', 'BUENO', '', NULL, 'SI'),
(29, '44628543', 'RIOS ', 'ROJAS', 'KARINA', '', '', '', '', '', 'JR. DIAMANTE AZUL N° 153', '', '', 'EL TAMBO', 'HUANCAYO', '', '', NULL, NULL, 'SI', '921184887', NULL, '', NULL, 'SI'),
(30, '20006336', 'CALLUPE ', 'OJEDA', 'RUTH ELIANA', '', '', '', '', '', 'JR. LIBERTAD N°535', '', '', 'HUANCAYO', 'HUANCAYO', '', '', NULL, NULL, 'SI', '999720255', NULL, '', NULL, 'SI'),
(31, '47367578', 'ROMERO', 'HERRERA', 'PILAR', '', '', '', '', '', 'JR. HIDRA MZ E LOTE 6', '', '', 'HUANCAYO', 'HUANCAYO', '', '', NULL, NULL, 'SI', '956439973', NULL, '', NULL, 'SI'),
(32, '19928508', 'SALVATIERRA ', 'VELIZ', 'GILDA ELIANA', '', '', '', '', '', 'JR. AREQUIPA N° 731', '', '', 'EL TAMBO', 'HUANCAYO', '', '', NULL, NULL, 'SI', '964754900', NULL, '', NULL, 'SI'),
(33, '43480244', 'HUAROC ', 'POCOMUCHA ', 'KRISBET', '', '', '', '', '', 'JR. SANTOS CHOCANO N° 951', '', '', 'EL TAMBO', 'HUANCAYO', '', '', NULL, NULL, 'SI', '989815297', NULL, '', NULL, 'SI'),
(34, '47860194', 'REYMUNDO', 'CARRERA', 'CLARA', '', '', '', '', '', 'PSJ. HUGO CHAVEZ MZ O LT 22', '', '', 'PALIAN', 'HUANCAYO', '', '', NULL, NULL, 'SI', '964596957', NULL, '', NULL, 'SI'),
(35, '46497378', 'MARQUEZ', 'NESTARES ', 'JESSICA YANINA', '', '', '', '', '', 'JR. SEBASTIAN LORENTE N° 558', '', '', 'EL TAMBO', 'HUANCAYO', '', '', NULL, NULL, 'SI', '964400100', NULL, '', NULL, 'SI'),
(36, '77662005', 'MARQUINA', 'DE ARMERO', 'RODRIGO ORLANDO', '', '', '', '', '', 'PSJ. GULLIVAN N° 102', '', '', 'PALIAN', 'HUANCAYO', '', '', NULL, NULL, 'SI', '988572561', NULL, '', NULL, 'SI'),
(37, '20075856', 'ALCOCER', 'BARRIENTOS', 'MIRIAM', '', '', '', '', '', 'JR. NECOCHEA MZ B LT 4 - LA PRADERA', '', '', 'EL TAMBO', 'HUANCAYO', '', '', NULL, NULL, 'SI', '968920148', NULL, '', NULL, 'SI'),
(38, '42493451', 'CABELLO', 'GARCIA', 'LUIS FERNANDO', '', '', '', '', '', 'AV. FERROCARRIL N° 475', '', '', 'EL TAMBO', 'HUANCAYO', '', '', NULL, NULL, 'SI', '981811161', 'BUENO', '', NULL, 'SI'),
(39, '19927787', 'POMA', 'CANCHUMANI', 'ESTEBAN VICTOR', '', '', '', '', '', 'AV. 12 DE OCTUBRE N° 402', '', '', 'CULLPA ALTA', 'HUANCAYO', '', '', NULL, NULL, 'SI', '926993108', NULL, '', NULL, 'SI'),
(40, '06179596', 'FERNANDEZ', 'SAMANIEGO', ' MARUJA CECILIA', '', '', '', '', '', 'JR. AREQUIPA N° 658 ', '', '', 'EL TAMBO', 'HUANCAYO', '', '', NULL, NULL, 'SI', '985431389', NULL, '', NULL, 'SI'),
(41, '44462205', 'RIOS', 'ORTIZ', 'CESAR AUGUSTO', '', '', '', '', '', 'JR. 13 DE NOVIEMBRE N° 1125', '', '', 'EL TAMBO', 'HUANCAYO', '', '', NULL, NULL, 'SI', '954600050', NULL, '', NULL, 'SI'),
(42, '10256859', 'ARIAS', 'TORRES', 'JOSE', '', '', '', '', '', 'JR. COLINA N° 689', '', '', 'JAUJA', 'JAUJA', '', '', NULL, NULL, 'SI', '943965936', 'BUENO', '', NULL, 'SI'),
(43, '19923319', 'BAUTISTA', 'QUISPEALAYA', 'ADELAIDA CASIMIRA', '', '', '', '', '', 'JR. 1 DE MAYO ', '', '', 'EL TAMBO', 'HUANCAYO', '', '', NULL, NULL, 'SI', '969244508', NULL, '', NULL, 'SI'),
(44, '19909471', 'SALDAÑA', 'RAMIREZ', 'JOSE LUIS', '', '', '', '', '', 'CALLE LAS QUEBRADAS N° 140', '', '', 'PIO PATA', 'HUANCAYO', '', '', NULL, NULL, 'SI', '994775704', 'BUENO', '', NULL, 'SI'),
(45, '20012238', 'TORRES', 'MARAVI', 'RODOLFO VICTOR', '', '', '', '', '', 'JR. PARRA DE RIEGO N°540', '', '', 'EL TAMBO', 'HUANCAYO', '', '', NULL, NULL, 'SI', '924043748', NULL, '', NULL, 'SI'),
(46, '19931799', 'CARDENAS ', 'DE SORIANO ', 'SOLEDAD JULIA', '', '', '', '', '', 'PSJ. ELIAS AGUIRRE N° 220', '', '', 'EL TAMBO', 'HUANCAYO', '', '', NULL, NULL, 'SI', '949305855', NULL, '', NULL, 'SI'),
(47, '21249666', 'TANTAVILCA', 'MARTINEZ', 'MARIA CECILIA', '', '', '', '', '', 'JR. AREQUIPA N° 658', '', '', 'EL TAMBO', 'HUANCAYO', '', '', NULL, NULL, 'SI', '998974503', NULL, '', NULL, 'SI'),
(48, '42645968', 'MOLINA', 'SANCHOMA', 'ITALO RAUL', '', '', '', '', '', 'PSJ. SAN ANTONIO N° 181', '', '', 'HUANCAYO', 'HUANCAYO', '', '', NULL, NULL, 'SI', '967309797', NULL, '', NULL, 'SI'),
(49, '19838386', 'ZARABIA', 'CONDORI', 'LEONOR', '', '', '', '', '', 'PSJ. BRASIL N° 521', '', '', 'SAÑOS CHICO', 'HUANCAYO', '', '', NULL, NULL, 'SI', '937169980', NULL, '', NULL, 'SI'),
(50, '42735885', 'VELASQUEZ ', 'CAMPODONICO', 'JUANA JACKELINE', '', '', '', '', '', 'JR. JOSE OLAYA N° 925', '', '', 'HUANCAYO', 'HUANCAYO', '', '', NULL, NULL, 'SI', '946826537', NULL, '', NULL, 'SI'),
(51, '19991160', 'HUAMAN', 'GARAY', 'MARIO', '', '', '', '', '', 'JR. ANTONIO LOBATO N° 1043', '', '', 'EL TAMBO', 'HUANCAYO', '', '', NULL, NULL, 'SI', '914023283', NULL, '', NULL, 'SI'),
(52, '72478132', 'HUAMAN', 'VARGAS ', 'JHAMMEL ORLANDO', '', '', '', '', '', 'CALLE SANTA ROSA MZ Y LT 10 ', '', '', 'EL TAMBO', 'HUANCAYO', '', '', NULL, NULL, 'SI', '953574039', NULL, '', NULL, 'SI'),
(53, '19861956', 'ÑAÑEZ', 'CARO', 'JUAN ANTONIO', '', '', '', '', '', 'CALLE LAS QUEBRADAS N° 140', '', '', 'PIO PATA', 'HUANCAYO', '', '', NULL, NULL, 'SI', '964998654', 'BUENO', '', NULL, 'SI'),
(54, '80017198', 'POMA ', 'DE LA CRUZ ', 'HERMAN', '', '', '', '', '', 'AV. 12 DE OCTUBRE N° 402', '', '', 'CULLPA ALTA', 'HUANCAYO', '', '', NULL, NULL, 'SI', '926993108', NULL, '', NULL, 'SI'),
(55, '19990234', 'GORA', 'RIVERA', 'LIDA MARITZA', '', '', '', '', '', 'CALLE LAS ORQUIDEAS MZ B-2 LT 16', '', '', 'HUAMANCACA CHICO', 'HUANCAYO', '', '', NULL, NULL, 'SI', '948698054', NULL, '', NULL, 'SI'),
(56, '19914795', 'PARRA', 'RIVERA', 'LUIS ENRIQUE ', '', '', '', '', '', 'JR. BLANDA N° 125 - MILLOTINGO', '', '', 'EL TAMBO', 'HUANCAYO', '', '', NULL, NULL, 'SI', '916730788', 'BUENO', '', NULL, 'SI'),
(57, '23522393', 'PERALTA', 'CANALES', 'AGUSTIN', '', '', '', '', '', 'AV. LEONCIO PRADO N° 1179', '', '', 'CHILCA', 'HUANCAYO', '', '', NULL, NULL, 'SI', '064214127', NULL, '', NULL, 'SI'),
(58, '47923529', 'COLONIO', 'NUÑEZ', 'JHONY PAUL', '', '', '', '', '', 'JR. PANAMA N° 1048', '', '', 'EL TAMBO', 'HUANCAYO', '', '', NULL, NULL, 'SI', '922312579', NULL, '', NULL, 'SI'),
(59, '19818737', 'MARQUEZ', 'RODRIGUEZ', 'LUIS CARLOS', '', '', '', '', '', 'PSJ. SAN CARLOS N° 474', '', '', 'HUANCAYO', 'HUANCAYO', '', '', NULL, NULL, 'SI', '935070432', NULL, '', NULL, 'SI'),
(60, '46155602', 'CAMPO', 'CESPEDES', 'RAQUEL ESTELA', '', '', '', '', '', 'PSJ. COCHARCAS N° 12', '', '', 'EL TAMBO', 'HUANCAYO', '', '', NULL, NULL, 'SI', '923739175', NULL, '', NULL, 'SI'),
(61, '77130164', 'SANCHEZ', 'DE LA CRUZ ', 'CINTHYA CONSUELO', '', '', '', '', '', 'JR. PARRA DE RIEGO N°581', '', '', 'EL TAMBO', 'HUANCAYO', '', '', NULL, NULL, 'SI', '000000000', 'BUENO', '', NULL, 'SI'),
(62, '40792615', 'SANTOS', 'CRISTOBAL', 'SULEMA', '', '', '', '', '', 'JR. AMATISTA N° 160 - CIUDAD UNIVERSITARIA', '', '', 'EL TAMBO', 'HUANCAYO', '', '', NULL, NULL, 'SI', '957900973', NULL, '', NULL, 'SI'),
(63, '44196870', 'POMAYLLE', 'RIVERA', 'LUZ ROXANA', '', '', '', '', '', 'JR. LOS SAUCES N° S/N', '', '', 'SAN AGUSTIN', 'HUANCAYO', '', '', NULL, NULL, 'SI', '964998654', NULL, '', NULL, 'SI'),
(64, '48120308', 'BAQUERIZO', 'CALLUPE', 'LUIS KEVIN', '', '', '', '', '', 'CALLE LIBERTAD N° 535', '', '', 'HUANCAYO', 'HUANCAYO', '', '', NULL, NULL, 'SI', '963958011', NULL, '', NULL, 'SI'),
(65, '20020660', 'CORILLOCLLA ', 'PROSOPIO ', 'EULALIA JULIA', '', '', '', '', '', 'PROLONGACIÓN LIMA N° 2275', '', '', 'HUANCAYO', 'HUANCAYO', '', '', NULL, NULL, 'SI', '979606043', 'REGULAR', '', NULL, 'SI'),
(66, '19963613', 'PAREDES', 'VARGAS', 'YENDER JOSE', '', '', '', '', '', 'AV. SAN MARTIN N° 936', '', '', 'SAN AGUSTIN DE CAJAS', 'HUANCAYO', '', '', NULL, NULL, 'SI', '939254928', NULL, '', NULL, 'SI'),
(67, '20099052', 'MEDINA', 'YANCE', 'EMILIANA', '', '', '', '', '', 'JR. ANTONIO LOBATO N° 354', '', '', 'EL TAMBO', 'HUANCAYO', '', '', NULL, NULL, 'SI', '921018107', 'REGULAR', '', NULL, 'SI'),
(68, '48434295', 'LAUREL', 'CASTRO', 'JOSE COOPER', '', '', '', '', '', 'JR. HUANCAS N° 1521', '', '', 'HUANCAYO', 'HUANCAYO', '', '', NULL, NULL, 'SI', '934409741', NULL, '', NULL, 'SI'),
(69, '41675575', 'ACUÑA ', 'SOTO', 'JESSICA KARINA', '', '', '', '', '', 'JR. HUASCAR S/N ', '', '', 'HUAMANCACA CHICO', 'HUANCAYO', '', '', NULL, NULL, 'SI', '9473351211', NULL, '', NULL, 'SI'),
(70, '19986232', 'REYNOSO', 'LARA', 'ANSELMO', '', '', '', '', '', 'JR. JOSE OLAYA N° 173', '', '', 'HUANCAYO', 'HUANCAYO', '', '', NULL, NULL, 'SI', '925810884', NULL, '', NULL, 'SI'),
(71, '20021621', 'PALOMINO', 'SANTIAGO', 'AMELIA', '', '', '', '', '', 'AV. CENTENARIO N° 557', '', '', 'HUANCAYO', 'HUANCAYO', '', '', NULL, NULL, 'SI', '998050770', NULL, '', NULL, 'SI'),
(72, '62460985', 'RIOS', 'TAMARA', 'WENDY', '', '', '', '', '', 'PSJ. LOS JASMINES N° 352 SEC. 19', '', '', 'EL TAMBO', 'HUANCAYO', '', '', NULL, NULL, 'SI', '976513567', NULL, '', NULL, 'SI'),
(73, '20064407', 'HIDALGO', 'SEGURA', 'RONALD ALFREDO', '', '', '', '', '', 'JR. TACNA N° 630', '', '', 'EL TAMBO', 'HUANCAYO', '', '', NULL, NULL, 'SI', '000000000', NULL, '', NULL, 'SI'),
(74, '48192121', 'PALACIOS', 'GONZALES', 'ANGEL GABRIEL', '', '', '', '', '', 'JR. LIMA N° 681 SECTOR 17', '', '', 'HUANCAYO', 'HUANCAYO', '', '', NULL, NULL, 'SI', '957527635', NULL, '', NULL, 'SI'),
(75, '44411762', 'LAURA', 'CHANCAY', 'EDITH PILAR', '', '', '', '', '', 'AV. JULIO SUMAR N° 138', '', '', 'EL TAMBO', 'HUANCAYO', '', '', NULL, NULL, 'SI', '936567160', NULL, '', NULL, 'SI'),
(76, '41662049', 'ZAMUDIO', 'SANCHEZ', 'CARLOS ADMUNDO', '', '', '', '', '', 'JR. PATRIOTA N° 589', '', '', 'EL TAMBO', 'HUANCAYO', '', '', NULL, NULL, 'SI', '988664536', 'REGULAR', '', NULL, 'SI'),
(77, '71066313', 'YALICO', 'QUINTANA', 'KERLI YORDANA', '', '', '', '', '', 'AV. 26 DE JULIO N° 4156', '', '', 'EL TAMBO', 'HUANCAYO', '', '', NULL, NULL, 'SI', '934142364', NULL, '', NULL, 'SI'),
(78, '20011679', 'HURTADO', 'DE PUCHOC', 'ALEJANDRA SABINA', '', '', '', '', '', 'JR. LOS ROBLES N° 2130', '', '', 'SAÑOS CHICO', 'HUANCAYO', '', '', NULL, NULL, 'SI', '934142364', NULL, '', NULL, 'SI'),
(79, '45379197', 'QUINTANA', 'DE MARIN', 'ROSITA ELVIRA', '', '', '', '', '', 'AV. 26 DE JULIO N° 4156', '', '', 'EL TAMBO', 'HUANCAYO', '', '', NULL, NULL, 'SI', '934142364', NULL, '', NULL, 'SI'),
(80, '20590400', 'MARIN', 'DE QUINTANILLA', 'SILVIA BERTHA', '', '', '', '', '', 'AV. 26 DE JULIO N° 4156', '', '', 'EL TAMBO', 'HUANCAYO', '', '', NULL, NULL, 'SI', '000000000', NULL, '', NULL, 'SI'),
(81, '19858994', 'HUAYHUA', 'DE LA CRUZ', 'RAUL LUIS', '', '', '', '', '', 'JR. OSWALDO BARRENTO N° 10', '', '', 'EL TAMBO', 'HUANCAYO', '', '', NULL, NULL, 'SI', '967447282', NULL, '', NULL, 'SI'),
(82, '08146479', 'ROSALES', 'ROJAS', 'REYNALDA', '', '', '', '', '', 'JR. OSWALDO BARRENTO N° 1365', '', '', 'EL TAMBO', 'HUANCAYO', '', '', NULL, NULL, 'SI', '943701095', NULL, '', NULL, 'SI'),
(83, '47562825', 'MOLINA', 'BALVIN', 'ERLINDA', '', '', '', '', '', 'JR. OSWALDO BARRENTO N° 10', '', '', 'EL TAMBO', 'HUANCAYO', '', '', NULL, NULL, 'SI', '922513231', NULL, '', NULL, 'SI'),
(84, '46347763', 'RAMOS', 'SANTOS', 'AMAYRA VANESSA', '', '', '', '', '', 'JR. LIMA N° 681 SECTOR 17', '', '', 'HUANCAYO', 'HUANCAYO', '', '', NULL, NULL, 'SI', '924958669', NULL, '', NULL, 'SI'),
(85, '19931588', 'MANGO ', 'DE CONDOR', 'TEODORA', '', '', '', '', '', 'JR. JOSE OLAYA N° 458', '', '', 'EL TAMBO', 'HUANCAYO', '', '', NULL, NULL, 'SI', '978786097', 'REGULAR', '', NULL, 'SI'),
(86, '76234021', 'MARIN', 'ASTETE', 'JEAMPIERE FIDEL', '', '', '', '', '', 'AV. RAMON CASTILLA N° 797', '', '', 'CONCEPCION', 'CONCEPCION', '', '', NULL, NULL, 'SI', '916413228', NULL, '', NULL, 'SI'),
(87, '44418079', 'BARZOLA', 'BARRETO', 'JESUS RICARDO', '', '', '', '', '', 'JR. JORGE CHAVEZ BLOCK L SECTOR 19', '', '', 'EL TAMBO', 'HUANCAYO', '', '', NULL, NULL, 'SI', '986485322', NULL, '', NULL, 'SI'),
(88, '48216271', 'CARBAJAL', 'PALOMINO', 'GISSETT LEYDI', '', '', '', '', '', 'AV. HUANCAVELICA N° 740', '', '', 'EL TAMBO', 'HUANCAYO', '', '', NULL, NULL, 'SI', '949475807', NULL, '', NULL, 'SI'),
(89, '46711885', 'HUAYHUA', 'ESPINOZA', 'SILVER ALFONSO', '', '', '', '', '', 'AA. HH. JUAN PARRA DE RIEGO MZ E LT 5', '', '', 'EL TAMBO', 'HUANCAYO', '', '', NULL, NULL, 'SI', '969652957', NULL, '', NULL, 'SI'),
(90, '74141967', 'BARZOLA', 'LAURA', 'JASMIN GIOVANA', '', '', '', '', '', 'AV. JULIO SUMAR N° 138', '', '', 'EL TAMBO', 'HUANCAYO', '', '', NULL, NULL, 'SI', '000000000', NULL, '', NULL, 'SI'),
(91, '19821050', 'CARBAJAL', 'ARIAS', 'YONY HUGO', '', '', '', '', '', 'AV. INDEPENDENCIA N° 599', '', '', 'EL TAMBO', 'HUANCAYO', '', '', NULL, NULL, 'SI', '961871007', NULL, '', NULL, 'SI'),
(92, '44455902', 'VELASQUEZ ', 'CHUPAN', 'JOEL ANDRES', '', '', '', '', '', 'JR. PORVENIR N° 231', '', '', 'COCHAS CHICO', 'HUANCAYO', '', '', NULL, NULL, 'SI', '947324944', 'BUENO', '', NULL, 'SI'),
(93, '45768004', 'OTAIRO', 'PARRAGA', 'ABEL RICHARD', '', '', '', '', '', 'CARRETERA CENTRAL N° 912', '', '', 'SAN AGUSTIN DE CAJAS', 'HUANCAYO', '', '', NULL, NULL, 'SI', '943054435', NULL, '', NULL, 'SI'),
(94, '71921087', 'TAPARA', 'LLACUA', 'JHORDY FRANCHESCOLI', '', '', '', '', '', 'JR. REAL Y ARTERIAL ', '', '', 'CHILCA', 'HUANCAYO', '', '', NULL, NULL, 'SI', '956958327', NULL, '', NULL, 'SI'),
(95, '44263315', 'CALCINA', 'LOPEZ', 'AURELHIO JHONATTAN', '', '', '', '', '', 'AV. HUANCAVELICA N° 740', '', '', 'EL TAMBO', 'HUANCAYO', '', '', NULL, NULL, 'SI', '944848290', NULL, '', NULL, 'SI'),
(96, '20088381', 'CALDERON', 'PINZAS', 'ANA PATRICIA', '', '', '', '', '', 'PSJ. ATLANTIS N°170 SECTOR 9', '', '', 'HUANCAYO', 'HUANCAYO', '', '', NULL, NULL, 'SI', '974290950', NULL, '', NULL, 'SI'),
(97, '40245040', 'SALDAÑA', 'TAPIA', 'RAQUEL CEFORA', '', '', '', '', '', 'JR. ALAN GARCIA N° 240 SECTOR 04', '', '', 'EL TAMBO', 'HUANCAYO', '', '', NULL, NULL, 'SI', '975890229', NULL, '', NULL, 'SI'),
(98, '46398806', 'GOMEZ', 'ZANABRIA', 'MARICRUZ MEDALI', '', '', '', '', '', 'JR. ANTONIO LOBATO N° 1330 SECTOR 4', '', '', 'EL TAMBO', 'HUANCAYO', '', '', NULL, NULL, 'SI', '000000000', NULL, '', NULL, 'SI'),
(99, '41712234', 'SALAZAR ', 'GARAY', 'SILVIA LUZ', '', '', '', '', '', 'JR. HUAMACHUCO N° 770', '', '', 'PILCOMAYO', 'HUANCAYO', '', '', NULL, NULL, 'SI', '935552415', NULL, '', NULL, 'SI'),
(100, '19916611', 'LINDO', 'GALVAN', 'RUBEN WALTER', '', '', '', '', '', 'JR. 8 DE DICIEMBRE ', 'ANEXO HUAYAO', '', 'CHUPACA', 'HUANCAYO', '', '', NULL, NULL, 'SI', '999265226', NULL, '', NULL, 'SI'),
(101, '75970781', 'MESTANZA', 'VILCAPOMA', 'ROSARIO', '', '', '', '', '', 'AV. ALFHA N° 266', 'COOPERATIVA SANTA ISABEL', '', 'HUANCAYO', 'HUANCAYO', '', '', NULL, NULL, 'SI', '927225914', 'BUENO', '', NULL, 'SI'),
(102, '20046609', 'ALEJO', 'TAYPE', 'ELIZABET LEONOR', '', '', '', '', '', 'JR. ALISOS N° 345', '', '', 'HUANCAYO', 'HUANCAYO', '', '', NULL, NULL, 'SI', '917806799', 'BUENO', '', NULL, 'SI'),
(103, '47744555', 'FIOL', 'RIVAS', 'ABELARDO', '', '', '', '', '', 'JR. PARRA DE RIEGO N° 628', '', '', 'EL TAMBO', 'HUANCAYO', '', '', NULL, NULL, 'SI', '942873573', NULL, '', NULL, 'SI'),
(104, '19914814', 'COSME', 'RICSE', 'MARCELINO ANTONIO', '', '', '', '', '', 'PSJ. COSME N° 102', '', '', 'EL TAMBO', 'HUANCAYO', '', '', NULL, NULL, 'SI', '947441488', 'BUENO', '', NULL, 'SI'),
(105, '40010258', 'TARDIO', 'LOAYZA ', 'LUZMILA', '', '', '', '', '', 'PROLONGACIÓN PIURA N° 1331', '', '', 'HUANCAYO', 'HUANCAYO', '', '', NULL, NULL, 'SI', '978919381', NULL, '', NULL, 'SI'),
(106, '75191385', 'CALLO', 'ROJAS', 'ALICIA PILAR', '', '', '', '', '', 'JR. NEMESIO RAEZ N° 1050', '', '', 'EL TAMBO', 'HUANCAYO', '', '', NULL, NULL, 'SI', '923704147', NULL, '', NULL, 'SI'),
(107, '73047185', 'DAVID', 'CIERTO', 'LYAN KATHERINE', '', '', '', '', '', 'JR. ANTONIO LOBATO N° 244', '', '', 'EL TAMBO', 'HUANCAYO', '', '', NULL, NULL, 'SI', '935938391', NULL, '', NULL, 'SI'),
(108, '43017035', 'CONDOR', 'MADRID', 'FLOR DE MARIA', '', '', '', '', '', 'JR. JULIAN HUANAY N° 122', 'SECTOR 10', '', 'EL TAMBO', 'HUANCAYO', '', '', NULL, NULL, 'SI', '953933375', NULL, '', NULL, 'SI'),
(109, '73112442', 'MEDRANO', 'CORILLOCLLA', 'LESLY NAHOMI', '', '', '', '', '', 'PSJ. VISTA ALEGRE N° 131', '', '', 'HUANCAYO', 'HUANCAYO', '', '', NULL, NULL, 'SI', '000000000', NULL, '', NULL, 'SI'),
(110, '48134522', 'CHUQUILLANQUI ', 'SOTO', 'YEFERSON PAOLO', '', '', '', '', '', 'AV. PASEO LA BREÑA N° 519', '', '', 'HUANCAYO', 'HUANCAYO', '', '', NULL, NULL, 'SI', '924130314', NULL, '', NULL, 'SI'),
(111, '20102982', 'SOLANO', 'VELARDE', 'NANCY VILMA', '', '', '', '', '', 'JR. LA UNION N° 289', 'VILCACOTO', '', 'PALIAN', 'HUANCAYO', '', '', NULL, NULL, 'SI', '989799256', 'MALO', '', NULL, 'SI'),
(112, '46893928', 'HUAMANI', 'MOLINA', 'GUSTAVO ALEJANDRO', '', '', '', '', '', 'JR. JULIO LLANOS N° 364', '', '', 'EL TAMBO', 'HUANCAYO', '', '', NULL, NULL, 'SI', '929458781', NULL, '', NULL, 'SI'),
(113, '44297541', 'CHUCO', 'AGUIRRE', 'JOSE LUIS', '', '', '', '', '', 'CALLE CHAVIN N° 308', '3 ESQUINAS', '', 'EL TAMBO', 'HUANCAYO', '', '', NULL, NULL, 'SI', '938433474', NULL, '', NULL, 'SI'),
(114, '46831932', 'MANRIQUE', 'ORTIZ ', 'POOL VLADIMIR', '1994-11-08', '', '', '', '', 'JR. PARRA DE RIEGO N°581', '', '', 'HUANCAYO', 'HUANCAYO', '', '', NULL, NULL, 'SI', '976130738', NULL, '', NULL, 'SI'),
(115, '80002859', 'POMAHUALOI', 'VILCHEZ', 'MILO MILLER', '', '', '', '', '', 'AV. RAMON CASTILLA N° 152', 'ANEXO PACCHA', '', 'EL TAMBO', 'HUANCAYO', '', '', NULL, NULL, 'SI', '000000000', NULL, '', NULL, 'SI'),
(116, '43449337', 'CHUCO', 'AGUIRRE', 'MIGUEL ANGEL', '', '', '', '', '', 'CALLE CHAVIN N° 308', '', '', 'EL TAMBO', 'HUANCAYO', '', '', NULL, NULL, 'SI', '978280828', NULL, '', NULL, 'SI'),
(117, '20019795', 'VARGAS', 'DE LA CRUZ ', 'VLADIMIR LUIS', '', '', '', '', '', 'JR. JULIO C. TELLO N° 1022', '', '', 'EL TAMBO', 'HUANCAYO', '', '', NULL, NULL, 'SI', '917947567', NULL, '', NULL, 'SI'),
(118, '19847160', 'TINEO', 'VELITA', 'ANTONIO', '', '', '', '', '', 'JR. PARRA DE RIEGO N°581', '', '', 'EL TAMBO', 'HUANCAYO', '', '', NULL, NULL, 'SI', '936466421', 'MALO', '', NULL, 'SI'),
(119, '19943634', 'COCHACHI', 'SOLANO', 'ESTEBAN GERARDO', '', '', '', '', '', 'PSJ. ROJAS N° 182', '', '', 'CHILCA', 'HUANCAYO', '', '', NULL, NULL, 'SI', '984330704', 'MALO', '', NULL, 'SI'),
(120, '47576938', 'GONZALES ', 'PRADO ', 'ROSA', '', '', '', '', '', 'PSJ. LOS ANGELES N° 284', '', '', 'HUANCAYO', 'HUANCAYO', '', '', NULL, NULL, 'SI', '936034640', 'REGULAR', '', NULL, 'SI'),
(121, '74234731', 'DE LA CRUZ', 'CANTARO', 'JESSI', '', '', '', '', '', 'JR. LA HERRADURA ', 'PSJ. LOS NOGALES ', '', 'PILCOMAYO', 'HUANCAYO', '', '', NULL, NULL, 'SI', '922976656', 'BUENO', '', NULL, 'SI'),
(122, '47726338', 'JULCA', 'CENIZARIO', 'CINTHYA', '', '', '', '', '', 'AV. PROGRESO N° 826', '', '', 'EL TAMBO', 'HUANCAYO', '', '', NULL, NULL, 'SI', '000000000', 'MALO', '', NULL, 'SI'),
(123, '20011425', 'NAULA', 'LLANCO', 'GISELA', '', '', '', '', '', 'PSJ. EL SOL N° S/N ', '', '', 'EL TAMBO', 'HUANCAYO', '', '', NULL, NULL, 'SI', '969444504', 'BUENO', '', NULL, 'SI'),
(124, '42673599', 'GOMEZ ', 'SEDANO', 'JUAN CARLOS', '', '', '', '', '', 'PSJ. SANTA ROSA N° S/N', '', '', 'EL TAMBO', 'HUANCAYO', '', '', NULL, NULL, 'SI', '000000000', 'REGULAR', '', NULL, 'SI'),
(125, '40272188', 'TERREL', 'ROSALES', 'ISAIAS SEBASTIAN', '1978-02-06', '1', 'SUPERIOR', 'CONVIVIENTE', '', 'PSJ. LAS TURQUESAS N° 100', '', '', 'EL TAMBO', 'HUANCAYO', '15', '', NULL, NULL, 'SI', '983889756 - 921672614', 'BUENO', 'INDEPENDIENTE', 'TRANSPORTISTA', 'SI'),
(126, '19917677', 'HUAMANI', 'QUISPE', 'PEDRO JACINTO', '', '', 'SUPERIOR', 'CONVIVIENTE', 'HUANCAYO', 'JR. YAUYOS N° 259', 'PARQUE INDUSTRIAL - AV. HUANCAVELICA', '', 'EL TAMBO', 'HUANCAYO', '', '', NULL, NULL, 'SI', '983640521 - 954200216', 'BUENO', 'INDEPENDIENTE', 'taxista', 'SI'),
(127, '75047268', 'TERREROS ', 'CHAVEZ', 'ALVARO OMAR', '', '', '', '', '', 'CALLE REAL N° 378', '', '', 'EL TAMBO', 'HUANCAYO', '', '', NULL, NULL, 'SI', '922181903', 'BUENO', '', NULL, 'SI'),
(128, '43760865', 'NINALAYA ', 'CHUQUILLANQUI', 'RICHARD', '', '', '', '', '', 'PSJ. LAS MONTAÑAS N° 143', '', '', 'PIO PATA', 'HUANCAYO', '', '', NULL, NULL, 'SI', '939340139', NULL, '', NULL, 'SI'),
(129, '29400964', 'MORENO', 'GIRONDO', 'ROSA MARINA', '', '', '', '', '', 'JR. B. LEGUIA N°360 ', '', '', 'CHILCA', 'HUANCAYO', '', '', NULL, NULL, 'SI', '000000000', 'BUENO', '', NULL, 'SI'),
(130, '74627137', 'CAMASCA', 'HUAROC', 'CLAUDIA LISSETH', '', '', '', '', '', 'JR. ALEJANDRO O. DEUSTUA N° 411', '', '', 'EL TAMBO', 'HUANCAYO', '', '', NULL, NULL, 'SI', '977662803', NULL, '', NULL, 'SI'),
(131, '70771878', 'SANDOVAL', 'WONG', 'GILMER JOEL', '1996-07-14', '', 'SECUNDARIA', 'SOLTERO', 'HUANCAYO', 'JR. RICARDO MENENDEZ S/N', 'PSJ. C-5', 'FAMILIAR', 'EL TAMBO', 'HUANCAYO', '3', 'COBRADOR', NULL, NULL, 'SI', '921129432', NULL, '', NULL, 'SI'),
(132, '15427062', 'SACAYCO ', 'MELO', 'JULIO CESAR', '1971-12-18', '', 'UNIVERSITARIA', 'SOLTERO', 'HUANCAYO', 'CALLE LA AMISTAD N°329', 'JUSTICIA PAZ Y VIDA', 'FAMILIAR', 'EL TAMBO', 'HUANCAYO', '48', '', NULL, NULL, 'SI', '917471435', 'REGULAR', '', NULL, 'SI'),
(133, '44398011', 'FLORES ', 'TINCOPA', 'WILLIAM', '1987-02-19', '1', 'SUPERIOR', 'CONVIVIENTE', 'HUANCAYO', 'JR.JOSE MARIA ARGUEDAS MZJLT . 3', 'JUSTICIA PAZ Y VIDA', 'FAMILIAR', 'EL TAMBO', 'HUANCAYO', '31 AÑOS ', 'TRANSPORTISTA', NULL, NULL, 'SI', '961313801', NULL, '', NULL, 'SI'),
(134, '46447422', 'GOMEZ', 'MORENO ', 'CHRISTOPHER', '1990-04-13', '', 'SUPERIOR', 'SOLTERO', 'HUANCAYO', 'JR. CHICLAYO N343', '', 'FAMILIAR', 'TAMBO ', 'HUANCAYO ', '29', '', NULL, NULL, 'SI', '926986052', 'BUENO', '', NULL, 'SI'),
(135, '40489116', 'VIDALON ', 'EIZAGUIRRE', 'GINO JORGE ERNESTO', '1978-09-17', '1', 'SUPERIOR', 'SOLTERO', 'HUANCAYO', 'JR.AREQUIPA 746', 'COLEGIO DE CARTON ', 'FAMILIAR', 'CHILCA ', 'HUANCAYO', '20 AÑOS ', '', NULL, NULL, 'SI', '945806000', NULL, '', NULL, 'SI'),
(136, '80005737', 'ALVAREZ', 'HILARIO', 'DAVID ALI', '1976-04-02', '0', 'SECUNDARIA', 'SOLTERO', 'HUANCAYO', 'AH. NTA SRA DE COCHARCAS BLOCK M MZ 6', 'PIO PATA', 'FAMILIAR', 'EL TAMBO', 'HUANCAYO', '40 AÑOS', '', NULL, '5ddfe0dac125d.jpeg', 'NO', '943965706', NULL, '', NULL, 'SI'),
(137, '29400964', 'MORENO', 'GIRONDA', 'ROSA', '1965-11-12', '2', 'UNIVERSITARIA', 'CASADO', 'AREQUIPA', 'JR.AUGUSTO B . LEGUIA 630', 'MERCADO CHILCA', 'FAMILIAR', 'CHICLA', 'HUANCAYO', '30AÑOS', '', NULL, NULL, 'SI', '976728077', NULL, '', NULL, 'SI'),
(138, '43771995', 'BREÑA', 'ESPEJO', 'MARGOTH YOVANA', '1986-09-23', '3', 'SECUNDARIA', 'SOLTERO', 'HUANCAYO', 'JR. INCA RIPAC N° 1625', 'ASENTAMIENTO JUAN PARRA ', 'ALQUILADA', 'EL TAMBO', 'HUANCAYO', '30', '', NULL, '5de12f7fe3e93.jpeg', 'SI', '943941332', NULL, '', NULL, 'SI'),
(139, '41591874', 'LAZARO', 'FALCON ', 'MIGUEL HECTOR ', '1981-12-01', '', 'SUPERIOR', 'CONVIVIENTE', 'HUANCAYO', 'CA. LOS CLAVELES N. 151 AA.VV. BRISAS DEL TAM', 'PARADERO DE VIRGO ', 'FAMILIAR', 'TAMBO ', 'HUANCAYO', '5AÑOS', '', NULL, NULL, 'SI', '949479111', 'REGULAR', '', NULL, 'SI'),
(140, '20076463', 'ANGULO', 'CARDENAS', 'ERNESTO', '1974-02-22', '1', 'SUPERIOR', 'CASADO', 'HUANCAYO', 'PSJ SAENZ PEÑA 519', 'COLISEO WANKA', 'FAMILIAR', 'CHILCA', 'HUANCAYO', '20 AÑOS ', 'este cliente es deudor', NULL, NULL, 'SI', '954138105', 'BUENO', '', NULL, 'SI'),
(141, '19947288', 'palacios', 'alvarado', 'yony david ', '1966-03-26', '', 'SUPERIOR', 'SOLTERO', 'huancayo', 'chavez y real s/n', 'banco QAPQAP', 'PROPIA', 'EL TAMBO', 'HUANCAYO', '', '', NULL, NULL, 'SI', '947999036', 'BUENO', '', NULL, 'SI'),
(142, '19836636', 'sandoval ', 'povis ', 'gilmer factor', '1958-12-27', '1', 'SUPERIOR', 'CONVIVIENTE', 'huancayo', 'ricardo mendez lote c. manzana 5', '', 'PROPIA', 'TAMBO ', 'HUANCAYO', '20 AÑOS ', '', NULL, NULL, 'SI', '927774396', 'BUENO', '', NULL, 'SI'),
(143, '46198930', 'HOLGUIN', 'RIVAS', 'JOSE LUIS', '', '1', 'SECUNDARIA', 'SOLTERO', 'HUANCAYO', 'JR. PARRA DEL RIEGO N° 728', 'HUANCAVELICA', 'ALQUILADA', 'EL TAMBO', 'HUANCAYO', '10', '', NULL, NULL, 'NO', '945899979', NULL, '', NULL, 'SI'),
(144, '46551735', 'CRUZ ', 'ZUÑIGA', 'ANGEL RIDER ', '1985-02-13', '1', 'SUPERIOR', 'CONVIVIENTE', 'HUANCAYO', 'AV.JOSE MARIA ARGUEDAS 596', '', 'ALQUILADA', 'HUANCAYO', 'HUANCAYO', '15AÑOS', '', NULL, NULL, 'SI', '948634749', 'MALO', '', NULL, 'SI'),
(145, '71037256', 'RODRIGO ', 'YARANGA ', 'DEYSI ', '1992-07-27', '', 'SUPERIOR', 'CONVIVIENTE', 'HUANCAYO', 'CA.LOS CLAVELES N 151 BRISAS DEL MANTARO ', 'PARADERO DE VIRGO ', 'FAMILIAR', 'TAMBO ', 'HUANCAYO ', '26 AÑOS ', '', NULL, NULL, 'SI', '958045498', 'REGULAR', '', NULL, 'SI'),
(146, '44320818', 'LEYVA', 'CARDENAS ', 'CRISTIAN JESUS', '1984-01-24', '1', 'SUPERIOR', 'DIVORCIADO', 'HUANCAYO', 'AV. MAXIMO GORKI 525', 'JUSTICIA PAZ Y VIDA', 'ALQUILADA', 'EL TAMBO', 'HUANCAYO', '10 AÑOS ', '', NULL, NULL, 'SI', '931085563', 'BUENO', '', NULL, 'SI'),
(147, '20029620', 'HUAMANI ', 'SAIRE', 'JUSTO ROMAN', '1961-09-09', '1', 'DOCTORADO', 'CASADO', 'HUANCAYO', 'AV. LA MEJORADA ', '', 'PROPIA', 'EL TAMBO', 'HUANCAYO', '20', '', NULL, NULL, 'NO', '967656142', 'BUENO', '', NULL, 'SI'),
(148, '46497378', 'MARQUEZ', 'NESTARES', 'JESSICA YANINA', '', '', 'SUPERIOR', 'SOLTERO', 'HUANCAYO ', 'JR.SEBASTIAN LORENTE 558', 'MERCADO DEL TAMBO ', 'ALQUILADA', 'EL TAMBO', 'HUANCAYO', '10AÑOS', '', NULL, NULL, 'SI', '964400100', NULL, '', NULL, 'SI'),
(149, '74149327', 'ORIHUELA ', 'HUAYNALAYA', 'TOPSY GABY', '1993-05-26', '', 'SUPERIOR', 'SOLTERO', 'HUANCAYO', 'JR.ANTONIO LOBATO 951', '', 'ALQUILADA', 'EL TAMBO', 'HUANCAYO', '', '', NULL, NULL, 'SI', '999332398', NULL, '', NULL, 'SI'),
(150, '42036675', 'LAZARO', 'FALCON', 'BENITA CONSUELO', '1983-07-10', '', '', 'DIVORCIADO', 'HUANCAYO', 'AV. 1 DE MAYO 851', 'JUSTICIA PAZ Y VIDA', 'ALQUILADA', 'EL TAMBO', 'HUANCAYO', '', '', NULL, NULL, 'SI', '928311573', 'REGULAR', '', NULL, 'SI'),
(151, '44392856', 'CORAHUA', 'RASHUAMAN', 'EVER ROMAN', '1986-01-01', '1', 'SUPERIOR', 'CONVIVIENTE', 'HUANCAYO', 'jr.bruno terreros 1509', 'PARADERO DE VIRGO ', 'FAMILIAR', 'EL TAMBO', 'HUANCAYO', '', '', NULL, NULL, 'SI', '952812847', NULL, '', NULL, 'SI'),
(152, '20644224', 'VELAZCO', 'BRAVO', 'ALEJANDRO ULISES', '1958-12-05', '0', 'SUPERIOR', 'SOLTERO', 'JAUJA', 'AV. HEROES DE LA BREÑA', 'JAUJA', 'FAMILIAR', 'JAUJA', 'JAUJA', '10', '', NULL, NULL, 'NO', '954034976', 'BUENO', '', NULL, 'SI'),
(153, '29400964', 'MORENO', 'GIRONDA', 'ROSA MARINA', '1965-11-12', '2', 'SUPERIOR', 'CASADO', 'AREQUIPA', 'AV.AUGUSTO B.LEGUIA 630 CHILCA', 'MERCADO CHILCA', 'PROPIA', 'CHILCA', 'HUANCAYO', '', '', NULL, NULL, 'SI', '976728077', NULL, '', NULL, 'SI'),
(154, '19847160', 'ANTONIO ', 'TINEO', 'VELITA', '1962-06-20', '', 'SUPERIOR', 'CONVIVIENTE', 'HUANCAYO', 'SAN CARLOS 1200', 'UNIVERSIDAD CONTINENTAL', 'PROPIA', 'HUANCAYO', 'HUANCAYO', '', '', NULL, NULL, 'SI', '936466421', NULL, '', NULL, 'SI'),
(155, '44931763', 'PEREZ', 'PADILLA', 'LOIDA EUNICE', '2019-07-14', '1', 'SECUNDARIA', 'SOLTERO', 'HUANCAYO', 'JR. 28 DE JULIO', 'POR EL CUARTEL DE CHILCA ', 'PROPIA', 'EL CHILCA ', 'HUANCAYO', '10 AÑOS ', '', NULL, '5dfe2cabbef6f.jpeg', 'SI', '940650654', 'MALO', '', NULL, 'SI'),
(156, '76760315', 'ESPINOZA', 'RAMON', 'FIORELLA LUZ', '1987-10-14', '', 'SECUNDARIA', 'SOLTERO', 'HUANCAYO', 'JR. AMATISTA N°183', 'COVICA', 'ALQUILADA', 'EL TAMBO', 'HUANCAYO', '5AÑOS', '', NULL, NULL, 'SI', '930313910', 'BUENO', '', NULL, 'SI'),
(157, '47645795', 'CCENTE', 'GOMEZ', 'LIZ', '1989-03-01', '2', 'SUPERIOR', 'CASADO', 'HUANCAYO', 'JR. AREQUIPA N° 499', '', 'ALQUILADA', 'EL TAMBO', 'HUANCAYO', '', '', NULL, NULL, 'SI', '956681996', NULL, '', NULL, 'SI'),
(158, '47174763', 'HINOSTROZA ', 'RODRIGEZ', 'ELIANA ', '1992-01-12', '', '', '', '', 'AV.MARISCAL CASTILLA 1851', '', 'PROPIA', 'EL TAMBO', 'HUANCAYO', '', '', NULL, NULL, 'SI', '933341599', 'REGULAR', '', NULL, 'SI'),
(159, '19991665', 'GALARZA', 'GUTIERREZ', 'CELINA TEODORA', '1968-04-02', '0', 'SECUNDARIA', 'SOLTERO', 'HUANCAYO', 'AV. CALMELL DEL SOLAR N° 1950', 'UPLA CHORRILLOS', 'FAMILIAR', 'HUANCAYO', 'HUANCAYO', '10 AÑOS ', '', NULL, NULL, 'SI', '910888920', 'REGULAR', '', NULL, 'SI'),
(160, '20115680', 'LOARDO', 'NUÑEZ', 'ORLANDO ALEX', '1978-02-15', '1', 'UNIVERSITARIA', 'CASADO', 'HUANCAYO', 'CALLE ALATA S/N BARRIO CAJAS', '', 'PROPIA', 'HUANCAN', 'HUANCAYO', '', '', NULL, NULL, 'SI', '999993593', NULL, '', NULL, 'SI'),
(161, '77269413', 'GOMEZ ', 'MORENO', 'KEVIN STEVE', '1995-12-02', '', 'TECNICA', 'SOLTERO', 'HUANCAYO ', 'JR. AUGUSTO B LEGUIA 630 CHILCA', 'MERCADO CHILCA ', 'FAMILIAR', 'CHILCA', 'HUANCAYO', '', '', NULL, NULL, 'SI', '914894331', 'BUENO', '', NULL, 'SI'),
(162, '19807047', 'FERNANDEZ', 'ORE', 'ARMANDO RAUL', '1956-12-08', '', 'SUPERIOR', 'CONVIVIENTE', 'HUANCAYO', 'JR. AUGUSTO B.LEGUIA', 'MERCADO CHILCA', 'ALQUILADA', 'CHILCA', 'HUANCAYO', '', '', NULL, NULL, 'SI', '966018812', 'BUENO', '', NULL, 'SI'),
(163, '47945216', 'CASQUI ', 'PAUCAR', 'HERVEST DAVID', '1987-12-27', '', 'SUPERIOR', 'CONVIVIENTE', '', 'JOSE MARTI 1163', 'PARADERO DE VIRGO ', 'ALQUILADA', 'EL TAMBO', 'HUANCAYO', '', '', NULL, NULL, 'SI', '952175894', 'BUENO', '', NULL, 'SI'),
(164, '20036036', 'WOMG', 'GONZALES ', 'ELIZABETH MARLENE', '1971-06-26', '1', 'SUPERIOR', 'CONVIVIENTE', '', 'JR.RICARDO MENENDEZ PSJ C-5 TAMBO', '', 'FAMILIAR', 'EL TAMBO', 'HUANCAYO', '', '', NULL, NULL, 'SI', '916718521', 'BUENO', '', NULL, 'SI'),
(165, '43760865', 'NINALAYA ', 'CHUQUILLANQUI', 'RICHARD', '', '1', 'SUPERIOR', 'SOLTERO', '', 'PSJE. LAS MONTAÑAS N°143', '', '', 'PIO PATA', 'HUANCAYO', '20 AÑOS ', '', NULL, NULL, 'SI', '939340139', NULL, '', NULL, 'SI'),
(166, '62615696', 'POMATAY ', 'RISCO', 'BEISBETH CARMEN ', '1986-12-10', '1', 'SUPERIOR', 'SOLTERO', 'HUANCAYO', 'JR. ALISOS NRO 320', 'LA RIVERA', 'FAMILIAR', 'HUANCAYO', 'HUANCAYO', '5AÑOS', '', NULL, NULL, 'SI', '917806799', 'BUENO', '', NULL, 'SI'),
(167, '20108404', 'ALVARADO', 'SOTO', 'DIANA ANGELICA ', '1977-07-13', '1', 'SUPERIOR', 'CONVIVIENTE', 'HUANCAYO', 'SANTA ISABEL 1110 TAMBO', 'MERCADO DEL TAMBO ', 'ALQUILADA', 'TAMBO', 'HUANCAYO', '', '', NULL, NULL, 'SI', '964464689', 'BUENO', '', NULL, 'SI'),
(168, '48059307', 'CASTRO', 'CORONEL', 'LUIS', '1991-10-30', '0', 'SUPERIOR', 'SOLTERO', 'CHANCHAMAYO', 'JR. CIRO ALEGRIA N° 347', 'JPV', 'ALQUILADA', 'EL TAMBO', 'HUANCAYO', '3', '', NULL, NULL, 'NO', '959820836', 'BUENO', '', NULL, 'SI'),
(169, '80632925', 'NOGALES', 'SOLIS', 'JUAN ALBERTO', '1979-12-10', '2', 'SUPERIOR', 'CASADO', 'HUANCAYO ', 'JR. PIURA NUEVA 175', 'A MEDIA CUADRA DE FERROCARRIL Y PIURA', 'ALQUILADA', 'HUANCAYO', 'HUANCAYO', '2 AÑOS', '', NULL, NULL, 'SI', '921377102', 'BUENO', '', NULL, 'SI'),
(170, '73175838', 'MISARI ', 'ARANDA', 'ESTEFANY ARACELY', '1996-01-20', '1', 'SECUNDARIA', 'SOLTERO', 'HUANCAYO', 'JR. MONTECARLO 180 ', 'CERRITO DE LA LIBERTAD', 'FAMILIAR', 'HUANCAYO', 'HUANCAYO', '20 AÑOS ', '', NULL, NULL, 'SI', '923719173', 'MALO', '', NULL, 'SI'),
(171, '42066209', 'MAYTA', 'LIZARRAGA', 'YNGRID KIMBERLY', '1983-11-05', '', 'SUPERIOR', 'SOLTERO', 'EL TAMBO', 'PSJE. 8 DE NOVIEMBRE N°120', 'MEDIA CUADRA DE UNCP', 'FAMILIAR', 'EL TAMBO', 'HUANCAYO', '3', '', NULL, NULL, 'NO', '964711668', 'BUENO', '', NULL, 'SI'),
(172, '18063494', 'RUIZ', 'HUIMAN', 'SANDRA REGINA', '1968-12-31', '1', 'TITULO', 'SOLTERO', 'HUANCAYO', 'AV. PROGRESO N° 816', 'COLEGIO PIO XX', 'ALQUILADA', 'EL TAMBO', 'HUANCAYO', '2 AÑOS', '', NULL, NULL, 'SI', '964928797', 'BUENO', '', NULL, 'SI'),
(173, '19886015', 'GOMEZ', 'ACUÑA ', 'NEMESIO', '1958-05-17', '2', 'SUPERIOR', 'CASADO', 'HUANCAYO', 'JR.AUGUSTO B . LEGUIA 630', 'MERCADO CHILCA', 'PROPIA', 'CHILCA', 'HUANCAYO', '', '', NULL, NULL, 'SI', '964902202', 'BUENO', '', NULL, 'SI'),
(174, '20081139', 'RAMOS', 'JOAQUIN', 'RONALDO', '1975-09-02', '2', 'UNIVERSITARIA', 'SOLTERO', 'HUANCAYO', 'JR. ANTONIO LOBATO NRO. 599', 'ENTRE AREQUIPA Y REAL', 'ALQUILADA', 'EL TAMBO', 'HUANCAYO', '2 AÑOS', '', NULL, NULL, 'NO', '964635110', 'BUENO', '', NULL, 'SI'),
(175, '75141545', 'MONTES', 'CARHUARICRA', 'FIORELLA', '2001-01-01', '', 'SUPERIOR', 'SOLTERO', 'HUANCAYO', 'JR.MANCHEGO MUÑOZ 449', '', 'ALQUILADA', 'EL TAMBO', 'HUANCAYO', '', '', NULL, NULL, 'SI', '924692843', 'BUENO', 'EMPLEADO', 'PELUQUERIA CANINA', 'SI'),
(176, '47165012', 'ANTOIO', 'VILLARRUEL', 'NISSA NISBETH', '1990-12-15', '1', 'SECUNDARIA', 'SOLTERO', 'HUANCAYO', 'CAL. LOS CIPRECES N° 232', 'PARQUE INDUSTRIAL', 'FAMILIAR', 'EL TAMBO', 'HUANCAYO', '10 AÑOS ', '', NULL, NULL, 'SI', '945945003', 'BUENO', 'EMPLEADO', 'TIENDA DE ABARROTES', 'SI'),
(177, '20001903', 'LOPEZ ', 'RIVEROS', 'OLGA LUZ', '1986-11-17', '', 'SUPERIOR', 'CONVIVIENTE', 'HUANCAYO', 'JR. AUGUSTO B. LEGUIA', 'MERCADO CHILCA', 'ALQUILADA', 'CHILCA', 'HUANCAYO', '', '', NULL, NULL, 'SI', '937591816 - 915663679', 'BUENO', 'INDEPENDIENTE', 'LLAVERO', 'SI'),
(178, '20115680', 'LOARDO ', 'NUÑEZ', 'DANTE TONY', '1978-02-15', '1', 'UNIVERSITARIA', 'CASADO', 'HUANCAYO', 'JR AREQUIPA 496', 'MERCADO DEL TAMBO ', 'FAMILIAR', 'EL TAMBO', 'HUANCAYO', '31 AÑOS ', 'NINGUNO', NULL, NULL, 'SI', '999993593', NULL, 'EMPLEADO', 'BARRENDERO', 'SI');

-- --------------------------------------------------------

--
-- Estructura de tabla para la tabla `consumo`
--

CREATE TABLE `consumo` (
  `idconsumo` int(11) NOT NULL,
  `dedicacion` varchar(45) COLLATE utf8_spanish_ci NOT NULL,
  `tiempo` varchar(45) COLLATE utf8_spanish_ci NOT NULL,
  `ingreso` varchar(45) COLLATE utf8_spanish_ci NOT NULL,
  `lugar_trabajo` varchar(45) COLLATE utf8_spanish_ci NOT NULL,
  `profesion` varchar(45) COLLATE utf8_spanish_ci NOT NULL,
  `clientes_idcliente` int(11) NOT NULL
) ENGINE=InnoDB DEFAULT CHARSET=utf8 COLLATE=utf8_spanish_ci;

-- --------------------------------------------------------

--
-- Estructura de tabla para la tabla `conyugue`
--

CREATE TABLE `conyugue` (
  `idconyugue` int(11) NOT NULL,
  `apellido_pat` varchar(45) COLLATE utf8_spanish_ci NOT NULL,
  `apellido_mat` varchar(45) COLLATE utf8_spanish_ci NOT NULL,
  `nombre` varchar(45) COLLATE utf8_spanish_ci NOT NULL,
  `dni` varchar(45) COLLATE utf8_spanish_ci NOT NULL,
  `sexo` varchar(45) COLLATE utf8_spanish_ci NOT NULL,
  `nacimiento` varchar(45) COLLATE utf8_spanish_ci DEFAULT NULL,
  `direccion` varchar(45) COLLATE utf8_spanish_ci NOT NULL,
  `referencia` varchar(85) COLLATE utf8_spanish_ci DEFAULT NULL,
  `ocupacion` varchar(45) COLLATE utf8_spanish_ci NOT NULL,
  `dir_trabajo` varchar(45) COLLATE utf8_spanish_ci NOT NULL,
  `parentesco` varchar(25) COLLATE utf8_spanish_ci NOT NULL,
  `tipo` varchar(25) COLLATE utf8_spanish_ci NOT NULL,
  `habilitado` varchar(10) COLLATE utf8_spanish_ci NOT NULL,
  `clientes_idcliente` int(11) NOT NULL
) ENGINE=InnoDB DEFAULT CHARSET=utf8 COLLATE=utf8_spanish_ci;

--
-- Volcado de datos para la tabla `conyugue`
--

INSERT INTO `conyugue` (`idconyugue`, `apellido_pat`, `apellido_mat`, `nombre`, `dni`, `sexo`, `nacimiento`, `direccion`, `referencia`, `ocupacion`, `dir_trabajo`, `parentesco`, `tipo`, `habilitado`, `clientes_idcliente`) VALUES
(1, 'SALAZAR', 'ROJAS', 'GEORGE JAME', '70231170', 'M', '1993-09-13', 'JR. RICARDO MENENDEZ', NULL, 'CONDUCTOR', 'RUTA VIRGO', 'CONOCIDO', 'CONYUGUE', 'SI', 131),
(3, 'LAZARO ', 'FALCON ', 'BENITA CONSUELO', '42036675', 'F', '1982-07-10', 'AV. 1 DE MAYO N° 851 AA HH 44', NULL, 'COMERCIANTE', 'JUSTICIA PAZ Y VIDA - CANCHON', 'ESPOSO', 'CONYUGUE', 'SI', 146);

-- --------------------------------------------------------

--
-- Estructura de tabla para la tabla `creditos`
--

CREATE TABLE `creditos` (
  `idcredito` int(11) NOT NULL,
  `nro_credito` varchar(45) COLLATE utf8_spanish_ci DEFAULT NULL,
  `monto_prop` varchar(45) COLLATE utf8_spanish_ci NOT NULL,
  `monto_aprob` varchar(45) COLLATE utf8_spanish_ci DEFAULT NULL,
  `n_cuotas` varchar(45) COLLATE utf8_spanish_ci NOT NULL,
  `n_cuotas_aprob` varchar(45) COLLATE utf8_spanish_ci DEFAULT NULL,
  `interes` varchar(45) COLLATE utf8_spanish_ci NOT NULL,
  `interes_aprob` varchar(45) COLLATE utf8_spanish_ci DEFAULT NULL,
  `frecuencia` varchar(45) COLLATE utf8_spanish_ci NOT NULL,
  `fecha_inicio` date NOT NULL,
  `m_cuotas` varchar(45) COLLATE utf8_spanish_ci NOT NULL,
  `m_cuotas_aprob` varchar(45) COLLATE utf8_spanish_ci DEFAULT NULL,
  `m_interes` varchar(45) COLLATE utf8_spanish_ci NOT NULL,
  `m_interes_aprob` varchar(45) COLLATE utf8_spanish_ci DEFAULT NULL,
  `m_total` varchar(45) COLLATE utf8_spanish_ci NOT NULL,
  `m_total_aprob` varchar(45) COLLATE utf8_spanish_ci DEFAULT NULL,
  `fecha_reg` datetime NOT NULL,
  `estado` varchar(20) COLLATE utf8_spanish_ci NOT NULL,
  `clientes_idcliente` int(11) NOT NULL,
  `conyugue_id` varchar(45) COLLATE utf8_spanish_ci DEFAULT NULL,
  `aval_id` varchar(45) COLLATE utf8_spanish_ci DEFAULT NULL
) ENGINE=InnoDB DEFAULT CHARSET=utf8 COLLATE=utf8_spanish_ci;

--
-- Volcado de datos para la tabla `creditos`
--

INSERT INTO `creditos` (`idcredito`, `nro_credito`, `monto_prop`, `monto_aprob`, `n_cuotas`, `n_cuotas_aprob`, `interes`, `interes_aprob`, `frecuencia`, `fecha_inicio`, `m_cuotas`, `m_cuotas_aprob`, `m_interes`, `m_interes_aprob`, `m_total`, `m_total_aprob`, `fecha_reg`, `estado`, `clientes_idcliente`, `conyugue_id`, `aval_id`) VALUES
(30, NULL, '700', '700', '25', '25', '10', '10', 'DIARIO', '2019-12-21', '30.8', '30.8', '70', '70', '770', '770', '2019-12-19 12:51:36', 'DESEMBOLSADO', 67, '', ''),
(31, NULL, '500', '500', '25', '25', '10', '10', 'DIARIO', '2019-12-20', '22', '22', '50', '50', '550', '550', '2019-12-19 18:24:50', 'DESEMBOLSADO', 129, '', ''),
(33, NULL, '137.5', '137.5', '1', '1', '10', '10', 'MENSUAL', '2020-01-06', '151.3', '151.3', '13.8', '13.8', '151.3', '151.3', '2019-12-19 18:31:17', 'DESEMBOLSADO', 111, '', ''),
(34, NULL, '1000', '1000', '8', '8', '20', '20', 'SEMANAL', '2019-12-27', '150', '150', '200', '200', '1200', '1200', '2019-12-19 18:33:08', 'DESEMBOLSADO', 118, '', ''),
(35, NULL, '300', NULL, '25', NULL, '10', NULL, 'DIARIO', '2019-12-24', '13.2', NULL, '30', NULL, '330', NULL, '2019-12-20 17:27:38', 'REGISTRADO', 131, '', ''),
(36, NULL, '500', '500', '25', '25', '10', '10', 'DIARIO', '2019-12-23', '22', '22', '50', '50', '550', '550', '2019-12-21 09:37:28', 'DESEMBOLSADO', 156, '', ''),
(37, NULL, '500', '500', '25', '25', '10', '10', 'DIARIO', '2019-12-24', '22', '22', '50', '50', '550', '550', '2019-12-23 09:06:39', 'DESEMBOLSADO', 155, '', ''),
(38, NULL, '300', '300', '25', '25', '10', '10', 'DIARIO', '2019-12-24', '13.2', '13.2', '30', '30', '330', '330', '2019-12-23 09:15:36', 'DESEMBOLSADO', 139, '', ''),
(39, NULL, '700', '700', '4', '4', '10', '10', 'SEMANAL', '2019-12-30', '192.5', '192.5', '70', '70', '770', '770', '2019-12-23 14:20:57', 'DESEMBOLSADO', 122, '', ''),
(40, NULL, '400', '400', '4', '4', '5', '5', 'SEMANAL', '2020-01-02', '105', '105', '20', '20', '420', '420', '2019-12-23 18:43:27', 'DESEMBOLSADO', 22, '', ''),
(41, NULL, '260', '260', '25', '25', '10', '10', 'DIARIO', '2019-12-26', '11.5', '11.5', '26', '26', '286', '286', '2019-12-23 18:44:00', 'DESEMBOLSADO', 124, '', ''),
(42, NULL, '600', '600', '1', '1', '5', '5', 'MENSUAL', '2020-01-24', '630', '630', '30', '30', '630', '630', '2019-12-24 13:15:32', 'DESEMBOLSADO', 158, '', ''),
(43, NULL, '500', '500', '25', '25', '10', '10', 'DIARIO', '2019-12-28', '22', '22', '50', '50', '550', '550', '2019-12-27 15:25:00', 'DESEMBOLSADO', 159, '', ''),
(44, NULL, '500', '500', '25', '25', '5', '5', 'DIARIO', '2019-12-30', '21', '21', '25', '25', '525', '525', '2019-12-27 19:20:12', 'DESEMBOLSADO', 10, '', ''),
(45, NULL, '300', '300', '25', '25', '10', '10', 'DIARIO', '2019-12-31', '13.2', '13.2', '30', '30', '330', '330', '2019-12-30 09:06:18', 'DESEMBOLSADO', 134, '', ''),
(47, NULL, '500', '500', '4', '4', '10', '10', 'SEMANAL', '2020-01-06', '137.5', '137.5', '50', '50', '550', '550', '2019-12-30 10:22:33', 'DESEMBOLSADO', 65, '', ''),
(48, NULL, '500', '500', '4', '4', '5', '5', 'SEMANAL', '2020-12-06', '131.3', '131.3', '25', '25', '525', '525', '2019-12-30 18:57:42', 'DESEMBOLSADO', 161, '', ''),
(49, NULL, '600', '600', '4', '4', '10', '10', 'SEMANAL', '2020-01-07', '165', '165', '60', '60', '660', '660', '2019-12-31 09:02:52', 'DESEMBOLSADO', 120, '', ''),
(50, NULL, '300', '300', '25', '25', '10', '10', 'DIARIO', '2020-01-02', '13.2', '13.2', '30', '30', '330', '330', '2019-12-31 09:28:08', 'DESEMBOLSADO', 162, '', ''),
(51, NULL, '400', '400', '25', '25', '10', '10', 'DIARIO', '2019-01-03', '17.6', '17.6', '40', '40', '440', '440', '2020-01-02 19:05:30', 'DESEMBOLSADO', 144, '', ''),
(52, NULL, '300', '300', '25', '25', '10', '10', 'DIARIO', '2020-01-04', '13.2', '13.2', '30', '30', '330', '330', '2020-01-02 19:08:22', 'DESEMBOLSADO', 163, '', ''),
(55, NULL, '300', '300', '25', '25', '10', '10', 'DIARIO', '2020-01-07', '13.2', '13.2', '30', '30', '330', '330', '2020-01-04 13:27:12', 'DESEMBOLSADO', 140, '', ''),
(57, NULL, '100', '100', '11', '11', '10', '10', 'DIARIO', '2020-01-07', '10', '10', '10', '10', '110', '110', '2020-01-06 10:39:48', 'DESEMBOLSADO', 119, '', ''),
(58, NULL, '800', '800', '25', '25', '5', '5', 'DIARIO', '2020-01-07', '33.6', '33.6', '40', '40', '840', '840', '2020-01-06 16:14:05', 'DESEMBOLSADO', 61, '', ''),
(59, NULL, '300', '300', '25', '25', '10', '10', 'DIARIO', '2020-01-08', '13.2', '13.2', '30', '30', '330', '330', '2020-01-07 09:29:32', 'DESEMBOLSADO', 164, '', ''),
(60, NULL, '500', '500', '25', '25', '10', '10', 'DIARIO', '2020-01-08', '22', '22', '50', '50', '550', '550', '2020-01-07 10:05:41', 'DESEMBOLSADO', 85, '', ''),
(61, NULL, '700', '700', '4', '4', '10', '10', 'SEMANAL', '2020-01-15', '192.5', '192.5', '70', '70', '770', '770', '2020-01-08 09:19:35', 'DESEMBOLSADO', 150, '', ''),
(62, NULL, '300', '300', '25', '25', '10', '10', 'DIARIO', '2020-01-09', '13.2', '13.2', '30', '30', '330', '330', '2020-01-08 09:56:58', 'DESEMBOLSADO', 142, '', ''),
(65, NULL, '300', '300', '25', '25', '10', '10', 'DIARIO', '2020-01-09', '13.2', '13.2', '30', '30', '330', '330', '2020-01-08 12:39:24', 'DESEMBOLSADO', 166, '', ''),
(66, NULL, '500', '500', '25', '25', '10', '10', 'DIARIO', '2020-01-10', '22', '22', '50', '50', '550', '550', '2020-01-08 18:34:20', 'DESEMBOLSADO', 146, '', ''),
(67, NULL, '600', '600', '25', '25', '10', '10', 'DIARIO', '2020-01-11', '26.4', '26.4', '60', '60', '660', '660', '2020-01-09 09:20:05', 'DESEMBOLSADO', 127, '', ''),
(68, NULL, '300', '300', '25', '25', '10', '10', 'DIARIO', '2020-01-10', '13.2', '13.2', '30', '30', '330', '330', '2020-01-09 10:19:36', 'DESEMBOLSADO', 38, '', ''),
(69, NULL, '400', '400', '25', '25', '10', '10', 'DIARIO', '2020-01-10', '17.6', '17.6', '40', '40', '440', '440', '2020-01-09 18:57:05', 'DESEMBOLSADO', 76, '', ''),
(70, NULL, '500', '500', '25', '25', '10', '10', 'DIARIO', '2020-01-11', '22', '22', '50', '50', '550', '550', '2020-01-10 09:26:42', 'DESEMBOLSADO', 167, '', ''),
(71, NULL, '600', '600', '4', '4', '10', '10', 'SEMANAL', '2020-01-17', '165', '165', '60', '60', '660', '660', '2020-01-10 17:42:44', 'DESEMBOLSADO', 104, '', ''),
(72, NULL, '300', '300', '25', '25', '10', '10', 'DIARIO', '2020-01-11', '13.2', '13.2', '30', '30', '330', '330', '2020-01-10 18:37:22', 'DESEMBOLSADO', 28, '', ''),
(73, NULL, '700', '700', '25', '25', '10', '10', 'DIARIO', '2020-01-13', '30.8', '30.8', '70', '70', '770', '770', '2020-01-11 09:11:51', 'DESEMBOLSADO', 129, '', ''),
(74, '', '300', '300', '25', '25', '10', '10', 'DIARIO', '2020-01-14', '13.2', '13.2', '30', '30', '330', '330', '2020-01-13 10:21:35', 'REGISTRADO', 145, '', ''),
(75, NULL, '300', '300', '25', '25', '10', '10', 'DIARIO', '2020-01-14', '13.2', '13.2', '30', '30', '330', '330', '2020-01-13 15:30:42', 'DESEMBOLSADO', 168, '', ''),
(76, NULL, '400', '400', '25', '25', '10', '10', 'DIARIO', '2020-01-15', '17.6', '17.6', '40', '40', '440', '440', '2020-01-14 09:01:17', 'DESEMBOLSADO', 141, '', ''),
(77, NULL, '300', '300', '25', '25', '10', '10', 'DIARIO', '2020-01-15', '13.2', '13.2', '30', '30', '330', '330', '2020-01-14 09:02:12', 'DESEMBOLSADO', 145, '', ''),
(78, '', '500', '500', '25', '25', '10', '10', 'DIARIO', '2020-01-15', '22', '22', '50', '50', '550', '550', '2020-01-14 09:04:58', 'REGISTRADO', 15, '', ''),
(79, '', '300', '300', '25', '25', '10', '10', 'DIARIO', '2020-01-15', '13.2', '13.2', '30', '30', '330', '330', '2020-01-14 09:31:36', 'REGISTRADO', 169, '', ''),
(80, NULL, '300', '300', '25', '25', '10', '10', 'DIARIO', '0000-00-00', '13.2', '13.2', '30', '30', '330', '330', '2020-01-14 09:55:55', 'DESEMBOLSADO', 170, '', ''),
(81, NULL, '700', '700', '4', '4', '10', '10', 'SEMANAL', '2020-01-29', '192.5', '192.5', '70', '70', '770', '770', '2020-01-15 08:57:34', 'DESEMBOLSADO', 120, '', ''),
(82, NULL, '800', '800', '50', '50', '20', '20', 'DIARIO', '2020-01-16', '19.2', '19.2', '160', '160', '960', '960', '2020-01-15 09:00:45', 'DESEMBOLSADO', 122, '', ''),
(84, NULL, '600', '600', '4', '4', '10', '10', 'SEMANAL', '2020-01-23', '165', '165', '60', '60', '660', '660', '2020-01-16 09:03:02', 'DESEMBOLSADO', 56, '', ''),
(85, NULL, '300', '300', '25', '25', '10', '10', 'DIARIO', '2020-01-17', '13.2', '13.2', '30', '30', '330', '330', '2020-01-16 09:44:17', 'DESEMBOLSADO', 171, '', ''),
(86, NULL, '500', '500', '25', '25', '10', '10', 'DIARIO', '2020-01-18', '22', '22', '50', '50', '550', '550', '2020-01-17 09:25:27', 'DESEMBOLSADO', 139, '', ''),
(87, NULL, '500', '500', '25', '25', '10', '10', 'DIARIO', '2020-01-18', '22', '22', '50', '50', '550', '550', '2020-01-17 09:34:16', 'DESEMBOLSADO', 156, '', ''),
(88, NULL, '500', '500', '25', '25', '10', '10', 'DIARIO', '2020-01-18', '22', '22', '50', '50', '550', '550', '2020-01-17 16:31:45', 'DESEMBOLSADO', 159, '', ''),
(89, NULL, '400', '400', '25', '25', '10', '10', 'DIARIO', '2020-01-20', '17.6', '17.6', '40', '40', '440', '440', '2020-01-18 09:47:15', 'DESEMBOLSADO', 123, '', ''),
(90, NULL, '500', '500', '2', '2', '10', '10', 'QUINCENAL', '2020-02-04', '275', '275', '50', '50', '550', '550', '2020-01-20 09:08:53', 'DESEMBOLSADO', 42, '', ''),
(91, NULL, '500', '500', '25', '25', '10', '10', 'DIARIO', '2020-01-21', '22', '22', '50', '50', '550', '550', '2020-01-20 09:34:28', 'DESEMBOLSADO', 172, '', ''),
(92, NULL, '500', '500', '1', '1', '10', '10', 'MENSUAL', '2020-02-20', '550', '550', '50', '50', '550', '550', '2020-01-20 18:26:10', 'DESEMBOLSADO', 147, '', ''),
(93, '', '500', '500', '1', '1', '10', '10', 'MENSUAL', '2020-02-20', '550', '550', '50', '50', '550', '550', '2020-01-20 18:29:28', 'REGISTRADO', 121, '', ''),
(94, NULL, '500', '500', '1', '1', '10', '10', 'MENSUAL', '2020-02-20', '550', '550', '50', '50', '550', '550', '2020-01-20 18:43:23', 'DESEMBOLSADO', 121, '', ''),
(95, NULL, '150', '150', '20', '20', '10', '10', 'DIARIO', '2020-01-22', '8.3', '8.3', '15', '15', '165', '165', '2020-01-21 09:08:29', 'DESEMBOLSADO', 119, '', ''),
(96, NULL, '300', '300', '25', '25', '10', '10', 'DIARIO', '2020-01-22', '13.2', '13.2', '30', '30', '330', '330', '2020-01-21 09:09:50', 'DESEMBOLSADO', 169, '', ''),
(97, NULL, '300', '300', '25', '25', '10', '10', 'DIARIO', '2020-01-22', '13.2', '13.2', '30', '30', '330', '330', '2020-01-21 09:13:45', 'DESEMBOLSADO', 173, '', ''),
(98, NULL, '300', '300', '25', '25', '10', '10', 'DIARIO', '2020-01-22', '13.2', '13.2', '30', '30', '330', '330', '2020-01-21 09:16:04', 'DESEMBOLSADO', 132, '', ''),
(99, '', '300', '300', '1', '1', '5', '5', 'MENSUAL', '2020-02-20', '315', '315', '15', '15', '315', '315', '2020-01-21 09:57:55', 'REGISTRADO', 174, '', ''),
(100, '', '500', '500', '25', '25', '10', '10', 'DIARIO', '2020-01-22', '22', '22', '50', '50', '550', '550', '2020-01-21 09:58:31', 'REGISTRADO', 15, '', ''),
(101, NULL, '300', '300', '1', '1', '5', '5', 'MENSUAL', '2020-02-22', '315', '315', '15', '15', '315', '315', '2020-01-21 09:59:34', 'DESEMBOLSADO', 174, '', ''),
(102, NULL, '500', '500', '25', '25', '10', '10', 'DIARIO', '2020-02-22', '22', '22', '50', '50', '550', '550', '2020-01-21 10:00:07', 'DESEMBOLSADO', 15, '', ''),
(103, NULL, '250', '250', '1', '1', '10', '10', 'MENSUAL', '2020-02-22', '275', '275', '25', '25', '275', '275', '2020-01-22 09:08:31', 'DESEMBOLSADO', 44, '', ''),
(104, '', '300', '300', '25', '25', '10', '10', 'DIARIO', '2020-01-23', '13.2', '13.2', '30', '30', '330', '330', '2020-01-22 09:23:04', 'REGISTRADO', 38, '', ''),
(105, NULL, '500', '500', '22', '22', '10', '10', 'DIARIO', '2020-01-23', '25', '25', '50', '50', '550', '550', '2020-01-22 09:40:03', 'DESEMBOLSADO', 67, '', ''),
(106, NULL, '120', '150', '25', '25', '10', '10', 'DIARIO', '2020-01-23', '5.3', '6.6', '12', '15', '132', '165', '2020-01-22 11:16:17', 'DESEMBOLSADO', 152, '', ''),
(107, NULL, '600', '600', '4', '4', '10', '10', 'SEMANAL', '2020-01-30', '165', '165', '60', '60', '660', '660', '2020-01-23 09:35:33', 'DESEMBOLSADO', 92, '', ''),
(108, NULL, '400', '400', '25', '25', '10', '10', 'DIARIO', '2020-01-24', '17.6', '17.6', '40', '40', '440', '440', '2020-01-23 09:36:25', 'DESEMBOLSADO', 166, '', ''),
(109, '', '300', '300', '25', '25', '10', '10', 'DIARIO', '2020-01-24', '13.2', '13.2', '30', '30', '330', '330', '2020-01-23 10:30:43', 'REGISTRADO', 38, '', ''),
(110, '2', '400', '400', '25', '25', '10', '10', 'DIARIO', '2020-01-25', '17.6', '17.6', '40', '40', '440', '440', '2020-01-24 10:12:31', 'DESEMBOLSADO', 144, '', ''),
(111, NULL, '400', NULL, '25', NULL, '10', NULL, 'DIARIO', '2020-01-25', '17.6', NULL, '40', NULL, '440', NULL, '2020-01-24 18:24:07', 'REGISTRADO', 134, '', ''),
(112, '3', '400', '400', '25', '25', '10', '10', 'DIARIO', '2020-01-27', '17.6', '17.6', '40', '40', '440', '440', '2020-01-25 09:21:07', 'DESEMBOLSADO', 134, '', ''),
(113, '1', '500', '500', '25', '25', '10', '10', 'DIARIO', '2020-01-27', '22', '22', '50', '50', '550', '550', '2020-01-25 10:53:13', 'DESEMBOLSADO', 102, '', ''),
(114, '1', '800', '800', '40', '40', '15', '15', 'DIARIO', '2020-01-28', '23', '23', '120', '120', '920', '920', '2020-01-27 16:50:25', 'DESEMBOLSADO', 53, '', ''),
(115, '1', '500', '500', '25', '25', '10', '10', 'DIARIO', '2020-01-29', '22', '22', '50', '50', '550', '550', '2020-01-28 10:36:08', 'DESEMBOLSADO', 125, '', ''),
(116, '2', '500', '500', '4', '4', '10', '10', 'SEMANAL', '2020-02-05', '137.5', '137.5', '50', '50', '550', '550', '2020-01-29 09:16:35', 'DESEMBOLSADO', 65, '', ''),
(117, '2', '300', '300', '25', '25', '10', '10', 'DIARIO', '2020-01-30', '13.2', '13.2', '30', '30', '330', '330', '2020-01-29 10:29:26', 'DESEMBOLSADO', 168, '', ''),
(119, '1', '500', '500', '25', '25', '10', '10', 'DIARIO', '2020-01-31', '22', '22', '50', '50', '550', '550', '2020-01-30 09:29:40', 'DESEMBOLSADO', 175, '', ''),
(120, '1', '400', '400', '25', '25', '10', '10', 'DIARIO', '2020-01-31', '17.6', '17.6', '40', '40', '440', '440', '2020-01-30 09:41:01', 'DESEMBOLSADO', 126, '', ''),
(121, '1', '500', '500', '4', '4', '10', '10', 'SEMANAL', '2020-02-06', '137.5', '137.5', '50', '50', '550', '550', '2020-01-30 16:55:57', 'DESEMBOLSADO', 101, '', ''),
(122, '1', '400', '400', '25', '25', '10', '10', 'DIARIO', '2020-01-31', '17.6', '17.6', '40', '40', '440', '440', '2020-01-30 17:01:40', 'DESEMBOLSADO', 176, '', ''),
(123, '2', '300', '300', '25', '25', '10', '10', 'DIARIO', '2020-02-01', '13.2', '13.2', '30', '30', '330', '330', '2020-01-30 19:35:43', 'DESEMBOLSADO', 162, '', ''),
(124, '1', '200', '200', '22', '22', '10', '10', 'DIARIO', '2020-02-01', '10', '10', '20', '20', '220', '220', '2020-01-30 19:40:16', 'DESEMBOLSADO', 177, '', ''),
(126, NULL, '400', '400', '25', '25', '10', '10', 'DIARIO', '2020-02-01', '17.6', '17.6', '40', '40', '440', '440', '2020-01-30 19:50:31', 'APROBADO', 136, '', ''),
(127, NULL, '500', NULL, '4', NULL, '5', NULL, 'SEMANAL', '2020-02-08', '131.3', NULL, '25', NULL, '525', NULL, '2020-02-01 09:24:56', 'PREAPROBADO', 161, '', '');

-- --------------------------------------------------------

--
-- Estructura de tabla para la tabla `cuenta_pf`
--

CREATE TABLE `cuenta_pf` (
  `idcuenta` int(11) NOT NULL,
  `monto_inicio` varchar(45) COLLATE utf8_spanish_ci NOT NULL,
  `monto_fin` varchar(45) COLLATE utf8_spanish_ci NOT NULL,
  `fecha_inicio` datetime NOT NULL,
  `fecha_fin` datetime NOT NULL,
  `fecha_retiro` datetime DEFAULT NULL,
  `interes` varchar(45) COLLATE utf8_spanish_ci NOT NULL,
  `estado` varchar(45) COLLATE utf8_spanish_ci NOT NULL,
  `clientes_idcliente` int(11) NOT NULL,
  `usuarios_idusuario` int(11) NOT NULL
) ENGINE=InnoDB DEFAULT CHARSET=utf8 COLLATE=utf8_spanish_ci;

--
-- Volcado de datos para la tabla `cuenta_pf`
--

INSERT INTO `cuenta_pf` (`idcuenta`, `monto_inicio`, `monto_fin`, `fecha_inicio`, `fecha_fin`, `fecha_retiro`, `interes`, `estado`, `clientes_idcliente`, `usuarios_idusuario`) VALUES
(31, '1000', '1030', '2019-12-30 18:22:39', '2020-12-30 00:00:00', '2019-12-31 17:21:03', '3', 'VENCIDO', 65, 3);

-- --------------------------------------------------------

--
-- Estructura de tabla para la tabla `desembolso`
--

CREATE TABLE `desembolso` (
  `iddesembolso` int(11) NOT NULL,
  `fecha_reg` datetime NOT NULL,
  `fecha_desem` datetime DEFAULT NULL,
  `creditos_idcredito` int(11) NOT NULL,
  `usuarios_idusuario` int(11) DEFAULT NULL
) ENGINE=InnoDB DEFAULT CHARSET=utf8 COLLATE=utf8_spanish_ci;

--
-- Volcado de datos para la tabla `desembolso`
--

INSERT INTO `desembolso` (`iddesembolso`, `fecha_reg`, `fecha_desem`, `creditos_idcredito`, `usuarios_idusuario`) VALUES
(17, '2019-12-19 18:32:38', '2019-12-19 18:34:01', 33, 3),
(18, '2019-12-20 09:18:21', '2019-12-20 09:21:58', 31, 7),
(19, '2019-12-20 12:37:42', '2019-12-20 12:38:20', 34, 2),
(20, '2019-12-20 17:22:41', '2019-12-20 17:23:04', 30, 2),
(21, '2019-12-21 12:12:10', '2019-12-21 12:12:58', 36, 3),
(23, '2019-12-23 17:14:47', '2019-12-23 17:15:28', 37, 2),
(24, '2019-12-23 17:41:28', '2019-12-23 17:41:46', 38, 2),
(25, '2019-12-23 18:05:12', '2019-12-23 18:09:07', 39, 7),
(26, '2019-12-23 18:44:32', '2019-12-23 18:44:51', 41, 2),
(27, '2019-12-24 13:18:03', '2019-12-24 13:18:20', 42, 2),
(28, '2019-12-26 16:47:31', '2019-12-26 16:47:42', 40, 3),
(29, '2019-12-27 18:07:43', '2019-12-27 18:09:02', 43, 3),
(30, '2019-12-27 19:26:24', '2019-12-27 19:26:30', 44, 3),
(31, '2019-12-30 10:13:47', '2019-12-30 10:18:32', 45, 7),
(32, '2019-12-30 18:08:38', '2019-12-30 18:09:19', 47, 2),
(33, '2019-12-30 18:59:26', '2019-12-30 19:00:01', 48, 2),
(34, '2019-12-31 09:28:59', '2019-12-31 09:29:22', 50, 2),
(35, '2019-12-31 09:51:39', '2019-12-31 09:52:05', 49, 3),
(38, '2020-01-03 09:27:48', '2020-01-03 09:31:48', 51, 3),
(39, '2020-01-03 10:13:58', '2020-01-03 10:15:09', 52, 3),
(40, '2020-01-06 10:42:55', '2020-01-06 16:03:50', 57, 3),
(41, '2020-01-06 15:58:42', '2020-01-06 16:59:23', 55, 3),
(42, '2020-01-06 19:23:22', '2020-01-06 19:23:53', 58, 3),
(43, '2020-01-07 10:43:37', '2020-01-07 19:06:19', 60, 3),
(44, '2020-01-07 10:43:57', '2020-01-07 17:36:09', 59, 3),
(45, '2020-01-08 11:25:56', '2020-01-08 18:24:09', 61, 3),
(46, '2020-01-08 11:26:25', '2020-01-08 12:35:10', 62, 3),
(49, '2020-01-08 14:59:04', '2020-01-08 18:54:55', 65, 3),
(50, '2020-01-09 10:03:37', '2020-01-09 12:59:07', 67, 3),
(51, '2020-01-09 10:03:56', '2020-01-09 18:24:49', 66, 3),
(52, '2020-01-09 10:25:24', '2020-01-09 10:26:03', 68, 3),
(53, '2020-01-10 10:01:45', '2020-01-10 10:26:50', 70, 3),
(54, '2020-01-10 17:44:38', '2020-01-10 17:46:16', 71, 3),
(55, '2020-01-10 17:45:03', '2020-01-10 17:55:25', 69, 3),
(56, '2020-01-10 18:43:40', '2020-01-10 18:43:52', 72, 3),
(57, '2020-01-11 16:51:32', '2020-01-13 15:32:58', 73, 3),
(59, '2020-01-13 15:32:49', '2020-01-13 17:27:08', 75, 3),
(60, '2020-01-14 09:17:04', '2020-01-14 09:17:42', 76, 3),
(61, '2020-01-14 09:17:32', '2020-01-14 09:20:45', 77, 3),
(64, '2020-01-14 16:00:24', '2020-01-14 16:00:38', 80, 3),
(65, '2020-01-15 10:12:15', '2020-01-15 10:54:05', 81, 3),
(66, '2020-01-15 10:12:54', '2020-01-15 10:14:16', 82, 3),
(67, '2020-01-16 09:47:00', '2020-01-16 09:47:10', 85, 3),
(68, '2020-01-16 09:47:23', '2020-01-16 11:13:30', 84, 3),
(69, '2020-01-17 10:59:01', '2020-01-17 12:11:47', 86, 3),
(70, '2020-01-17 10:59:32', '2020-01-18 13:01:51', 87, 3),
(71, '2020-01-18 11:51:10', '2020-01-18 12:31:49', 89, 3),
(72, '2020-01-18 11:51:29', '2020-01-18 12:26:38', 88, 3),
(73, '2020-01-20 10:42:07', '2020-01-20 16:36:12', 90, 3),
(74, '2020-01-20 10:42:32', '2020-01-20 11:40:53', 91, 3),
(75, '2020-01-20 18:28:32', '2020-01-20 18:29:39', 92, 3),
(76, '2020-01-21 09:47:58', '2020-01-21 09:56:50', 94, 3),
(78, '2020-01-21 09:48:58', '2020-01-21 10:54:31', 95, 3),
(79, '2020-01-21 09:49:19', '2020-01-21 09:55:56', 97, 3),
(80, '2020-01-21 09:49:39', '2020-01-21 17:53:47', 98, 3),
(83, '2020-01-21 11:14:24', '2020-01-21 11:29:57', 101, 3),
(84, '2020-01-21 11:14:43', '2020-01-21 18:49:19', 102, 3),
(85, '2020-01-21 11:15:04', '2020-01-21 11:15:49', 96, 3),
(86, '2020-01-22 15:27:15', '2020-01-23 11:12:12', 103, 3),
(88, '2020-01-22 15:27:54', '2020-01-22 16:45:56', 105, 3),
(89, '2020-01-22 15:28:21', '2020-01-22 18:26:34', 106, 3),
(90, '2020-01-23 10:52:41', '2020-01-23 12:12:14', 107, 3),
(91, '2020-01-23 10:54:05', '2020-01-23 17:55:14', 108, 3),
(93, '2020-01-24 10:29:49', '2020-01-24 10:30:39', 110, 3),
(94, '2020-01-25 11:10:58', '2020-01-25 11:12:44', 113, 3),
(95, '2020-01-25 11:11:36', '2020-01-25 12:03:20', 112, 3),
(96, '2020-01-27 18:47:17', '2020-01-27 18:48:30', 114, 3),
(97, '2020-01-28 11:14:51', '2020-01-28 11:54:34', 115, 3),
(98, '2020-01-29 10:44:50', '2020-01-29 10:45:55', 116, 3),
(99, '2020-01-29 10:45:11', '2020-01-29 10:46:02', 117, 3),
(100, '2020-01-30 12:03:14', '2020-01-30 15:24:22', 119, 3),
(101, '2020-01-30 12:04:20', '2020-01-30 12:34:48', 120, 3),
(102, '2020-01-30 17:28:40', '2020-01-30 17:31:33', 122, 3),
(103, '2020-01-30 17:29:03', '2020-01-30 19:05:14', 121, 3),
(104, '2020-01-30 19:48:51', '2020-01-31 10:13:21', 124, 3),
(105, '2020-01-30 19:49:09', '2020-01-31 18:08:18', 123, 3),
(106, '2020-01-30 19:52:27', NULL, 126, NULL);

-- --------------------------------------------------------

--
-- Estructura de tabla para la tabla `movimientos`
--

CREATE TABLE `movimientos` (
  `idmovimiento` int(11) NOT NULL,
  `tipo` varchar(45) COLLATE utf8_spanish_ci NOT NULL,
  `monto` varchar(45) COLLATE utf8_spanish_ci NOT NULL,
  `concepto` varchar(60) COLLATE utf8_spanish_ci NOT NULL,
  `fecha_mov` datetime NOT NULL,
  `autoriza` varchar(45) COLLATE utf8_spanish_ci DEFAULT NULL,
  `tipo_comprobante` varchar(45) COLLATE utf8_spanish_ci NOT NULL,
  `nro_comprobante` varchar(45) COLLATE utf8_spanish_ci NOT NULL,
  `detalle` text COLLATE utf8_spanish_ci DEFAULT NULL,
  `cajas_idcaja` int(11) NOT NULL,
  `usuarios_idusuario` int(11) NOT NULL,
  `creditos_idcredito` int(11) DEFAULT NULL
) ENGINE=InnoDB DEFAULT CHARSET=utf8 COLLATE=utf8_spanish_ci;

--
-- Volcado de datos para la tabla `movimientos`
--

INSERT INTO `movimientos` (`idmovimiento`, `tipo`, `monto`, `concepto`, `fecha_mov`, `autoriza`, `tipo_comprobante`, `nro_comprobante`, `detalle`, `cajas_idcaja`, `usuarios_idusuario`, `creditos_idcredito`) VALUES
(67, 'INGRESO', '2000', 'PARA DESEMBOLSOS', '2019-12-19 18:33:50', 'JACKELINE ESTRADA', 'RECIBO', '00006', 'DESEMBOLSO', 13, 3, NULL),
(68, 'EGRESO', '137.5', 'DESEMBOLSO DE CREDITO', '2019-12-19 18:34:01', 'ADMINISTRADOR', 'VOUCHER', '17', NULL, 13, 3, 33),
(69, 'INGRESO', '2500', 'DESEMBOLSOS', '2019-12-20 09:21:41', 'JACKELINE ESTRADA', 'RECIBO', '0000001', 'PARA DESEMBOLSOS DEL DIA 20/12/2019', 12, 7, NULL),
(70, 'EGRESO', '500', 'DESEMBOLSO DE CREDITO', '2019-12-20 09:21:58', 'ADMINISTRADOR', 'VOUCHER', '18', NULL, 12, 7, 31),
(71, 'EGRESO', '1000', 'DESEMBOLSO DE CREDITO', '2019-12-20 12:38:20', 'ADMINISTRADOR', 'VOUCHER', '19', NULL, 12, 2, 34),
(72, 'EGRESO', '700', 'DESEMBOLSO DE CREDITO', '2019-12-20 17:23:04', 'ADMINISTRADOR', 'VOUCHER', '20', NULL, 12, 2, 30),
(73, 'EGRESO', '500', 'DESEMBOLSO DE CREDITO', '2019-12-21 12:12:58', 'ADMINISTRADOR', 'VOUCHER', '21', NULL, 13, 3, 36),
(74, 'EGRESO', '500', 'DESEMBOLSO DE CREDITO', '2019-12-23 17:15:28', 'ADMINISTRADOR', 'VOUCHER', '23', NULL, 13, 2, 37),
(75, 'EGRESO', '300', 'DESEMBOLSO DE CREDITO', '2019-12-23 17:41:46', 'ADMINISTRADOR', 'VOUCHER', '24', NULL, 13, 2, 38),
(76, 'INGRESO', '1000', 'PARA DESEMBOLSOS', '2019-12-23 18:08:52', 'JACKELINE ESTRADA', 'RECIBO', '00002', '', 12, 7, NULL),
(77, 'EGRESO', '700', 'DESEMBOLSO DE CREDITO', '2019-12-23 18:09:07', 'ADMINISTRADOR', 'VOUCHER', '25', NULL, 12, 7, 39),
(78, 'EGRESO', '260', 'DESEMBOLSO DE CREDITO', '2019-12-23 18:44:51', 'ADMINISTRADOR', 'VOUCHER', '26', NULL, 12, 2, 41),
(79, 'INGRESO', '61.6', 'PAGO DE CUOTA DE CREDITO', '2019-12-24 11:02:06', 'CAJERO', 'VOUCHER', '0', NULL, 12, 7, 30),
(80, 'INGRESO', '44', 'PAGO DE CUOTA DE CREDITO', '2019-12-24 11:03:13', 'CAJERO', 'VOUCHER', '0', NULL, 12, 7, 31),
(81, 'INGRESO', '22', 'PAGO DE CUOTA DE CREDITO', '2019-12-24 11:04:10', 'CAJERO', 'VOUCHER', '0', NULL, 12, 7, 36),
(82, 'INGRESO', '330', 'PAGO DE CUOTA DE CREDITO', '2019-12-24 11:04:42', 'CAJERO', 'VOUCHER', '0', NULL, 12, 7, 37),
(83, 'EGRESO', '600', 'DESEMBOLSO DE CREDITO', '2019-12-24 13:18:20', 'ADMINISTRADOR', 'VOUCHER', '27', NULL, 12, 2, 42),
(84, 'EGRESO', '400', 'DESEMBOLSO DE CREDITO', '2019-12-26 16:47:42', 'ADMINISTRADOR', 'VOUCHER', '28', NULL, 13, 3, 40),
(85, 'INGRESO', '22', 'PAGO DE CUOTA DE CREDITO', '2019-12-27 09:22:06', 'CAJERO', 'VOUCHER', '0', NULL, 12, 7, 36),
(86, 'INGRESO', '1500', 'habilitacion para desembolso', '2019-12-27 18:08:36', 'JACKELINE ESTRADA', 'RECIBO', '00006', 'DESEMBOLSO', 13, 3, NULL),
(87, 'EGRESO', '500', 'DESEMBOLSO DE CREDITO', '2019-12-27 18:09:02', 'ADMINISTRADOR', 'VOUCHER', '29', NULL, 13, 3, 43),
(88, 'INGRESO', '150', 'PAGO DE CUOTA DE CREDITO', '2019-12-27 19:19:20', 'CAJERO', 'VOUCHER', '0', NULL, 12, 7, 34),
(89, 'INGRESO', '30.8', 'PAGO DE CUOTA DE CREDITO', '2019-12-27 19:20:24', 'CAJERO', 'VOUCHER', '0', NULL, 12, 7, 30),
(90, 'INGRESO', '44', 'PAGO DE CUOTA DE CREDITO', '2019-12-27 19:22:15', 'CAJERO', 'VOUCHER', '0', NULL, 12, 7, 31),
(91, 'INGRESO', '45', 'PAGO DE CUOTA DE CREDITO', '2019-12-27 19:25:07', 'CAJERO', 'VOUCHER', '0', NULL, 12, 7, 36),
(92, 'EGRESO', '500', 'DESEMBOLSO DE CREDITO', '2019-12-27 19:26:30', 'ADMINISTRADOR', 'VOUCHER', '30', NULL, 13, 3, 44),
(93, 'INGRESO', '39.6', 'PAGO DE CUOTA DE CREDITO', '2019-12-28 11:03:59', 'CAJERO', 'VOUCHER', '0', NULL, 12, 7, 38),
(94, 'INGRESO', '22', 'PAGO DE CUOTA DE CREDITO', '2019-12-28 12:46:56', 'CAJERO', 'VOUCHER', '0', NULL, 12, 7, 43),
(95, 'INGRESO', '22', 'PAGO DE CUOTA DE CREDITO', '2019-12-28 12:54:25', 'CAJERO', 'VOUCHER', '0', NULL, 12, 7, 31),
(96, 'EGRESO', '300', 'DESEMBOLSO DE CREDITO', '2019-12-30 10:18:32', 'ADMINISTRADOR', 'VOUCHER', '31', NULL, 12, 7, 45),
(97, 'INGRESO', '1500', 'Para desembolsos del dia', '2019-12-30 10:38:09', 'Jackeline estrada', 'Recibo', '0000002', '', 12, 7, NULL),
(98, 'EGRESO', '500', 'DESEMBOLSO DE CREDITO', '2019-12-30 18:09:19', 'ADMINISTRADOR', 'VOUCHER', '32', NULL, 12, 2, 47),
(99, 'INGRESO', '1500', 'habilitacion para desembolso', '2019-12-30 18:09:48', 'JACKELINE ESTRADA', 'RECIBO', '00006', 'DESEMBOLSO', 13, 3, NULL),
(100, 'INGRESO', '1000', 'DEPOSITO A PLAZO FIJO', '2019-12-30 18:22:39', 'CAJERO', 'VOUCHER', '31', NULL, 13, 3, NULL),
(101, 'EGRESO', '500', 'DESEMBOLSO DE CREDITO', '2019-12-30 19:00:01', 'ADMINISTRADOR', 'VOUCHER', '33', NULL, 12, 2, 48),
(102, 'EGRESO', '300', 'DESEMBOLSO DE CREDITO', '2019-12-31 09:29:22', 'ADMINISTRADOR', 'VOUCHER', '34', NULL, 13, 2, 50),
(103, 'EGRESO', '600', 'DESEMBOLSO DE CREDITO', '2019-12-31 09:52:05', 'ADMINISTRADOR', 'VOUCHER', '35', NULL, 13, 3, 49),
(104, 'INGRESO', '192.5', 'PAGO DE CUOTA DE CREDITO', '2019-12-31 09:56:12', 'CAJERO', 'VOUCHER', '0', NULL, 12, 7, 39),
(105, 'INGRESO', '42', 'PAGO DE CUOTA DE CREDITO', '2019-12-31 09:57:46', 'CAJERO', 'VOUCHER', '0', NULL, 12, 7, 44),
(106, 'INGRESO', '30.8', 'PAGO DE CUOTA DE CREDITO', '2019-12-31 09:59:39', 'CAJERO', 'VOUCHER', '0', NULL, 12, 7, 30),
(107, 'INGRESO', '44', 'PAGO DE CUOTA DE CREDITO', '2019-12-31 10:00:09', 'CAJERO', 'VOUCHER', '0', NULL, 12, 7, 36),
(108, 'INGRESO', '22', 'PAGO DE CUOTA DE CREDITO', '2019-12-31 10:00:57', 'CAJERO', 'VOUCHER', '0', NULL, 12, 7, 31),
(109, 'INGRESO', '48', 'PAGO DE CUOTA DE CREDITO', '2019-12-31 10:01:49', 'CAJERO', 'VOUCHER', '0', NULL, 12, 7, 41),
(110, 'INGRESO', '6', 'PAGO DE CUOTA DE CREDITO', '2019-12-31 10:02:42', 'CAJERO', 'VOUCHER', '0', NULL, 12, 7, 30),
(111, 'INGRESO', '30.80', 'PAGO DE CUOTA DE CREDITO', '2019-12-31 12:52:35', 'CAJERO', 'VOUCHER', '0', NULL, 12, 7, 30),
(112, 'INGRESO', '23', 'PAGO DE CUOTA DE CREDITO', '2019-12-31 12:54:13', 'CAJERO', 'VOUCHER', '0', NULL, 12, 7, 31),
(113, 'INGRESO', '6', 'PAGO DE CUOTA DE CREDITO', '2019-12-31 12:54:42', 'CAJERO', 'VOUCHER', '0', NULL, 12, 7, 31),
(114, 'INGRESO', '4', 'PAGO DE CUOTA DE CREDITO', '2019-12-31 12:57:10', 'CAJERO', 'VOUCHER', '0', NULL, 12, 7, 34),
(115, 'INGRESO', '5', 'PAGO DE CUOTA DE CREDITO', '2019-12-31 12:58:47', 'CAJERO', 'VOUCHER', '0', NULL, 12, 7, 36),
(116, 'INGRESO', '3', 'PAGO DE CUOTA DE CREDITO', '2019-12-31 13:00:12', 'CAJERO', 'VOUCHER', '0', NULL, 12, 7, 38),
(117, 'INGRESO', '13.2', 'PAGO DE CUOTA DE CREDITO', '2019-12-31 13:01:21', 'CAJERO', 'VOUCHER', '0', NULL, 12, 7, 45),
(118, 'INGRESO', '45', 'PAGO DE CUOTA DE CREDITO', '2019-12-31 13:04:16', 'CAJERO', 'VOUCHER', '0', NULL, 12, 7, 43),
(119, 'INGRESO', '4', 'PAGO DE CUOTA DE CREDITO', '2019-12-31 13:04:57', 'CAJERO', 'VOUCHER', '0', NULL, 12, 7, 41),
(120, 'EGRESO', '1000', 'RETIRO DE CUENTA A PLAZO FIJO', '2019-12-31 17:21:03', 'CAJERO', 'VOUCHER', '31', NULL, 12, 2, NULL),
(121, 'INGRESO', '1', 'PAGO DE CUOTA DE CREDITO', '2019-12-31 17:24:16', 'CAJERO', 'VOUCHER', '0', NULL, 12, 7, 39),
(122, 'INGRESO', '21', 'PAGO DE CUOTA DE CREDITO', '2019-12-31 17:42:03', 'CAJERO', 'VOUCHER', '0', NULL, 12, 7, 44),
(123, 'INGRESO', '1', 'PAGO DE CUOTA DE CREDITO', '2019-12-31 17:42:28', 'CAJERO', 'VOUCHER', '0', NULL, 12, 7, 44),
(124, 'INGRESO', '22', 'PAGO DE CUOTA DE CREDITO', '2020-01-02 16:23:47', 'CAJERO', 'VOUCHER', '0', NULL, 13, 3, 43),
(125, 'INGRESO', '21', 'PAGO DE CUOTA DE CREDITO', '2020-01-02 19:03:55', 'CAJERO', 'VOUCHER', '0', NULL, 13, 3, 44),
(126, 'INGRESO', '45', 'PAGO DE CUOTA DE CREDITO', '2020-01-02 19:04:33', 'CAJERO', 'VOUCHER', '0', NULL, 13, 3, 36),
(127, 'INGRESO', '13.2', 'PAGO DE CUOTA DE CREDITO', '2020-01-02 19:10:31', 'CAJERO', 'VOUCHER', '0', NULL, 13, 3, 45),
(128, 'INGRESO', '22', 'PAGO DE CUOTA DE CREDITO', '2020-01-02 19:12:32', 'CAJERO', 'VOUCHER', '0', NULL, 13, 3, 31),
(129, 'EGRESO', '10', 'COMBUSTIBLE ELIANA', '2020-01-02 19:15:02', 'JACKELINE ESTRADA', 'RECIBO', '000001', 'COMBUSTIBLE ASESORA ELIANA 02/01/2020', 13, 3, NULL),
(130, 'EGRESO', '5', 'ALQUILER DE MOTO', '2020-01-02 19:15:45', 'JACKELINE ESTRADA', 'RECIBO', '000002', 'ALQUILER DE MOTO ASESOR KEVIN', 13, 3, NULL),
(131, 'INGRESO', '400', 'habilitacion para desembolso', '2020-01-03 09:31:35', 'JACKELINE ESTRADA', 'RECIBO', '00006', 'desembolso de cruz zuñiga 03/01/2020', 13, 3, NULL),
(132, 'EGRESO', '400', 'DESEMBOLSO DE CREDITO', '2020-01-03 09:31:48', 'ADMINISTRADOR', 'VOUCHER', '38', NULL, 13, 3, 51),
(133, 'INGRESO', '141', 'PAGO DE CUOTA DE CREDITO', '2020-01-03 09:44:49', 'CAJERO', 'VOUCHER', '0', NULL, 12, 7, 50),
(134, 'EGRESO', '300', 'DESEMBOLSO DE CREDITO', '2020-01-03 10:15:09', 'ADMINISTRADOR', 'VOUCHER', '39', NULL, 13, 3, 52),
(135, 'INGRESO', '22', 'PAGO DE CUOTA DE CREDITO', '2020-01-03 21:46:02', 'CAJERO', 'VOUCHER', '0', NULL, 13, 3, 31),
(136, 'INGRESO', '22', 'PAGO DE CUOTA DE CREDITO', '2020-01-03 21:46:49', 'CAJERO', 'VOUCHER', '0', NULL, 13, 3, 36),
(137, 'INGRESO', '52.8', 'PAGO DE CUOTA DE CREDITO', '2020-01-03 21:47:42', 'CAJERO', 'VOUCHER', '0', NULL, 13, 3, 38),
(138, 'INGRESO', '13.2', 'PAGO DE CUOTA DE CREDITO', '2020-01-03 21:51:03', 'CAJERO', 'VOUCHER', '0', NULL, 13, 3, 50),
(139, 'EGRESO', '5', 'Pago de alquiler de moto', '2020-01-03 21:58:33', 'Administradora', 'Recibo', '00001', 'Alquiler de moto asesor Kevin 03/01/20', 13, 3, NULL),
(140, 'EGRESO', '650', 'PAGO DE ALQUILER DE LOCAL', '2020-01-04 12:03:49', 'JACKELINE ESTRADA', 'RECIBO', '00006', 'ALQUILER DEL MES DE ENERO 04/01/2020', 13, 3, NULL),
(141, 'INGRESO', '30.8', 'PAGO DE CUOTA DE CREDITO', '2020-01-04 23:12:10', 'CAJERO', 'VOUCHER', '0', NULL, 13, 3, 30),
(142, 'INGRESO', '22', 'PAGO DE CUOTA DE CREDITO', '2020-01-04 23:13:41', 'CAJERO', 'VOUCHER', '0', NULL, 13, 3, 31),
(143, 'INGRESO', '230', 'PAGO DE CUOTA DE CREDITO', '2020-01-04 23:15:49', 'CAJERO', 'VOUCHER', '0', NULL, 13, 3, 42),
(144, 'INGRESO', '41', 'PAGO DE CUOTA DE CREDITO', '2020-01-04 23:17:48', 'CAJERO', 'VOUCHER', '0', NULL, 13, 3, 44),
(145, 'INGRESO', '13.2', 'PAGO DE CUOTA DE CREDITO', '2020-01-04 23:18:49', 'CAJERO', 'VOUCHER', '0', NULL, 13, 3, 45),
(146, 'INGRESO', '131.3', 'PAGO DE CUOTA DE CREDITO', '2020-01-04 23:20:50', 'CAJERO', 'VOUCHER', '0', NULL, 13, 3, 48),
(147, 'INGRESO', '17.6', 'PAGO DE CUOTA DE CREDITO', '2020-01-04 23:23:11', 'CAJERO', 'VOUCHER', '0', NULL, 13, 3, 51),
(148, 'INGRESO', '20', 'PAGO DE CUOTA DE CREDITO', '2020-01-04 23:24:40', 'CAJERO', 'VOUCHER', '0', NULL, 13, 3, 52),
(149, 'EGRESO', '5', 'Combustible ', '2020-01-04 23:28:20', 'Administradora', 'Recibo', '00001', 'Pago de combustible de asesora eliana ', 13, 3, NULL),
(150, 'EGRESO', '830', 'Pago de sueldo ', '2020-01-04 23:30:13', 'Administradora', 'Recibo', '00001', 'Pago de sueldo asesora eliana hinostroza 04/01/20', 13, 3, NULL),
(151, 'EGRESO', '35', 'Alquiler y combustible de moto', '2020-01-04 23:31:38', 'Administradora', 'Recibo', '00001', 'Pago asesor Kevin Gómez de alquiler de moto y pago de combustible ', 13, 3, NULL),
(152, 'EGRESO', '180', 'Pago de sueldo ', '2020-01-04 23:32:51', 'Administradora', 'Recibo', '00001', 'Pago de sueldo asesor Kevin Gómez semanal 04/01/20', 13, 3, NULL),
(153, 'EGRESO', '100', 'DESEMBOLSO DE CREDITO', '2020-01-06 16:03:50', 'ADMINISTRADOR', 'VOUCHER', '40', NULL, 13, 3, 57),
(154, 'EGRESO', '300', 'DESEMBOLSO DE CREDITO', '2020-01-06 16:59:23', 'ADMINISTRADOR', 'VOUCHER', '41', NULL, 13, 3, 55),
(155, 'EGRESO', '800', 'DESEMBOLSO DE CREDITO', '2020-01-06 19:23:53', 'ADMINISTRADOR', 'VOUCHER', '42', NULL, 13, 3, 58),
(156, 'INGRESO', '300', 'PARA DESEMBOLSOS', '2020-01-07 17:35:56', 'JACKELINE ESTRADA', 'RECIBO', '00006', 'PARA DESEMBOLSO CLIENTE ELIZABETH WONG', 13, 3, NULL),
(157, 'EGRESO', '300', 'DESEMBOLSO DE CREDITO', '2020-01-07 17:36:09', 'ADMINISTRADOR', 'VOUCHER', '44', NULL, 13, 3, 59),
(158, 'INGRESO', '500', 'PARA DESEMBOLSOS', '2020-01-07 19:06:08', 'JACKELINE ESTRADA', 'RECIBO', '00006', 'DESEMBOLSO PARA CLIENTE MANGO DE CONDOR', 13, 3, NULL),
(159, 'EGRESO', '500', 'DESEMBOLSO DE CREDITO', '2020-01-07 19:06:19', 'ADMINISTRADOR', 'VOUCHER', '43', NULL, 13, 3, 60),
(160, 'INGRESO', '300', 'PARA DESEMBOLSOS', '2020-01-08 12:34:58', 'JACKELINE ESTRADA', 'RECIBO', '00006', 'DESEMBOLSO DEL CLIENTE SANDOVAL POVIS GILMER', 13, 3, NULL),
(161, 'EGRESO', '300', 'DESEMBOLSO DE CREDITO', '2020-01-08 12:35:10', 'ADMINISTRADOR', 'VOUCHER', '46', NULL, 13, 3, 62),
(162, 'INGRESO', '700', 'PARA DESEMBOLSOS', '2020-01-08 18:23:41', 'JACKELINE ESTRADA', 'RECIBO', '00006', 'DESEMBOLSO PARA CLIENTE BENITA LAZARO FALCON', 13, 3, NULL),
(163, 'EGRESO', '700', 'DESEMBOLSO DE CREDITO', '2020-01-08 18:24:09', 'ADMINISTRADOR', 'VOUCHER', '45', NULL, 13, 3, 61),
(164, 'INGRESO', '300', 'PARA DESEMBOLSOS', '2020-01-08 18:54:43', 'JACKELINE ESTRADA', 'RECIBO', 'RECIBO', 'DESEMBOLSO PARA CLIENTE POMATAY RISCO', 13, 3, NULL),
(165, 'EGRESO', '300', 'DESEMBOLSO DE CREDITO', '2020-01-08 18:54:55', 'ADMINISTRADOR', 'VOUCHER', '49', NULL, 13, 3, 65),
(166, 'INGRESO', '20', 'PAGO DE CUOTA DE CREDITO', '2020-01-08 23:49:10', 'CAJERO', 'VOUCHER', '0', NULL, 13, 3, 57),
(167, 'INGRESO', '165', 'PAGO DE CUOTA DE CREDITO', '2020-01-08 23:50:06', 'CAJERO', 'VOUCHER', '0', NULL, 13, 3, 49),
(168, 'INGRESO', '90', 'PAGO DE CUOTA DE CREDITO', '2020-01-08 23:52:53', 'CAJERO', 'VOUCHER', '0', NULL, 13, 3, 36),
(169, 'INGRESO', '26.4', 'PAGO DE CUOTA DE CREDITO', '2020-01-08 23:54:30', 'CAJERO', 'VOUCHER', '0', NULL, 13, 3, 45),
(170, 'INGRESO', '44', 'PAGO DE CUOTA DE CREDITO', '2020-01-08 23:55:10', 'CAJERO', 'VOUCHER', '0', NULL, 13, 3, 31),
(171, 'INGRESO', '26.4', 'PAGO DE CUOTA DE CREDITO', '2020-01-08 23:57:28', 'CAJERO', 'VOUCHER', '0', NULL, 13, 3, 55),
(172, 'INGRESO', '26.4', 'PAGO DE CUOTA DE CREDITO', '2020-01-09 00:00:12', 'CAJERO', 'VOUCHER', '0', NULL, 13, 3, 50),
(173, 'INGRESO', '35.2', 'PAGO DE CUOTA DE CREDITO', '2020-01-09 00:01:52', 'CAJERO', 'VOUCHER', '0', NULL, 13, 3, 51),
(174, 'INGRESO', '42', 'PAGO DE CUOTA DE CREDITO', '2020-01-09 00:03:30', 'CAJERO', 'VOUCHER', '0', NULL, 13, 3, 44),
(175, 'INGRESO', '40', 'PAGO DE CUOTA DE CREDITO', '2020-01-09 00:04:53', 'CAJERO', 'VOUCHER', '0', NULL, 13, 3, 52),
(176, 'INGRESO', '37.2', 'PAGO DE CUOTA DE CREDITO', '2020-01-09 00:06:37', 'CAJERO', 'VOUCHER', '0', NULL, 13, 3, 58),
(177, 'INGRESO', '45', 'PAGO DE CUOTA DE CREDITO', '2020-01-09 00:07:13', 'CAJERO', 'VOUCHER', '0', NULL, 13, 3, 43),
(178, 'INGRESO', '22', 'PAGO DE CUOTA DE CREDITO', '2020-01-09 00:08:19', 'CAJERO', 'VOUCHER', '0', NULL, 13, 3, 60),
(179, 'INGRESO', '10', 'PAGO DE CUOTA DE CREDITO', '2020-01-09 00:08:52', 'CAJERO', 'VOUCHER', '0', NULL, 13, 3, 33),
(180, 'INGRESO', '92.4', 'PAGO DE CUOTA DE CREDITO', '2020-01-09 00:09:30', 'CAJERO', 'VOUCHER', '0', NULL, 13, 3, 30),
(181, 'INGRESO', '15', 'PAGO DE CUOTA DE CREDITO', '2020-01-09 00:10:58', 'CAJERO', 'VOUCHER', '0', NULL, 13, 3, 59),
(182, 'EGRESO', '300', 'DESEMBOLSO DE CREDITO', '2020-01-09 10:26:03', 'ADMINISTRADOR', 'VOUCHER', '52', NULL, 13, 3, 68),
(183, 'EGRESO', '600', 'DESEMBOLSO DE CREDITO', '2020-01-09 12:59:07', 'ADMINISTRADOR', 'VOUCHER', '50', NULL, 13, 3, 67),
(184, 'INGRESO', '500', 'PARA DESEMBOLSOS', '2020-01-09 18:20:46', 'JACKELINE ESTRADA', 'RECIBO', 'RECIBO', 'DESEMBOLSO DE CLIENTE LAZARO FALCON', 13, 3, NULL),
(185, 'EGRESO', '500', 'DESEMBOLSO DE CREDITO', '2020-01-09 18:24:49', 'ADMINISTRADOR', 'VOUCHER', '51', NULL, 13, 3, 66),
(186, 'INGRESO', '34.5', 'PAGO DE CUOTA DE CREDITO', '2020-01-09 23:48:29', 'CAJERO', 'VOUCHER', '0', NULL, 13, 3, 41),
(187, 'INGRESO', '43', 'PAGO DE CUOTA DE CREDITO', '2020-01-09 23:49:11', 'CAJERO', 'VOUCHER', '0', NULL, 13, 3, 44),
(188, 'INGRESO', '13.2', 'PAGO DE CUOTA DE CREDITO', '2020-01-09 23:50:52', 'CAJERO', 'VOUCHER', '0', NULL, 13, 3, 65),
(189, 'INGRESO', '22', 'PAGO DE CUOTA DE CREDITO', '2020-01-09 23:51:21', 'CAJERO', 'VOUCHER', '0', NULL, 13, 3, 60),
(190, 'INGRESO', '33.6', 'PAGO DE CUOTA DE CREDITO', '2020-01-09 23:51:56', 'CAJERO', 'VOUCHER', '0', NULL, 13, 3, 58),
(191, 'INGRESO', '30.8', 'PAGO DE CUOTA DE CREDITO', '2020-01-09 23:52:37', 'CAJERO', 'VOUCHER', '0', NULL, 13, 3, 30),
(192, 'INGRESO', '22', 'PAGO DE CUOTA DE CREDITO', '2020-01-09 23:53:18', 'CAJERO', 'VOUCHER', '0', NULL, 13, 3, 36),
(193, 'INGRESO', '22', 'PAGO DE CUOTA DE CREDITO', '2020-01-09 23:54:06', 'CAJERO', 'VOUCHER', '0', NULL, 13, 3, 31),
(194, 'INGRESO', '15', 'PAGO DE CUOTA DE CREDITO', '2020-01-09 23:55:11', 'CAJERO', 'VOUCHER', '0', NULL, 13, 3, 59),
(195, 'INGRESO', '17.6', 'PAGO DE CUOTA DE CREDITO', '2020-01-09 23:56:02', 'CAJERO', 'VOUCHER', '0', NULL, 13, 3, 51),
(196, 'INGRESO', '20', 'PAGO DE CUOTA DE CREDITO', '2020-01-09 23:56:47', 'CAJERO', 'VOUCHER', '0', NULL, 13, 3, 52),
(197, 'INGRESO', '13.2', 'PAGO DE CUOTA DE CREDITO', '2020-01-09 23:57:42', 'CAJERO', 'VOUCHER', '0', NULL, 13, 3, 55),
(198, 'INGRESO', '13.2', 'PAGO DE CUOTA DE CREDITO', '2020-01-09 23:58:57', 'CAJERO', 'VOUCHER', '0', NULL, 13, 3, 62),
(199, 'INGRESO', '13.2', 'PAGO DE CUOTA DE CREDITO', '2020-01-09 23:59:55', 'CAJERO', 'VOUCHER', '0', NULL, 13, 3, 50),
(200, 'INGRESO', '13.2', 'PAGO DE CUOTA DE CREDITO', '2020-01-10 00:00:40', 'CAJERO', 'VOUCHER', '0', NULL, 13, 3, 45),
(201, 'INGRESO', '213', 'PAGO DE CUOTA DE CREDITO', '2020-01-10 00:01:34', 'CAJERO', 'VOUCHER', '0', NULL, 13, 3, 40),
(202, 'EGRESO', '500', 'DESEMBOLSO DE CREDITO', '2020-01-10 10:26:50', 'ADMINISTRADOR', 'VOUCHER', '53', NULL, 13, 3, 70),
(203, 'INGRESO', '600', 'PARA DESEMBOLSOS', '2020-01-10 17:46:03', 'JACKELINE ESTRADA', 'RECIBO', '00006', 'PARA DESEMBOLSO DEL CLIENTE MARCELINO COSME', 13, 3, NULL),
(204, 'EGRESO', '600', 'DESEMBOLSO DE CREDITO', '2020-01-10 17:46:16', 'ADMINISTRADOR', 'VOUCHER', '54', NULL, 13, 3, 71),
(205, 'INGRESO', '5000', 'Para desembolsos', '2020-01-10 17:46:46', 'Jackeline estrada', 'Recibo', '0001', '', 12, 7, NULL),
(206, 'EGRESO', '400', 'DESEMBOLSO DE CREDITO', '2020-01-10 17:55:25', 'ADMINISTRADOR', 'VOUCHER', '55', NULL, 13, 3, 69),
(207, 'EGRESO', '300', 'DESEMBOLSO DE CREDITO', '2020-01-10 18:43:52', 'ADMINISTRADOR', 'VOUCHER', '56', NULL, 13, 3, 72),
(208, 'INGRESO', '15', 'PAGO DE CUOTA DE CREDITO', '2020-01-10 23:45:41', 'CAJERO', 'VOUCHER', '0', NULL, 13, 3, 62),
(209, 'INGRESO', '20', 'PAGO DE CUOTA DE CREDITO', '2020-01-10 23:46:22', 'CAJERO', 'VOUCHER', '0', NULL, 13, 3, 57),
(210, 'INGRESO', '30.8', 'PAGO DE CUOTA DE CREDITO', '2020-01-10 23:47:19', 'CAJERO', 'VOUCHER', '0', NULL, 13, 3, 30),
(211, 'INGRESO', '13.2', 'PAGO DE CUOTA DE CREDITO', '2020-01-10 23:48:05', 'CAJERO', 'VOUCHER', '0', NULL, 13, 3, 65),
(212, 'INGRESO', '22', 'PAGO DE CUOTA DE CREDITO', '2020-01-10 23:48:43', 'CAJERO', 'VOUCHER', '0', NULL, 13, 3, 60),
(213, 'INGRESO', '33.6', 'PAGO DE CUOTA DE CREDITO', '2020-01-10 23:49:15', 'CAJERO', 'VOUCHER', '0', NULL, 13, 3, 58),
(214, 'INGRESO', '13.2', 'PAGO DE CUOTA DE CREDITO', '2020-01-10 23:50:06', 'CAJERO', 'VOUCHER', '0', NULL, 13, 3, 45),
(215, 'INGRESO', '110', 'PAGO DE CUOTA DE CREDITO', '2020-01-10 23:50:42', 'CAJERO', 'VOUCHER', '0', NULL, 13, 3, 31),
(216, 'INGRESO', '15', 'PAGO DE CUOTA DE CREDITO', '2020-01-10 23:51:20', 'CAJERO', 'VOUCHER', '0', NULL, 13, 3, 59),
(217, 'INGRESO', '13.2', 'PAGO DE CUOTA DE CREDITO', '2020-01-10 23:51:56', 'CAJERO', 'VOUCHER', '0', NULL, 13, 3, 50),
(218, 'INGRESO', '22', 'PAGO DE CUOTA DE CREDITO', '2020-01-10 23:52:30', 'CAJERO', 'VOUCHER', '0', NULL, 13, 3, 66),
(219, 'INGRESO', '17.6', 'PAGO DE CUOTA DE CREDITO', '2020-01-10 23:53:03', 'CAJERO', 'VOUCHER', '0', NULL, 13, 3, 51),
(220, 'INGRESO', '10', 'PAGO DE CUOTA DE CREDITO', '2020-01-10 23:53:48', 'CAJERO', 'VOUCHER', '0', NULL, 13, 3, 68),
(221, 'INGRESO', '52.8', 'PAGO DE CUOTA DE CREDITO', '2020-01-10 23:55:09', 'CAJERO', 'VOUCHER', '0', NULL, 13, 3, 38),
(222, 'INGRESO', '285', 'PAGO DE CUOTA DE CREDITO', '2020-01-11 20:56:11', 'CAJERO', 'VOUCHER', '0', NULL, 13, 3, 39),
(223, 'INGRESO', '163', 'PAGO DE CUOTA DE CREDITO', '2020-01-11 20:57:16', 'CAJERO', 'VOUCHER', '0', NULL, 13, 3, 31),
(224, 'INGRESO', '46', 'PAGO DE CUOTA DE CREDITO', '2020-01-11 20:58:36', 'CAJERO', 'VOUCHER', '0', NULL, 13, 3, 43),
(225, 'INGRESO', '13.2', 'PAGO DE CUOTA DE CREDITO', '2020-01-11 20:59:11', 'CAJERO', 'VOUCHER', '0', NULL, 13, 3, 45),
(226, 'INGRESO', '65.70', 'PAGO DE CUOTA DE CREDITO', '2020-01-11 20:59:51', 'CAJERO', 'VOUCHER', '0', NULL, 13, 3, 48),
(227, 'INGRESO', '13.2', 'PAGO DE CUOTA DE CREDITO', '2020-01-11 23:55:11', 'CAJERO', 'VOUCHER', '0', NULL, 13, 3, 72),
(228, 'INGRESO', '10', 'PAGO DE CUOTA DE CREDITO', '2020-01-11 23:55:45', 'CAJERO', 'VOUCHER', '0', NULL, 13, 3, 65),
(229, 'INGRESO', '26.4', 'PAGO DE CUOTA DE CREDITO', '2020-01-11 23:56:20', 'CAJERO', 'VOUCHER', '0', NULL, 13, 3, 67),
(230, 'INGRESO', '151', 'PAGO DE CUOTA DE CREDITO', '2020-01-11 23:57:05', 'CAJERO', 'VOUCHER', '0', NULL, 13, 3, 34),
(231, 'INGRESO', '13.2', 'PAGO DE CUOTA DE CREDITO', '2020-01-11 23:57:32', 'CAJERO', 'VOUCHER', '0', NULL, 13, 3, 55),
(232, 'INGRESO', '22', 'PAGO DE CUOTA DE CREDITO', '2020-01-11 23:58:05', 'CAJERO', 'VOUCHER', '0', NULL, 13, 3, 70),
(233, 'INGRESO', '13.2', 'PAGO DE CUOTA DE CREDITO', '2020-01-11 23:58:34', 'CAJERO', 'VOUCHER', '0', NULL, 13, 3, 50),
(234, 'INGRESO', '20', 'PAGO DE CUOTA DE CREDITO', '2020-01-11 23:59:07', 'CAJERO', 'VOUCHER', '0', NULL, 13, 3, 52),
(235, 'INGRESO', '17.6', 'PAGO DE CUOTA DE CREDITO', '2020-01-11 23:59:39', 'CAJERO', 'VOUCHER', '0', NULL, 13, 3, 51),
(236, 'INGRESO', '26.4', 'PAGO DE CUOTA DE CREDITO', '2020-01-12 00:00:11', 'CAJERO', 'VOUCHER', '0', NULL, 13, 3, 38),
(237, 'INGRESO', '15', 'PAGO DE CUOTA DE CREDITO', '2020-01-12 00:00:45', 'CAJERO', 'VOUCHER', '0', NULL, 13, 3, 62),
(238, 'INGRESO', '15', 'PAGO DE CUOTA DE CREDITO', '2020-01-12 00:01:15', 'CAJERO', 'VOUCHER', '0', NULL, 13, 3, 59),
(239, 'INGRESO', '22', 'PAGO DE CUOTA DE CREDITO', '2020-01-12 00:01:43', 'CAJERO', 'VOUCHER', '0', NULL, 13, 3, 66),
(240, 'EGRESO', '700', 'DESEMBOLSO DE CREDITO', '2020-01-13 15:32:58', 'ADMINISTRADOR', 'VOUCHER', '57', NULL, 13, 3, 73),
(241, 'INGRESO', '176', 'PAGO DE CUOTA DE CREDITO', '2020-01-13 16:47:19', 'CAJERO', 'VOUCHER', '0', NULL, 13, 3, 36),
(242, 'INGRESO', '20', 'PAGO DE CUOTA DE CREDITO', '2020-01-13 16:48:04', 'CAJERO', 'VOUCHER', '0', NULL, 13, 3, 57),
(243, 'INGRESO', '30', 'PAGO DE CUOTA DE CREDITO', '2020-01-13 17:16:58', 'CAJERO', 'VOUCHER', '0', NULL, 13, 3, 69),
(244, 'INGRESO', '27.40', 'PAGO DE CUOTA DE CREDITO', '2020-01-13 17:19:45', 'CAJERO', 'VOUCHER', '0', NULL, 13, 3, 38),
(245, 'EGRESO', '300', 'DESEMBOLSO DE CREDITO', '2020-01-13 17:27:08', 'ADMINISTRADOR', 'VOUCHER', '59', NULL, 13, 3, 75),
(246, 'INGRESO', '13.2', 'PAGO DE CUOTA DE CREDITO', '2020-01-13 18:00:32', 'CAJERO', 'VOUCHER', '0', NULL, 13, 3, 38),
(247, 'INGRESO', '17', 'PAGO DE CUOTA DE CREDITO', '2020-01-13 22:04:02', 'CAJERO', 'VOUCHER', '0', NULL, 13, 3, 69),
(248, 'INGRESO', '13.2', 'PAGO DE CUOTA DE CREDITO', '2020-01-13 22:04:36', 'CAJERO', 'VOUCHER', '0', NULL, 13, 3, 72),
(249, 'INGRESO', '22', 'PAGO DE CUOTA DE CREDITO', '2020-01-13 22:05:05', 'CAJERO', 'VOUCHER', '0', NULL, 13, 3, 60),
(250, 'INGRESO', '33.6', 'PAGO DE CUOTA DE CREDITO', '2020-01-13 22:05:42', 'CAJERO', 'VOUCHER', '0', NULL, 13, 3, 58),
(251, 'INGRESO', '30.8', 'PAGO DE CUOTA DE CREDITO', '2020-01-13 22:06:10', 'CAJERO', 'VOUCHER', '0', NULL, 13, 3, 30),
(252, 'INGRESO', '30.8', 'PAGO DE CUOTA DE CREDITO', '2020-01-13 22:06:42', 'CAJERO', 'VOUCHER', '0', NULL, 13, 3, 73),
(253, 'INGRESO', '20', 'PAGO DE CUOTA DE CREDITO', '2020-01-13 22:07:26', 'CAJERO', 'VOUCHER', '0', NULL, 13, 3, 52),
(254, 'INGRESO', '15', 'PAGO DE CUOTA DE CREDITO', '2020-01-13 22:08:14', 'CAJERO', 'VOUCHER', '0', NULL, 13, 3, 62),
(255, 'INGRESO', '22', 'PAGO DE CUOTA DE CREDITO', '2020-01-13 22:08:45', 'CAJERO', 'VOUCHER', '0', NULL, 13, 3, 70),
(256, 'INGRESO', '22', 'PAGO DE CUOTA DE CREDITO', '2020-01-13 22:08:45', 'CAJERO', 'VOUCHER', '0', NULL, 13, 3, 70),
(257, 'INGRESO', '15', 'PAGO DE CUOTA DE CREDITO', '2020-01-13 22:09:23', 'CAJERO', 'VOUCHER', '0', NULL, 13, 3, 59),
(258, 'INGRESO', '17.6', 'PAGO DE CUOTA DE CREDITO', '2020-01-13 22:10:10', 'CAJERO', 'VOUCHER', '0', NULL, 13, 3, 51),
(259, 'INGRESO', '22', 'PAGO DE CUOTA DE CREDITO', '2020-01-13 22:10:44', 'CAJERO', 'VOUCHER', '0', NULL, 13, 3, 66),
(260, 'INGRESO', '13.2', 'PAGO DE CUOTA DE CREDITO', '2020-01-13 22:11:11', 'CAJERO', 'VOUCHER', '0', NULL, 13, 3, 55),
(261, 'INGRESO', '13.2', 'PAGO DE CUOTA DE CREDITO', '2020-01-13 22:11:44', 'CAJERO', 'VOUCHER', '0', NULL, 13, 3, 45),
(262, 'EGRESO', '10', 'Combustible ', '2020-01-13 22:23:31', 'Administradora', 'Recibo', '00001', 'Combustible asesora eliana ', 13, 3, NULL),
(263, 'EGRESO', '5', 'Pago de alquiler de moto', '2020-01-13 22:24:13', 'Administradora', 'Recibo', '00001', 'Alquiler de moto asesor kevin', 13, 3, NULL),
(264, 'EGRESO', '100', 'Adelanto de sueldo', '2020-01-13 22:25:18', 'Administradora', 'Recibo', '00001', 'Adelanto de sueldo asesora eliana ', 13, 3, NULL),
(265, 'EGRESO', '400', 'DESEMBOLSO DE CREDITO', '2020-01-14 09:17:42', 'ADMINISTRADOR', 'VOUCHER', '60', NULL, 13, 3, 76),
(266, 'EGRESO', '300', 'DESEMBOLSO DE CREDITO', '2020-01-14 09:20:45', 'ADMINISTRADOR', 'VOUCHER', '61', NULL, 13, 3, 77),
(267, 'EGRESO', '300', 'DESEMBOLSO DE CREDITO', '2020-01-14 16:00:38', 'ADMINISTRADOR', 'VOUCHER', '64', NULL, 13, 3, 80),
(268, 'INGRESO', '57.50', 'PAGO DE CUOTA DE CREDITO', '2020-01-14 23:35:39', 'CAJERO', 'VOUCHER', '0', NULL, 13, 3, 41),
(269, 'INGRESO', '67', 'PAGO DE CUOTA DE CREDITO', '2020-01-14 23:36:53', 'CAJERO', 'VOUCHER', '0', NULL, 13, 3, 36),
(270, 'INGRESO', '275', 'PAGO DE CUOTA DE CREDITO', '2020-01-14 23:38:13', 'CAJERO', 'VOUCHER', '0', NULL, 13, 3, 47),
(271, 'INGRESO', '33.6', 'PAGO DE CUOTA DE CREDITO', '2020-01-14 23:38:44', 'CAJERO', 'VOUCHER', '0', NULL, 13, 3, 58),
(272, 'INGRESO', '30.8', 'PAGO DE CUOTA DE CREDITO', '2020-01-14 23:39:12', 'CAJERO', 'VOUCHER', '0', NULL, 13, 3, 30),
(273, 'INGRESO', '26.4', 'PAGO DE CUOTA DE CREDITO', '2020-01-14 23:39:56', 'CAJERO', 'VOUCHER', '0', NULL, 13, 3, 67),
(274, 'INGRESO', '15', 'PAGO DE CUOTA DE CREDITO', '2020-01-14 23:40:26', 'CAJERO', 'VOUCHER', '0', NULL, 13, 3, 65),
(275, 'INGRESO', '13.2', 'PAGO DE CUOTA DE CREDITO', '2020-01-14 23:41:01', 'CAJERO', 'VOUCHER', '0', NULL, 13, 3, 72),
(276, 'INGRESO', '88', 'PAGO DE CUOTA DE CREDITO', '2020-01-14 23:41:29', 'CAJERO', 'VOUCHER', '0', NULL, 13, 3, 43),
(277, 'INGRESO', '34', 'PAGO DE CUOTA DE CREDITO', '2020-01-14 23:42:08', 'CAJERO', 'VOUCHER', '0', NULL, 13, 3, 69),
(278, 'INGRESO', '330', 'PAGO DE CUOTA DE CREDITO', '2020-01-14 23:42:53', 'CAJERO', 'VOUCHER', '0', NULL, 13, 3, 49),
(279, 'INGRESO', '22', 'PAGO DE CUOTA DE CREDITO', '2020-01-14 23:43:26', 'CAJERO', 'VOUCHER', '0', NULL, 13, 3, 60),
(280, 'INGRESO', '55', 'PAGO DE CUOTA DE CREDITO', '2020-01-14 23:43:52', 'CAJERO', 'VOUCHER', '0', NULL, 13, 3, 44),
(281, 'INGRESO', '39.6', 'PAGO DE CUOTA DE CREDITO', '2020-01-14 23:44:25', 'CAJERO', 'VOUCHER', '0', NULL, 13, 3, 38),
(282, 'INGRESO', '22', 'PAGO DE CUOTA DE CREDITO', '2020-01-14 23:44:58', 'CAJERO', 'VOUCHER', '0', NULL, 13, 3, 66),
(283, 'INGRESO', '30.8', 'PAGO DE CUOTA DE CREDITO', '2020-01-14 23:45:32', 'CAJERO', 'VOUCHER', '0', NULL, 13, 3, 73),
(284, 'INGRESO', '20', 'PAGO DE CUOTA DE CREDITO', '2020-01-14 23:46:19', 'CAJERO', 'VOUCHER', '0', NULL, 13, 3, 52),
(285, 'INGRESO', '22', 'PAGO DE CUOTA DE CREDITO', '2020-01-14 23:47:05', 'CAJERO', 'VOUCHER', '0', NULL, 13, 3, 70),
(286, 'INGRESO', '15', 'PAGO DE CUOTA DE CREDITO', '2020-01-14 23:48:48', 'CAJERO', 'VOUCHER', '0', NULL, 13, 3, 62),
(287, 'INGRESO', '15', 'PAGO DE CUOTA DE CREDITO', '2020-01-14 23:49:24', 'CAJERO', 'VOUCHER', '0', NULL, 13, 3, 59),
(288, 'INGRESO', '17.6', 'PAGO DE CUOTA DE CREDITO', '2020-01-14 23:49:52', 'CAJERO', 'VOUCHER', '0', NULL, 13, 3, 51),
(289, 'INGRESO', '20', 'PAGO DE CUOTA DE CREDITO', '2020-01-14 23:50:23', 'CAJERO', 'VOUCHER', '0', NULL, 13, 3, 75),
(290, 'INGRESO', '13.2', 'PAGO DE CUOTA DE CREDITO', '2020-01-14 23:50:53', 'CAJERO', 'VOUCHER', '0', NULL, 13, 3, 55),
(291, 'INGRESO', '13.2', 'PAGO DE CUOTA DE CREDITO', '2020-01-14 23:51:28', 'CAJERO', 'VOUCHER', '0', NULL, 13, 3, 45),
(292, 'INGRESO', '50', 'PAGO DE CUOTA DE CREDITO', '2020-01-14 23:51:53', 'CAJERO', 'VOUCHER', '0', NULL, 13, 3, 68),
(293, 'EGRESO', '250', 'Devolución de prestamo', '2020-01-14 23:55:18', 'Administradora', 'Recibo', '00001', 'Devolución de préstamo al Sr orlando', 13, 3, NULL),
(294, 'EGRESO', '8.5', 'Compra de cartulina', '2020-01-14 23:56:22', 'Administradora', 'Recibo', '00001', 'Compra de cartulina para cronogramas ', 13, 3, NULL),
(295, 'EGRESO', '5', 'Pago de alquiler de moto', '2020-01-14 23:57:02', 'Administradora', 'Recibo', '00001', 'Alquiler de moto asesor kevin', 13, 3, NULL),
(296, 'EGRESO', '800', 'DESEMBOLSO DE CREDITO', '2020-01-15 10:14:16', 'ADMINISTRADOR', 'VOUCHER', '66', NULL, 13, 3, 82),
(297, 'INGRESO', '700', 'PARA DESEMBOLSOS', '2020-01-15 10:53:51', 'JACKELINE ESTRADA', 'RECIBO', '0000001', 'DESEMBOLSO DE LA CLIENTE GONZALES PRADO ROSA ', 13, 3, NULL),
(298, 'EGRESO', '700', 'DESEMBOLSO DE CREDITO', '2020-01-15 10:54:05', 'ADMINISTRADOR', 'VOUCHER', '65', NULL, 13, 3, 81),
(299, 'INGRESO', '192.5', 'PAGO DE CUOTA DE CREDITO', '2020-01-15 23:15:14', 'CAJERO', 'VOUCHER', '0', NULL, 13, 3, 39),
(300, 'INGRESO', '38.40', 'PAGO DE CUOTA DE CREDITO', '2020-01-15 23:16:34', 'CAJERO', 'VOUCHER', '0', NULL, 13, 3, 82),
(301, 'INGRESO', '165', 'PAGO DE CUOTA DE CREDITO', '2020-01-15 23:17:19', 'CAJERO', 'VOUCHER', '0', NULL, 13, 3, 49),
(302, 'INGRESO', '26.4', 'PAGO DE CUOTA DE CREDITO', '2020-01-15 23:17:56', 'CAJERO', 'VOUCHER', '0', NULL, 13, 3, 38),
(303, 'INGRESO', '20', 'PAGO DE CUOTA DE CREDITO', '2020-01-15 23:18:36', 'CAJERO', 'VOUCHER', '0', NULL, 13, 3, 57),
(304, 'INGRESO', '10', 'PAGO DE CUOTA DE CREDITO', '2020-01-15 23:19:42', 'CAJERO', 'VOUCHER', '0', NULL, 13, 3, 33),
(305, 'INGRESO', '26.4', 'PAGO DE CUOTA DE CREDITO', '2020-01-15 23:20:05', 'CAJERO', 'VOUCHER', '0', NULL, 13, 3, 67),
(306, 'INGRESO', '22', 'PAGO DE CUOTA DE CREDITO', '2020-01-15 23:20:38', 'CAJERO', 'VOUCHER', '0', NULL, 13, 3, 60),
(307, 'INGRESO', '26.4', 'PAGO DE CUOTA DE CREDITO', '2020-01-15 23:21:31', 'CAJERO', 'VOUCHER', '0', NULL, 13, 3, 80),
(308, 'INGRESO', '13', 'PAGO DE CUOTA DE CREDITO', '2020-01-15 23:22:00', 'CAJERO', 'VOUCHER', '0', NULL, 13, 3, 72),
(309, 'INGRESO', '30.8', 'PAGO DE CUOTA DE CREDITO', '2020-01-15 23:23:06', 'CAJERO', 'VOUCHER', '0', NULL, 13, 3, 30),
(310, 'INGRESO', '30.8', 'PAGO DE CUOTA DE CREDITO', '2020-01-15 23:24:29', 'CAJERO', 'VOUCHER', '0', NULL, 13, 3, 73),
(311, 'INGRESO', '13.2', 'PAGO DE CUOTA DE CREDITO', '2020-01-15 23:24:57', 'CAJERO', 'VOUCHER', '0', NULL, 13, 3, 45),
(312, 'INGRESO', '13.2', 'PAGO DE CUOTA DE CREDITO', '2020-01-15 23:25:35', 'CAJERO', 'VOUCHER', '0', NULL, 13, 3, 55),
(313, 'INGRESO', '15', 'PAGO DE CUOTA DE CREDITO', '2020-01-15 23:26:27', 'CAJERO', 'VOUCHER', '0', NULL, 13, 3, 59),
(314, 'INGRESO', '15', 'PAGO DE CUOTA DE CREDITO', '2020-01-15 23:27:14', 'CAJERO', 'VOUCHER', '0', NULL, 13, 3, 62),
(315, 'INGRESO', '22', 'PAGO DE CUOTA DE CREDITO', '2020-01-15 23:27:40', 'CAJERO', 'VOUCHER', '0', NULL, 13, 3, 66),
(316, 'INGRESO', '17.6', 'PAGO DE CUOTA DE CREDITO', '2020-01-15 23:28:16', 'CAJERO', 'VOUCHER', '0', NULL, 13, 3, 51),
(317, 'INGRESO', '17.6', 'PAGO DE CUOTA DE CREDITO', '2020-01-15 23:29:38', 'CAJERO', 'VOUCHER', '0', NULL, 13, 3, 76),
(318, 'INGRESO', '10', 'PAGO DE CUOTA DE CREDITO', '2020-01-15 23:30:54', 'CAJERO', 'VOUCHER', '0', NULL, 13, 3, 68),
(319, 'EGRESO', '10', 'Combustible ', '2020-01-15 23:33:18', 'Administradora', 'Recibo', '00001', 'Pago de combustible asesora eliana ', 13, 3, NULL),
(320, 'EGRESO', '5', 'Pago de alquiler de moto', '2020-01-15 23:34:18', 'Administradora', 'Recibo', '00001', 'Pago de alquiler asesor kevin', 13, 3, NULL),
(321, 'EGRESO', '15', 'Pago de celular', '2020-01-15 23:35:27', 'Administradora', 'Recibo', '00001', 'Pago de celular asesor kevin', 13, 3, NULL),
(322, 'EGRESO', '15', 'Pago de celular', '2020-01-15 23:36:19', 'Administradora', 'Recibo', '00001', 'Pago de celular asesora eliana ', 13, 3, NULL),
(323, 'EGRESO', '300', 'DESEMBOLSO DE CREDITO', '2020-01-16 09:47:10', 'ADMINISTRADOR', 'VOUCHER', '67', NULL, 13, 3, 85),
(324, 'EGRESO', '600', 'DESEMBOLSO DE CREDITO', '2020-01-16 11:13:30', 'ADMINISTRADOR', 'VOUCHER', '68', NULL, 13, 3, 84),
(325, 'INGRESO', '22', 'PAGO DE CUOTA DE CREDITO', '2020-01-16 23:08:43', 'CAJERO', 'VOUCHER', '0', NULL, 13, 3, 60),
(326, 'INGRESO', '13.2', 'PAGO DE CUOTA DE CREDITO', '2020-01-16 23:09:09', 'CAJERO', 'VOUCHER', '0', NULL, 13, 3, 80),
(327, 'INGRESO', '10', 'PAGO DE CUOTA DE CREDITO', '2020-01-16 23:09:30', 'CAJERO', 'VOUCHER', '0', NULL, 13, 3, 33),
(328, 'INGRESO', '17.6', 'PAGO DE CUOTA DE CREDITO', '2020-01-16 23:10:04', 'CAJERO', 'VOUCHER', '0', NULL, 13, 3, 69),
(329, 'INGRESO', '26.4', 'PAGO DE CUOTA DE CREDITO', '2020-01-16 23:10:50', 'CAJERO', 'VOUCHER', '0', NULL, 13, 3, 67),
(330, 'INGRESO', '242', 'PAGO DE CUOTA DE CREDITO', '2020-01-16 23:11:28', 'CAJERO', 'VOUCHER', '0', NULL, 13, 3, 43),
(331, 'INGRESO', '165', 'PAGO DE CUOTA DE CREDITO', '2020-01-16 23:13:20', 'CAJERO', 'VOUCHER', '0', NULL, 13, 3, 84),
(332, 'INGRESO', '13.2', 'PAGO DE CUOTA DE CREDITO', '2020-01-16 23:13:53', 'CAJERO', 'VOUCHER', '0', NULL, 13, 3, 45),
(333, 'INGRESO', '26.4', 'PAGO DE CUOTA DE CREDITO', '2020-01-16 23:14:24', 'CAJERO', 'VOUCHER', '0', NULL, 13, 3, 77),
(334, 'INGRESO', '105', 'PAGO DE CUOTA DE CREDITO', '2020-01-16 23:14:51', 'CAJERO', 'VOUCHER', '0', NULL, 13, 3, 40),
(335, 'INGRESO', '44', 'PAGO DE CUOTA DE CREDITO', '2020-01-16 23:15:20', 'CAJERO', 'VOUCHER', '0', NULL, 13, 3, 70),
(336, 'INGRESO', '15', 'PAGO DE CUOTA DE CREDITO', '2020-01-16 23:15:47', 'CAJERO', 'VOUCHER', '0', NULL, 13, 3, 59),
(337, 'INGRESO', '15', 'PAGO DE CUOTA DE CREDITO', '2020-01-16 23:16:11', 'CAJERO', 'VOUCHER', '0', NULL, 13, 3, 62),
(338, 'INGRESO', '22', 'PAGO DE CUOTA DE CREDITO', '2020-01-16 23:16:35', 'CAJERO', 'VOUCHER', '0', NULL, 13, 3, 66),
(339, 'INGRESO', '20', 'PAGO DE CUOTA DE CREDITO', '2020-01-16 23:17:05', 'CAJERO', 'VOUCHER', '0', NULL, 13, 3, 75),
(340, 'INGRESO', '20', 'PAGO DE CUOTA DE CREDITO', '2020-01-16 23:17:34', 'CAJERO', 'VOUCHER', '0', NULL, 13, 3, 52),
(341, 'INGRESO', '17.6', 'PAGO DE CUOTA DE CREDITO', '2020-01-16 23:18:20', 'CAJERO', 'VOUCHER', '0', NULL, 13, 3, 51),
(342, 'INGRESO', '30.8', 'PAGO DE CUOTA DE CREDITO', '2020-01-16 23:18:56', 'CAJERO', 'VOUCHER', '0', NULL, 13, 3, 73),
(343, 'EGRESO', '5', 'Pago de alquiler de moto', '2020-01-16 23:21:23', 'Administradora', 'Recibo', '00001', 'Pago de alquiler de moto asesor kevin', 13, 3, NULL),
(344, 'EGRESO', '100', 'Adelanto de sueldo', '2020-01-16 23:22:11', 'Administradora', 'Recibo', '00001', 'Adelanto de sueldo plataforma luis ', 13, 3, NULL),
(345, 'EGRESO', '500', 'DESEMBOLSO DE CREDITO', '2020-01-17 12:11:47', 'ADMINISTRADOR', 'VOUCHER', '69', NULL, 13, 3, 86),
(346, 'INGRESO', '13.2', 'PAGO DE CUOTA DE CREDITO', '2020-01-17 22:36:07', 'CAJERO', 'VOUCHER', '0', NULL, 13, 3, 77),
(347, 'INGRESO', '13.2', 'PAGO DE CUOTA DE CREDITO', '2020-01-17 22:36:59', 'CAJERO', 'VOUCHER', '0', NULL, 13, 3, 85),
(348, 'INGRESO', '30.8', 'PAGO DE CUOTA DE CREDITO', '2020-01-17 22:37:22', 'CAJERO', 'VOUCHER', '0', NULL, 13, 3, 30),
(349, 'INGRESO', '67.2', 'PAGO DE CUOTA DE CREDITO', '2020-01-17 22:37:49', 'CAJERO', 'VOUCHER', '0', NULL, 13, 3, 58),
(350, 'INGRESO', '26.6', 'PAGO DE CUOTA DE CREDITO', '2020-01-17 22:38:17', 'CAJERO', 'VOUCHER', '0', NULL, 13, 3, 72),
(351, 'INGRESO', '26.4', 'PAGO DE CUOTA DE CREDITO', '2020-01-17 22:38:45', 'CAJERO', 'VOUCHER', '0', NULL, 13, 3, 67),
(352, 'INGRESO', '13.2', 'PAGO DE CUOTA DE CREDITO', '2020-01-17 22:39:15', 'CAJERO', 'VOUCHER', '0', NULL, 13, 3, 80),
(353, 'INGRESO', '10', 'PAGO DE CUOTA DE CREDITO', '2020-01-17 22:39:43', 'CAJERO', 'VOUCHER', '0', NULL, 13, 3, 33),
(354, 'INGRESO', '22', 'PAGO DE CUOTA DE CREDITO', '2020-01-17 22:40:03', 'CAJERO', 'VOUCHER', '0', NULL, 13, 3, 60),
(355, 'INGRESO', '52.8', 'PAGO DE CUOTA DE CREDITO', '2020-01-17 22:40:49', 'CAJERO', 'VOUCHER', '0', NULL, 13, 3, 38),
(356, 'INGRESO', '13.2', 'PAGO DE CUOTA DE CREDITO', '2020-01-17 22:41:41', 'CAJERO', 'VOUCHER', '0', NULL, 13, 3, 45),
(357, 'INGRESO', '26.4', 'PAGO DE CUOTA DE CREDITO', '2020-01-17 22:42:08', 'CAJERO', 'VOUCHER', '0', NULL, 13, 3, 55),
(358, 'INGRESO', '194.5', 'PAGO DE CUOTA DE CREDITO', '2020-01-17 22:42:47', 'CAJERO', 'VOUCHER', '0', NULL, 13, 3, 61),
(359, 'INGRESO', '20', 'PAGO DE CUOTA DE CREDITO', '2020-01-17 22:43:17', 'CAJERO', 'VOUCHER', '0', NULL, 13, 3, 52),
(360, 'INGRESO', '20', 'PAGO DE CUOTA DE CREDITO', '2020-01-17 22:43:41', 'CAJERO', 'VOUCHER', '0', NULL, 13, 3, 75),
(361, 'INGRESO', '35.2', 'PAGO DE CUOTA DE CREDITO', '2020-01-17 22:44:21', 'CAJERO', 'VOUCHER', '0', NULL, 13, 3, 76),
(362, 'INGRESO', '22', 'PAGO DE CUOTA DE CREDITO', '2020-01-17 22:45:07', 'CAJERO', 'VOUCHER', '0', NULL, 13, 3, 70),
(363, 'INGRESO', '15', 'PAGO DE CUOTA DE CREDITO', '2020-01-17 22:45:39', 'CAJERO', 'VOUCHER', '0', NULL, 13, 3, 62),
(364, 'INGRESO', '17.6', 'PAGO DE CUOTA DE CREDITO', '2020-01-17 22:46:34', 'CAJERO', 'VOUCHER', '0', NULL, 13, 3, 51),
(365, 'INGRESO', '22', 'PAGO DE CUOTA DE CREDITO', '2020-01-17 22:47:00', 'CAJERO', 'VOUCHER', '0', NULL, 13, 3, 66),
(366, 'INGRESO', '30.8', 'PAGO DE CUOTA DE CREDITO', '2020-01-17 22:47:37', 'CAJERO', 'VOUCHER', '0', NULL, 13, 3, 73),
(367, 'INGRESO', '15', 'PAGO DE CUOTA DE CREDITO', '2020-01-17 22:48:12', 'CAJERO', 'VOUCHER', '0', NULL, 13, 3, 59),
(368, 'EGRESO', '10', 'Combustible ', '2020-01-17 22:50:17', 'Administradora', 'Recibo', '00001', 'Pago de combustible de moto asesora eliana', 13, 3, NULL),
(369, 'EGRESO', '5', 'Pago de alquiler de moto', '2020-01-17 22:50:56', 'Administradora', 'Recibo', '00001', 'Pago de alquiler de moto asesor kevin', 13, 3, NULL),
(370, 'EGRESO', '500', 'DESEMBOLSO DE CREDITO', '2020-01-18 12:26:38', 'ADMINISTRADOR', 'VOUCHER', '72', NULL, 13, 3, 88),
(371, 'EGRESO', '400', 'DESEMBOLSO DE CREDITO', '2020-01-18 12:31:49', 'ADMINISTRADOR', 'VOUCHER', '71', NULL, 13, 3, 89),
(372, 'INGRESO', '500', 'PARA DESEMBOLSOS', '2020-01-18 13:01:39', 'JACKELINE ESTRADA', 'RECIBO', '00006', 'PARA DESMBOSLSO DE LA SEÑORA FIORELA EZPINOZA', 13, 3, NULL),
(373, 'EGRESO', '500', 'DESEMBOLSO DE CREDITO', '2020-01-18 13:01:51', 'ADMINISTRADOR', 'VOUCHER', '70', NULL, 13, 3, 87),
(374, 'INGRESO', '19.2', 'PAGO DE CUOTA DE CREDITO', '2020-01-18 22:07:01', 'CAJERO', 'VOUCHER', '0', NULL, 13, 3, 82),
(375, 'INGRESO', '131.3', 'PAGO DE CUOTA DE CREDITO', '2020-01-18 22:07:49', 'CAJERO', 'VOUCHER', '0', NULL, 13, 3, 48),
(376, 'INGRESO', '13.2', 'PAGO DE CUOTA DE CREDITO', '2020-01-18 22:08:23', 'CAJERO', 'VOUCHER', '0', NULL, 13, 3, 85),
(377, 'INGRESO', '30.8', 'PAGO DE CUOTA DE CREDITO', '2020-01-18 22:09:33', 'CAJERO', 'VOUCHER', '0', NULL, 13, 3, 30),
(378, 'INGRESO', '26.4', 'PAGO DE CUOTA DE CREDITO', '2020-01-18 22:10:03', 'CAJERO', 'VOUCHER', '0', NULL, 13, 3, 67),
(379, 'INGRESO', '34', 'PAGO DE CUOTA DE CREDITO', '2020-01-18 22:11:00', 'CAJERO', 'VOUCHER', '0', NULL, 13, 3, 69),
(380, 'INGRESO', '20', 'PAGO DE CUOTA DE CREDITO', '2020-01-18 22:11:29', 'CAJERO', 'VOUCHER', '0', NULL, 13, 3, 75),
(381, 'INGRESO', '20', 'PAGO DE CUOTA DE CREDITO', '2020-01-18 22:12:00', 'CAJERO', 'VOUCHER', '0', NULL, 13, 3, 68),
(382, 'INGRESO', '20', 'PAGO DE CUOTA DE CREDITO', '2020-01-18 22:12:27', 'CAJERO', 'VOUCHER', '0', NULL, 13, 3, 52),
(383, 'INGRESO', '15', 'PAGO DE CUOTA DE CREDITO', '2020-01-18 22:13:07', 'CAJERO', 'VOUCHER', '0', NULL, 13, 3, 59),
(384, 'INGRESO', '17.6', 'PAGO DE CUOTA DE CREDITO', '2020-01-18 22:13:52', 'CAJERO', 'VOUCHER', '0', NULL, 13, 3, 51),
(385, 'INGRESO', '22', 'PAGO DE CUOTA DE CREDITO', '2020-01-18 22:14:18', 'CAJERO', 'VOUCHER', '0', NULL, 13, 3, 66),
(386, 'INGRESO', '30.8', 'PAGO DE CUOTA DE CREDITO', '2020-01-18 22:16:29', 'CAJERO', 'VOUCHER', '0', NULL, 13, 3, 73),
(387, 'INGRESO', '15', 'PAGO DE CUOTA DE CREDITO', '2020-01-18 22:16:57', 'CAJERO', 'VOUCHER', '0', NULL, 13, 3, 62),
(388, 'INGRESO', '13.2', 'PAGO DE CUOTA DE CREDITO', '2020-01-18 22:17:32', 'CAJERO', 'VOUCHER', '0', NULL, 13, 3, 45),
(389, 'EGRESO', '214.2', 'Pago de sueldo ', '2020-01-18 22:19:01', 'Administradora', 'Recibo', '00001', 'Pago de sueldo asesor Kevin Gómez ', 13, 3, NULL),
(390, 'EGRESO', '35', 'Alquiler y combustible de moto', '2020-01-18 22:19:58', 'Administradora', 'Recibo', '00001', 'Pago de alquiler de moto y combustible semanal asesor kevin', 13, 3, NULL),
(391, 'INGRESO', '500', 'PARA DESEMBOLSOS', '2020-01-20 11:40:38', 'JACKELINE ESTRADA', 'RECIBO', '00006', 'PARA DESEMBOLSO DE LA CLIENTE RUIZ HUIMAN SANDRA', 13, 3, NULL),
(392, 'EGRESO', '500', 'DESEMBOLSO DE CREDITO', '2020-01-20 11:40:53', 'ADMINISTRADOR', 'VOUCHER', '74', NULL, 13, 3, 91),
(393, 'INGRESO', '500', 'PARA DESEMBOLSOS', '2020-01-20 16:36:00', 'JACKELINE ESTRADA', 'RECIBO', '00006', 'PARA DESEMBOLSO DEL CLIENTE ARIAS TORRES JOSE', 13, 3, NULL),
(394, 'EGRESO', '500', 'DESEMBOLSO DE CREDITO', '2020-01-20 16:36:12', 'ADMINISTRADOR', 'VOUCHER', '73', NULL, 13, 3, 90),
(395, 'INGRESO', '500', 'habilitacion para desembolso', '2020-01-20 18:29:31', 'JACKELINE ESTRADA', 'RECIBO', 'RECIBO', 'PARA REFINANCIACION DEL CLIENTE JUSTO HUAMANI', 13, 3, NULL),
(396, 'EGRESO', '500', 'DESEMBOLSO DE CREDITO', '2020-01-20 18:29:39', 'ADMINISTRADOR', 'VOUCHER', '75', NULL, 13, 3, 92),
(397, 'INGRESO', '63', 'PAGO DE CUOTA DE CREDITO', '2020-01-21 04:52:23', 'CAJERO', 'VOUCHER', '0', NULL, 13, 3, 44),
(398, 'INGRESO', '13.2', 'PAGO DE CUOTA DE CREDITO', '2020-01-21 04:53:27', 'CAJERO', 'VOUCHER', '0', NULL, 13, 3, 85),
(399, 'INGRESO', '30', 'PAGO DE CUOTA DE CREDITO', '2020-01-21 04:54:39', 'CAJERO', 'VOUCHER', '0', NULL, 13, 3, 57),
(400, 'INGRESO', '90', 'PAGO DE CUOTA DE CREDITO', '2020-01-21 04:55:08', 'CAJERO', 'VOUCHER', '0', NULL, 13, 3, 71),
(401, 'INGRESO', '45', 'PAGO DE CUOTA DE CREDITO', '2020-01-21 04:58:00', 'CAJERO', 'VOUCHER', '0', NULL, 13, 3, 88),
(402, 'INGRESO', '22', 'PAGO DE CUOTA DE CREDITO', '2020-01-21 04:59:28', 'CAJERO', 'VOUCHER', '0', NULL, 13, 3, 91),
(403, 'INGRESO', '137.5', 'PAGO DE CUOTA DE CREDITO', '2020-01-21 05:00:18', 'CAJERO', 'VOUCHER', '0', NULL, 13, 3, 47),
(404, 'INGRESO', '246.40', 'PAGO DE CUOTA DE CREDITO', '2020-01-21 05:01:15', 'CAJERO', 'VOUCHER', '0', NULL, 13, 3, 30),
(405, 'INGRESO', '26.4', 'PAGO DE CUOTA DE CREDITO', '2020-01-21 05:03:08', 'CAJERO', 'VOUCHER', '0', NULL, 13, 3, 67),
(406, 'INGRESO', '22', 'PAGO DE CUOTA DE CREDITO', '2020-01-21 05:03:55', 'CAJERO', 'VOUCHER', '0', NULL, 13, 3, 60),
(407, 'INGRESO', '33.6', 'PAGO DE CUOTA DE CREDITO', '2020-01-21 05:04:47', 'CAJERO', 'VOUCHER', '0', NULL, 13, 3, 58),
(408, 'INGRESO', '10', 'PAGO DE CUOTA DE CREDITO', '2020-01-21 05:05:38', 'CAJERO', 'VOUCHER', '0', NULL, 13, 3, 33),
(409, 'INGRESO', '26', 'PAGO DE CUOTA DE CREDITO', '2020-01-21 05:06:09', 'CAJERO', 'VOUCHER', '0', NULL, 13, 3, 72),
(410, 'INGRESO', '26.40', 'PAGO DE CUOTA DE CREDITO', '2020-01-21 05:07:42', 'CAJERO', 'VOUCHER', '0', NULL, 13, 3, 80),
(411, 'INGRESO', '79.20', 'PAGO DE CUOTA DE CREDITO', '2020-01-21 05:09:01', 'CAJERO', 'VOUCHER', '0', NULL, 13, 3, 50),
(412, 'INGRESO', '22', 'PAGO DE CUOTA DE CREDITO', '2020-01-21 05:09:38', 'CAJERO', 'VOUCHER', '0', NULL, 13, 3, 66),
(413, 'INGRESO', '45', 'PAGO DE CUOTA DE CREDITO', '2020-01-21 05:10:12', 'CAJERO', 'VOUCHER', '0', NULL, 13, 3, 70),
(414, 'INGRESO', '20', 'PAGO DE CUOTA DE CREDITO', '2020-01-21 05:11:18', 'CAJERO', 'VOUCHER', '0', NULL, 13, 3, 52),
(415, 'INGRESO', '15', 'PAGO DE CUOTA DE CREDITO', '2020-01-21 05:11:46', 'CAJERO', 'VOUCHER', '0', NULL, 13, 3, 59),
(416, 'INGRESO', '17.6', 'PAGO DE CUOTA DE CREDITO', '2020-01-21 05:12:36', 'CAJERO', 'VOUCHER', '0', NULL, 13, 3, 51),
(417, 'INGRESO', '35.2', 'PAGO DE CUOTA DE CREDITO', '2020-01-21 05:13:02', 'CAJERO', 'VOUCHER', '0', NULL, 13, 3, 76),
(418, 'INGRESO', '15', 'PAGO DE CUOTA DE CREDITO', '2020-01-21 05:13:28', 'CAJERO', 'VOUCHER', '0', NULL, 13, 3, 62),
(419, 'EGRESO', '10', 'Combustible ', '2020-01-21 05:15:43', 'Administradora', 'Recibo', '00001', 'Combustible asesora eliana', 13, 3, NULL),
(420, 'EGRESO', '5', 'Pago de alquiler de moto', '2020-01-21 05:16:23', 'Administradora', 'Recibo', '00001', 'Pago de alquiler de moto', 13, 3, NULL),
(421, 'EGRESO', '300', 'DESEMBOLSO DE CREDITO', '2020-01-21 09:55:56', 'ADMINISTRADOR', 'VOUCHER', '79', NULL, 13, 3, 97),
(422, 'EGRESO', '500', 'DESEMBOLSO DE CREDITO', '2020-01-21 09:56:50', 'ADMINISTRADOR', 'VOUCHER', '76', NULL, 13, 3, 94),
(423, 'EGRESO', '150', 'DESEMBOLSO DE CREDITO', '2020-01-21 10:54:31', 'ADMINISTRADOR', 'VOUCHER', '78', NULL, 13, 3, 95),
(424, 'EGRESO', '300', 'DESEMBOLSO DE CREDITO', '2020-01-21 11:15:49', 'ADMINISTRADOR', 'VOUCHER', '85', NULL, 13, 3, 96),
(425, 'INGRESO', '300', 'habilitacion para desembolso', '2020-01-21 11:28:23', 'JACKELINE ESTRADA', 'RECIBO', '0000001', 'PARA DESEMBOLSO DEL CLIENTE RONALDO RAMOS', 13, 3, NULL),
(426, 'EGRESO', '300', 'DESEMBOLSO DE CREDITO', '2020-01-21 11:29:57', 'ADMINISTRADOR', 'VOUCHER', '83', NULL, 13, 3, 101),
(427, 'INGRESO', '300', 'habilitacion para desembolso', '2020-01-21 17:53:37', 'JACKELINE ESTRADA', 'RECIBO', 'RECIBO', 'PARA DESEMBOLSO DEL CLIENTE SACAYCO MELO JULIO', 13, 3, NULL),
(428, 'EGRESO', '300', 'DESEMBOLSO DE CREDITO', '2020-01-21 17:53:47', 'ADMINISTRADOR', 'VOUCHER', '80', NULL, 13, 3, 98),
(429, 'INGRESO', '500', 'PARA DESEMBOLSOS', '2020-01-21 18:49:09', 'JACKELINE ESTRADA', 'RECIBO', '0000001', 'PARA DESEMBOLSO DE LA CLIENTE ROJAS GAMBOA DE NOGALES', 13, 3, NULL),
(430, 'EGRESO', '500', 'DESEMBOLSO DE CREDITO', '2020-01-21 18:49:19', 'ADMINISTRADOR', 'VOUCHER', '84', NULL, 13, 3, 102),
(431, 'INGRESO', '13.2', 'PAGO DE CUOTA DE CREDITO', '2020-01-21 23:20:46', 'CAJERO', 'VOUCHER', '0', NULL, 13, 3, 85),
(432, 'INGRESO', '53.8', 'PAGO DE CUOTA DE CREDITO', '2020-01-21 23:21:49', 'CAJERO', 'VOUCHER', '0', NULL, 13, 3, 89),
(433, 'INGRESO', '100', 'PAGO DE CUOTA DE CREDITO', '2020-01-21 23:24:01', 'CAJERO', 'VOUCHER', '0', NULL, 13, 3, 39),
(434, 'INGRESO', '57.6', 'PAGO DE CUOTA DE CREDITO', '2020-01-21 23:24:40', 'CAJERO', 'VOUCHER', '0', NULL, 13, 3, 82),
(435, 'INGRESO', '60', 'PAGO DE CUOTA DE CREDITO', '2020-01-21 23:25:12', 'CAJERO', 'VOUCHER', '0', NULL, 13, 3, 71),
(436, 'INGRESO', '21', 'PAGO DE CUOTA DE CREDITO', '2020-01-21 23:25:36', 'CAJERO', 'VOUCHER', '0', NULL, 13, 3, 44),
(437, 'INGRESO', '23', 'PAGO DE CUOTA DE CREDITO', '2020-01-21 23:26:04', 'CAJERO', 'VOUCHER', '0', NULL, 13, 3, 41),
(438, 'INGRESO', '26.4', 'PAGO DE CUOTA DE CREDITO', '2020-01-21 23:26:32', 'CAJERO', 'VOUCHER', '0', NULL, 13, 3, 67),
(439, 'INGRESO', '66', 'PAGO DE CUOTA DE CREDITO', '2020-01-21 23:27:05', 'CAJERO', 'VOUCHER', '0', NULL, 13, 3, 65),
(440, 'INGRESO', '22', 'PAGO DE CUOTA DE CREDITO', '2020-01-21 23:27:34', 'CAJERO', 'VOUCHER', '0', NULL, 13, 3, 60),
(441, 'INGRESO', '13.2', 'PAGO DE CUOTA DE CREDITO', '2020-01-21 23:28:08', 'CAJERO', 'VOUCHER', '0', NULL, 13, 3, 80),
(442, 'INGRESO', '17', 'PAGO DE CUOTA DE CREDITO', '2020-01-21 23:28:46', 'CAJERO', 'VOUCHER', '0', NULL, 13, 3, 69),
(443, 'INGRESO', '67.20', 'PAGO DE CUOTA DE CREDITO', '2020-01-21 23:29:21', 'CAJERO', 'VOUCHER', '0', NULL, 13, 3, 58),
(444, 'INGRESO', '30.8', 'PAGO DE CUOTA DE CREDITO', '2020-01-21 23:30:03', 'CAJERO', 'VOUCHER', '0', NULL, 13, 3, 73),
(445, 'INGRESO', '66', 'PAGO DE CUOTA DE CREDITO', '2020-01-21 23:30:30', 'CAJERO', 'VOUCHER', '0', NULL, 13, 3, 68),
(446, 'INGRESO', '39.6', 'PAGO DE CUOTA DE CREDITO', '2020-01-21 23:31:25', 'CAJERO', 'VOUCHER', '0', NULL, 13, 3, 55),
(447, 'INGRESO', '22', 'PAGO DE CUOTA DE CREDITO', '2020-01-21 23:31:59', 'CAJERO', 'VOUCHER', '0', NULL, 13, 3, 70),
(448, 'INGRESO', '22', 'PAGO DE CUOTA DE CREDITO', '2020-01-21 23:32:23', 'CAJERO', 'VOUCHER', '0', NULL, 13, 3, 75),
(449, 'INGRESO', '15', 'PAGO DE CUOTA DE CREDITO', '2020-01-21 23:32:52', 'CAJERO', 'VOUCHER', '0', NULL, 13, 3, 62),
(450, 'INGRESO', '13.2', 'PAGO DE CUOTA DE CREDITO', '2020-01-21 23:33:19', 'CAJERO', 'VOUCHER', '0', NULL, 13, 3, 50),
(451, 'INGRESO', '17.6', 'PAGO DE CUOTA DE CREDITO', '2020-01-21 23:35:26', 'CAJERO', 'VOUCHER', '0', NULL, 13, 3, 51),
(452, 'INGRESO', '20', 'PAGO DE CUOTA DE CREDITO', '2020-01-21 23:35:59', 'CAJERO', 'VOUCHER', '0', NULL, 13, 3, 52),
(453, 'INGRESO', '15', 'PAGO DE CUOTA DE CREDITO', '2020-01-21 23:36:24', 'CAJERO', 'VOUCHER', '0', NULL, 13, 3, 59),
(454, 'INGRESO', '17.6', 'PAGO DE CUOTA DE CREDITO', '2020-01-21 23:36:49', 'CAJERO', 'VOUCHER', '0', NULL, 13, 3, 76),
(455, 'INGRESO', '30.8', 'PAGO DE CUOTA DE CREDITO', '2020-01-21 23:38:01', 'CAJERO', 'VOUCHER', '0', NULL, 13, 3, 73),
(456, 'INGRESO', '13.2', 'PAGO DE CUOTA DE CREDITO', '2020-01-21 23:38:31', 'CAJERO', 'VOUCHER', '0', NULL, 13, 3, 45),
(457, 'INGRESO', '22', 'PAGO DE CUOTA DE CREDITO', '2020-01-21 23:38:52', 'CAJERO', 'VOUCHER', '0', NULL, 13, 3, 66),
(458, 'EGRESO', '5', 'Pago de alquiler de moto', '2020-01-21 23:39:52', 'Administradora', 'Recibo', '00001', 'Pago de alquiler de moto asesor kevin', 13, 3, NULL),
(459, 'EGRESO', '500', 'DESEMBOLSO DE CREDITO', '2020-01-22 16:45:56', 'ADMINISTRADOR', 'VOUCHER', '88', NULL, 13, 3, 105),
(460, 'EGRESO', '150', 'DESEMBOLSO DE CREDITO', '2020-01-22 18:26:34', 'ADMINISTRADOR', 'VOUCHER', '89', NULL, 13, 3, 106),
(461, 'INGRESO', '26.4', 'PAGO DE CUOTA DE CREDITO', '2020-01-22 19:36:17', 'CAJERO', 'VOUCHER', '0', NULL, 13, 3, 85),
(462, 'INGRESO', '22', 'PAGO DE CUOTA DE CREDITO', '2020-01-22 19:36:43', 'CAJERO', 'VOUCHER', '0', NULL, 13, 3, 38),
(463, 'INGRESO', '8.30', 'PAGO DE CUOTA DE CREDITO', '2020-01-22 19:37:20', 'CAJERO', 'VOUCHER', '0', NULL, 13, 3, 95),
(464, 'INGRESO', '13.2', 'PAGO DE CUOTA DE CREDITO', '2020-01-22 19:37:48', 'CAJERO', 'VOUCHER', '0', NULL, 13, 3, 77),
(465, 'INGRESO', '13.2', 'PAGO DE CUOTA DE CREDITO', '2020-01-22 19:38:23', 'CAJERO', 'VOUCHER', '0', NULL, 13, 3, 80),
(466, 'INGRESO', '44', 'PAGO DE CUOTA DE CREDITO', '2020-01-22 19:38:45', 'CAJERO', 'VOUCHER', '0', NULL, 13, 3, 91),
(467, 'INGRESO', '13.2', 'PAGO DE CUOTA DE CREDITO', '2020-01-22 19:39:08', 'CAJERO', 'VOUCHER', '0', NULL, 13, 3, 72),
(468, 'INGRESO', '22', 'PAGO DE CUOTA DE CREDITO', '2020-01-22 19:41:25', 'CAJERO', 'VOUCHER', '0', NULL, 13, 3, 60),
(469, 'INGRESO', '10', 'PAGO DE CUOTA DE CREDITO', '2020-01-22 19:42:25', 'CAJERO', 'VOUCHER', '0', NULL, 13, 3, 33),
(470, 'INGRESO', '44', 'PAGO DE CUOTA DE CREDITO', '2020-01-22 19:43:59', 'CAJERO', 'VOUCHER', '0', NULL, 13, 3, 87),
(471, 'INGRESO', '13.2', 'PAGO DE CUOTA DE CREDITO', '2020-01-22 19:44:32', 'CAJERO', 'VOUCHER', '0', NULL, 13, 3, 96);
INSERT INTO `movimientos` (`idmovimiento`, `tipo`, `monto`, `concepto`, `fecha_mov`, `autoriza`, `tipo_comprobante`, `nro_comprobante`, `detalle`, `cajas_idcaja`, `usuarios_idusuario`, `creditos_idcredito`) VALUES
(472, 'INGRESO', '22', 'PAGO DE CUOTA DE CREDITO', '2020-01-22 19:45:09', 'CAJERO', 'VOUCHER', '0', NULL, 13, 3, 102),
(473, 'INGRESO', '67.2', 'PAGO DE CUOTA DE CREDITO', '2020-01-22 19:46:16', 'CAJERO', 'VOUCHER', '0', NULL, 13, 3, 58),
(474, 'INGRESO', '26.4', 'PAGO DE CUOTA DE CREDITO', '2020-01-22 22:16:25', 'CAJERO', 'VOUCHER', '0', NULL, 13, 3, 67),
(475, 'INGRESO', '198', 'PAGO DE CUOTA DE CREDITO', '2020-01-22 22:17:38', 'CAJERO', 'VOUCHER', '0', NULL, 13, 3, 65),
(476, 'INGRESO', '13.2', 'PAGO DE CUOTA DE CREDITO', '2020-01-22 22:19:08', 'CAJERO', 'VOUCHER', '0', NULL, 13, 3, 45),
(477, 'INGRESO', '30.8', 'PAGO DE CUOTA DE CREDITO', '2020-01-22 22:20:20', 'CAJERO', 'VOUCHER', '0', NULL, 13, 3, 73),
(478, 'INGRESO', '174', 'PAGO DE CUOTA DE CREDITO', '2020-01-22 22:20:57', 'CAJERO', 'VOUCHER', '0', NULL, 13, 3, 68),
(479, 'INGRESO', '13.2', 'PAGO DE CUOTA DE CREDITO', '2020-01-22 22:21:35', 'CAJERO', 'VOUCHER', '0', NULL, 13, 3, 55),
(480, 'INGRESO', '22', 'PAGO DE CUOTA DE CREDITO', '2020-01-22 22:21:59', 'CAJERO', 'VOUCHER', '0', NULL, 13, 3, 66),
(481, 'INGRESO', '13.2', 'PAGO DE CUOTA DE CREDITO', '2020-01-22 22:22:26', 'CAJERO', 'VOUCHER', '0', NULL, 13, 3, 97),
(482, 'INGRESO', '13.2', 'PAGO DE CUOTA DE CREDITO', '2020-01-22 22:23:19', 'CAJERO', 'VOUCHER', '0', NULL, 13, 3, 50),
(483, 'INGRESO', '20', 'PAGO DE CUOTA DE CREDITO', '2020-01-22 22:23:54', 'CAJERO', 'VOUCHER', '0', NULL, 13, 3, 75),
(484, 'INGRESO', '15', 'PAGO DE CUOTA DE CREDITO', '2020-01-22 22:24:26', 'CAJERO', 'VOUCHER', '0', NULL, 13, 3, 62),
(485, 'INGRESO', '21', 'PAGO DE CUOTA DE CREDITO', '2020-01-22 22:26:11', 'CAJERO', 'VOUCHER', '0', NULL, 13, 3, 44),
(486, 'INGRESO', '17.6', 'PAGO DE CUOTA DE CREDITO', '2020-01-22 22:26:54', 'CAJERO', 'VOUCHER', '0', NULL, 13, 3, 51),
(487, 'INGRESO', '15', 'PAGO DE CUOTA DE CREDITO', '2020-01-22 22:27:23', 'CAJERO', 'VOUCHER', '0', NULL, 13, 3, 59),
(488, 'INGRESO', '13.2', 'PAGO DE CUOTA DE CREDITO', '2020-01-22 22:27:44', 'CAJERO', 'VOUCHER', '0', NULL, 13, 3, 98),
(489, 'EGRESO', '10', 'Combustible ', '2020-01-22 22:29:41', 'Administradora', 'Recibo', '00001', 'Pago de combustible asesora eliana ', 13, 3, NULL),
(490, 'EGRESO', '5', 'Pago de alquiler de moto', '2020-01-22 22:30:16', 'Administradora', 'Recibo', '00001', 'Pago de alquiler de moto ', 13, 3, NULL),
(491, 'EGRESO', '250', 'DESEMBOLSO DE CREDITO', '2020-01-23 11:12:12', 'ADMINISTRADOR', 'VOUCHER', '86', NULL, 13, 3, 103),
(492, 'EGRESO', '600', 'DESEMBOLSO DE CREDITO', '2020-01-23 12:12:14', 'ADMINISTRADOR', 'VOUCHER', '90', NULL, 13, 3, 107),
(493, 'EGRESO', '400', 'DESEMBOLSO DE CREDITO', '2020-01-23 17:55:14', 'ADMINISTRADOR', 'VOUCHER', '91', NULL, 13, 3, 108),
(494, 'INGRESO', '38.4', 'PAGO DE CUOTA DE CREDITO', '2020-01-23 23:21:12', 'CAJERO', 'VOUCHER', '0', NULL, 13, 3, 82),
(495, 'INGRESO', '17.6', 'PAGO DE CUOTA DE CREDITO', '2020-01-23 23:21:42', 'CAJERO', 'VOUCHER', '0', NULL, 13, 3, 89),
(496, 'INGRESO', '13.2', 'PAGO DE CUOTA DE CREDITO', '2020-01-23 23:22:41', 'CAJERO', 'VOUCHER', '0', NULL, 13, 3, 97),
(497, 'INGRESO', '13.2', 'PAGO DE CUOTA DE CREDITO', '2020-01-23 23:23:31', 'CAJERO', 'VOUCHER', '0', NULL, 13, 3, 106),
(498, 'INGRESO', '8.3', 'PAGO DE CUOTA DE CREDITO', '2020-01-23 23:24:02', 'CAJERO', 'VOUCHER', '0', NULL, 13, 3, 95),
(499, 'INGRESO', '13.2', 'PAGO DE CUOTA DE CREDITO', '2020-01-23 23:24:31', 'CAJERO', 'VOUCHER', '0', NULL, 13, 3, 72),
(500, 'INGRESO', '192.5', 'PAGO DE CUOTA DE CREDITO', '2020-01-23 23:25:05', 'CAJERO', 'VOUCHER', '0', NULL, 13, 3, 81),
(501, 'INGRESO', '13.2', 'PAGO DE CUOTA DE CREDITO', '2020-01-23 23:25:37', 'CAJERO', 'VOUCHER', '0', NULL, 13, 3, 96),
(502, 'INGRESO', '26.4', 'PAGO DE CUOTA DE CREDITO', '2020-01-23 23:26:02', 'CAJERO', 'VOUCHER', '0', NULL, 13, 3, 67),
(503, 'INGRESO', '33.6', 'PAGO DE CUOTA DE CREDITO', '2020-01-23 23:26:51', 'CAJERO', 'VOUCHER', '0', NULL, 13, 3, 58),
(504, 'INGRESO', '22', 'PAGO DE CUOTA DE CREDITO', '2020-01-23 23:27:37', 'CAJERO', 'VOUCHER', '0', NULL, 13, 3, 60),
(505, 'INGRESO', '13.2', 'PAGO DE CUOTA DE CREDITO', '2020-01-23 23:28:03', 'CAJERO', 'VOUCHER', '0', NULL, 13, 3, 80),
(506, 'INGRESO', '22', 'PAGO DE CUOTA DE CREDITO', '2020-01-23 23:28:41', 'CAJERO', 'VOUCHER', '0', NULL, 13, 3, 105),
(507, 'INGRESO', '44', 'PAGO DE CUOTA DE CREDITO', '2020-01-23 23:29:19', 'CAJERO', 'VOUCHER', '0', NULL, 13, 3, 43),
(508, 'INGRESO', '44', 'PAGO DE CUOTA DE CREDITO', '2020-01-23 23:29:38', 'CAJERO', 'VOUCHER', '0', NULL, 13, 3, 88),
(509, 'INGRESO', '22', 'PAGO DE CUOTA DE CREDITO', '2020-01-23 23:30:04', 'CAJERO', 'VOUCHER', '0', NULL, 13, 3, 102),
(510, 'INGRESO', '10', 'PAGO DE CUOTA DE CREDITO', '2020-01-23 23:30:36', 'CAJERO', 'VOUCHER', '0', NULL, 13, 3, 33),
(511, 'INGRESO', '30.8', 'PAGO DE CUOTA DE CREDITO', '2020-01-23 23:31:19', 'CAJERO', 'VOUCHER', '0', NULL, 13, 3, 73),
(512, 'INGRESO', '22', 'PAGO DE CUOTA DE CREDITO', '2020-01-23 23:31:50', 'CAJERO', 'VOUCHER', '0', NULL, 13, 3, 66),
(513, 'INGRESO', '45', 'PAGO DE CUOTA DE CREDITO', '2020-01-23 23:32:19', 'CAJERO', 'VOUCHER', '0', NULL, 13, 3, 70),
(514, 'INGRESO', '15', 'PAGO DE CUOTA DE CREDITO', '2020-01-23 23:33:06', 'CAJERO', 'VOUCHER', '0', NULL, 13, 3, 62),
(515, 'INGRESO', '13.2', 'PAGO DE CUOTA DE CREDITO', '2020-01-23 23:33:36', 'CAJERO', 'VOUCHER', '0', NULL, 13, 3, 50),
(516, 'INGRESO', '50', 'PAGO DE CUOTA DE CREDITO', '2020-01-23 23:34:00', 'CAJERO', 'VOUCHER', '0', NULL, 13, 3, 75),
(517, 'INGRESO', '105', 'PAGO DE CUOTA DE CREDITO', '2020-01-23 23:34:54', 'CAJERO', 'VOUCHER', '0', NULL, 13, 3, 40),
(518, 'INGRESO', '15', 'PAGO DE CUOTA DE CREDITO', '2020-01-23 23:35:32', 'CAJERO', 'VOUCHER', '0', NULL, 13, 3, 59),
(519, 'INGRESO', '158.4', 'PAGO DE CUOTA DE CREDITO', '2020-01-23 23:36:46', 'CAJERO', 'VOUCHER', '0', NULL, 13, 3, 51),
(520, 'INGRESO', '20', 'PAGO DE CUOTA DE CREDITO', '2020-01-23 23:37:11', 'CAJERO', 'VOUCHER', '0', NULL, 13, 3, 44),
(521, 'INGRESO', '35.2', 'PAGO DE CUOTA DE CREDITO', '2020-01-23 23:37:39', 'CAJERO', 'VOUCHER', '0', NULL, 13, 3, 76),
(522, 'INGRESO', '50', 'PAGO DE CUOTA DE CREDITO', '2020-01-23 23:38:01', 'CAJERO', 'VOUCHER', '0', NULL, 13, 3, 52),
(523, 'EGRESO', '5', 'Pago de alquiler de moto', '2020-01-23 23:39:10', 'Administradora', 'Recibo', '00001', 'Pago de alquiler moto kevin', 13, 3, NULL),
(524, 'EGRESO', '400', 'DESEMBOLSO DE CREDITO', '2020-01-24 10:30:39', 'ADMINISTRADOR', 'VOUCHER', '93', NULL, 13, 3, 110),
(525, 'INGRESO', '22', 'PAGO DE CUOTA DE CREDITO', '2020-01-25 10:39:47', 'CAJERO', 'VOUCHER', '0', NULL, 13, 3, 88),
(526, 'INGRESO', '26.4', 'PAGO DE CUOTA DE CREDITO', '2020-01-25 10:40:03', 'CAJERO', 'VOUCHER', '0', NULL, 13, 3, 85),
(527, 'INGRESO', '13.2', 'PAGO DE CUOTA DE CREDITO', '2020-01-25 10:40:38', 'CAJERO', 'VOUCHER', '0', NULL, 13, 3, 97),
(528, 'INGRESO', '17.6', 'PAGO DE CUOTA DE CREDITO', '2020-01-25 10:41:01', 'CAJERO', 'VOUCHER', '0', NULL, 13, 3, 89),
(529, 'INGRESO', '22', 'PAGO DE CUOTA DE CREDITO', '2020-01-25 10:41:21', 'CAJERO', 'VOUCHER', '0', NULL, 13, 3, 102),
(530, 'INGRESO', '10', 'PAGO DE CUOTA DE CREDITO', '2020-01-25 10:41:41', 'CAJERO', 'VOUCHER', '0', NULL, 13, 3, 33),
(531, 'INGRESO', '26.4', 'PAGO DE CUOTA DE CREDITO', '2020-01-25 10:42:05', 'CAJERO', 'VOUCHER', '0', NULL, 13, 3, 67),
(532, 'INGRESO', '22', 'PAGO DE CUOTA DE CREDITO', '2020-01-25 10:42:26', 'CAJERO', 'VOUCHER', '0', NULL, 13, 3, 60),
(533, 'INGRESO', '34', 'PAGO DE CUOTA DE CREDITO', '2020-01-25 10:42:51', 'CAJERO', 'VOUCHER', '0', NULL, 13, 3, 69),
(534, 'INGRESO', '22', 'PAGO DE CUOTA DE CREDITO', '2020-01-25 10:43:07', 'CAJERO', 'VOUCHER', '0', NULL, 13, 3, 91),
(535, 'INGRESO', '33.6', 'PAGO DE CUOTA DE CREDITO', '2020-01-25 10:43:32', 'CAJERO', 'VOUCHER', '0', NULL, 13, 3, 58),
(536, 'INGRESO', '13.2', 'PAGO DE CUOTA DE CREDITO', '2020-01-25 10:43:49', 'CAJERO', 'VOUCHER', '0', NULL, 13, 3, 80),
(537, 'INGRESO', '13.2', 'PAGO DE CUOTA DE CREDITO', '2020-01-25 10:44:05', 'CAJERO', 'VOUCHER', '0', NULL, 13, 3, 72),
(538, 'INGRESO', '35.2', 'PAGO DE CUOTA DE CREDITO', '2020-01-25 10:44:33', 'CAJERO', 'VOUCHER', '0', NULL, 13, 3, 108),
(539, 'INGRESO', '13.2', 'PAGO DE CUOTA DE CREDITO', '2020-01-25 10:44:53', 'CAJERO', 'VOUCHER', '0', NULL, 13, 3, 96),
(540, 'INGRESO', '30.8', 'PAGO DE CUOTA DE CREDITO', '2020-01-25 10:45:19', 'CAJERO', 'VOUCHER', '0', NULL, 13, 3, 73),
(541, 'INGRESO', '15', 'PAGO DE CUOTA DE CREDITO', '2020-01-25 10:45:35', 'CAJERO', 'VOUCHER', '0', NULL, 13, 3, 62),
(542, 'INGRESO', '22', 'PAGO DE CUOTA DE CREDITO', '2020-01-25 10:45:51', 'CAJERO', 'VOUCHER', '0', NULL, 13, 3, 70),
(543, 'INGRESO', '60', 'PAGO DE CUOTA DE CREDITO', '2020-01-25 10:46:16', 'CAJERO', 'VOUCHER', '0', NULL, 13, 3, 75),
(544, 'INGRESO', '15', 'PAGO DE CUOTA DE CREDITO', '2020-01-25 10:46:42', 'CAJERO', 'VOUCHER', '0', NULL, 13, 3, 59),
(545, 'INGRESO', '17.6', 'PAGO DE CUOTA DE CREDITO', '2020-01-25 10:47:11', 'CAJERO', 'VOUCHER', '0', NULL, 13, 3, 76),
(546, 'INGRESO', '26.4', 'PAGO DE CUOTA DE CREDITO', '2020-01-25 10:47:31', 'CAJERO', 'VOUCHER', '0', NULL, 13, 3, 55),
(547, 'INGRESO', '13.2', 'PAGO DE CUOTA DE CREDITO', '2020-01-25 10:47:48', 'CAJERO', 'VOUCHER', '0', NULL, 13, 3, 98),
(548, 'INGRESO', '22', 'PAGO DE CUOTA DE CREDITO', '2020-01-25 10:48:09', 'CAJERO', 'VOUCHER', '0', NULL, 13, 3, 44),
(549, 'INGRESO', '46', 'PAGO DE CUOTA DE CREDITO', '2020-01-25 10:50:28', 'CAJERO', 'VOUCHER', '0', NULL, 13, 3, 86),
(550, 'INGRESO', '13.2', 'PAGO DE CUOTA DE CREDITO', '2020-01-25 10:51:00', 'CAJERO', 'VOUCHER', '0', NULL, 13, 3, 77),
(551, 'EGRESO', '500', 'DESEMBOLSO DE CREDITO', '2020-01-25 11:12:44', 'ADMINISTRADOR', 'VOUCHER', '94', NULL, 13, 3, 113),
(552, 'INGRESO', '13.2', 'PAGO DE CUOTA DE CREDITO', '2020-01-25 12:02:28', 'CAJERO', 'VOUCHER', '0', NULL, 13, 3, 45),
(553, 'EGRESO', '400', 'DESEMBOLSO DE CREDITO', '2020-01-25 12:03:20', 'ADMINISTRADOR', 'VOUCHER', '95', NULL, 13, 3, 112),
(554, 'INGRESO', '30.8', 'PAGO DE CUOTA DE CREDITO', '2020-01-25 16:19:29', 'CAJERO', 'VOUCHER', '0', NULL, 13, 3, 73),
(555, 'INGRESO', '111.6', 'PAGO DE CUOTA DE CREDITO', '2020-01-25 19:59:50', 'CAJERO', 'VOUCHER', '0', NULL, 13, 3, 45),
(556, 'INGRESO', '6.6', 'PAGO DE CUOTA DE CREDITO', '2020-01-25 20:01:11', 'CAJERO', 'VOUCHER', '0', NULL, 13, 3, 106),
(557, 'INGRESO', '17.6', 'PAGO DE CUOTA DE CREDITO', '2020-01-25 20:01:49', 'CAJERO', 'VOUCHER', '0', NULL, 13, 3, 95),
(558, 'INGRESO', '197', 'PAGO DE CUOTA DE CREDITO', '2020-01-25 20:02:36', 'CAJERO', 'VOUCHER', '0', NULL, 13, 3, 48),
(559, 'INGRESO', '36', 'PAGO DE CUOTA DE CREDITO', '2020-01-25 20:08:40', 'CAJERO', 'VOUCHER', '0', NULL, 13, 3, 58),
(560, 'INGRESO', '26.4', 'PAGO DE CUOTA DE CREDITO', '2020-01-25 20:09:24', 'CAJERO', 'VOUCHER', '0', NULL, 13, 3, 67),
(561, 'INGRESO', '22', 'PAGO DE CUOTA DE CREDITO', '2020-01-25 20:10:32', 'CAJERO', 'VOUCHER', '0', NULL, 13, 3, 91),
(562, 'INGRESO', '13.2', 'PAGO DE CUOTA DE CREDITO', '2020-01-25 20:12:07', 'CAJERO', 'VOUCHER', '0', NULL, 13, 3, 80),
(563, 'INGRESO', '50', 'PAGO DE CUOTA DE CREDITO', '2020-01-25 20:13:28', 'CAJERO', 'VOUCHER', '0', NULL, 13, 3, 87),
(564, 'INGRESO', '23.2', 'PAGO DE CUOTA DE CREDITO', '2020-01-25 20:14:32', 'CAJERO', 'VOUCHER', '0', NULL, 13, 3, 96),
(565, 'INGRESO', '52.8', 'PAGO DE CUOTA DE CREDITO', '2020-01-25 20:41:45', 'CAJERO', 'VOUCHER', '0', NULL, 13, 3, 30),
(566, 'INGRESO', '22', 'PAGO DE CUOTA DE CREDITO', '2020-01-25 20:42:21', 'CAJERO', 'VOUCHER', '0', NULL, 13, 3, 105),
(567, 'INGRESO', '22', 'PAGO DE CUOTA DE CREDITO', '2020-01-25 20:42:51', 'CAJERO', 'VOUCHER', '0', NULL, 13, 3, 102),
(568, 'INGRESO', '17.6', 'PAGO DE CUOTA DE CREDITO', '2020-01-25 20:43:55', 'CAJERO', 'VOUCHER', '0', NULL, 13, 3, 51),
(569, 'INGRESO', '17.6', 'PAGO DE CUOTA DE CREDITO', '2020-01-25 20:44:19', 'CAJERO', 'VOUCHER', '0', NULL, 13, 3, 110),
(570, 'INGRESO', '13.2', 'PAGO DE CUOTA DE CREDITO', '2020-01-25 20:45:01', 'CAJERO', 'VOUCHER', '0', NULL, 13, 3, 50),
(571, 'INGRESO', '45', 'PAGO DE CUOTA DE CREDITO', '2020-01-25 20:45:23', 'CAJERO', 'VOUCHER', '0', NULL, 13, 3, 66),
(572, 'INGRESO', '10', 'PAGO DE CUOTA DE CREDITO', '2020-01-25 20:45:48', 'CAJERO', 'VOUCHER', '0', NULL, 13, 3, 52),
(573, 'INGRESO', '10', 'PAGO DE CUOTA DE CREDITO', '2020-01-25 20:53:18', 'CAJERO', 'VOUCHER', '0', NULL, 13, 3, 52),
(574, 'INGRESO', '15', 'PAGO DE CUOTA DE CREDITO', '2020-01-25 20:53:38', 'CAJERO', 'VOUCHER', '0', NULL, 13, 3, 59),
(575, 'INGRESO', '13.2', 'PAGO DE CUOTA DE CREDITO', '2020-01-25 20:54:04', 'CAJERO', 'VOUCHER', '0', NULL, 13, 3, 55),
(576, 'INGRESO', '13.2', 'PAGO DE CUOTA DE CREDITO', '2020-01-25 20:54:32', 'CAJERO', 'VOUCHER', '0', NULL, 13, 3, 98),
(577, 'INGRESO', '15', 'PAGO DE CUOTA DE CREDITO', '2020-01-25 20:54:53', 'CAJERO', 'VOUCHER', '0', NULL, 13, 3, 62),
(578, 'INGRESO', '20', 'PAGO DE CUOTA DE CREDITO', '2020-01-25 20:55:14', 'CAJERO', 'VOUCHER', '0', NULL, 13, 3, 44),
(579, 'EGRESO', '214.6', 'Pago de sueldo ', '2020-01-25 20:56:50', 'Administradora', 'Recibo', '00001', 'Pago de sueldo semanal asesor kevin', 13, 3, NULL),
(580, 'EGRESO', '5', 'Combustible ', '2020-01-25 20:57:20', 'Administradora', 'Recibo', '00001', 'Pago de combustible asesora eliana', 13, 3, NULL),
(581, 'EGRESO', '35', 'Alquiler y combustible de moto', '2020-01-25 20:58:00', 'Administradora', 'Recibo', '00001', 'Pago de alquiler y combustible de moto asesor kevin', 13, 3, NULL),
(582, 'EGRESO', '800', 'DESEMBOLSO DE CREDITO', '2020-01-27 18:48:30', 'ADMINISTRADOR', 'VOUCHER', '96', NULL, 13, 3, 114),
(583, 'INGRESO', '45', 'PAGO DE CUOTA DE CREDITO', '2020-01-27 22:48:43', 'CAJERO', 'VOUCHER', '0', NULL, 13, 3, 88),
(584, 'INGRESO', '27.4', 'PAGO DE CUOTA DE CREDITO', '2020-01-27 22:49:28', 'CAJERO', 'VOUCHER', '0', NULL, 13, 3, 72),
(585, 'INGRESO', '50', 'PAGO DE CUOTA DE CREDITO', '2020-01-27 22:51:00', 'CAJERO', 'VOUCHER', '0', NULL, 13, 3, 87),
(586, 'INGRESO', '40', 'PAGO DE CUOTA DE CREDITO', '2020-01-27 22:51:37', 'CAJERO', 'VOUCHER', '0', NULL, 13, 3, 71),
(587, 'INGRESO', '22', 'PAGO DE CUOTA DE CREDITO', '2020-01-27 22:52:15', 'CAJERO', 'VOUCHER', '0', NULL, 13, 3, 113),
(588, 'INGRESO', '13.2', 'PAGO DE CUOTA DE CREDITO', '2020-01-27 22:53:31', 'CAJERO', 'VOUCHER', '0', NULL, 13, 3, 106),
(589, 'INGRESO', '8.3', 'PAGO DE CUOTA DE CREDITO', '2020-01-27 22:55:07', 'CAJERO', 'VOUCHER', '0', NULL, 13, 3, 95),
(590, 'INGRESO', '39.6', 'PAGO DE CUOTA DE CREDITO', '2020-01-27 22:55:32', 'CAJERO', 'VOUCHER', '0', NULL, 13, 3, 85),
(591, 'INGRESO', '17.6', 'PAGO DE CUOTA DE CREDITO', '2020-01-27 22:56:46', 'CAJERO', 'VOUCHER', '0', NULL, 13, 3, 108),
(592, 'INGRESO', '17.6', 'PAGO DE CUOTA DE CREDITO', '2020-01-27 23:04:40', 'CAJERO', 'VOUCHER', '0', NULL, 13, 3, 65),
(593, 'INGRESO', '17.6', 'PAGO DE CUOTA DE CREDITO', '2020-01-27 23:05:09', 'CAJERO', 'VOUCHER', '0', NULL, 13, 3, 108),
(594, 'INGRESO', '137.5', 'PAGO DE CUOTA DE CREDITO', '2020-01-27 23:09:38', 'CAJERO', 'VOUCHER', '0', NULL, 13, 3, 47),
(595, 'INGRESO', '34', 'PAGO DE CUOTA DE CREDITO', '2020-01-27 23:11:08', 'CAJERO', 'VOUCHER', '0', NULL, 13, 3, 69),
(596, 'INGRESO', '22', 'PAGO DE CUOTA DE CREDITO', '2020-01-27 23:14:16', 'CAJERO', 'VOUCHER', '0', NULL, 13, 3, 102),
(597, 'INGRESO', '13.2', 'PAGO DE CUOTA DE CREDITO', '2020-01-27 23:15:23', 'CAJERO', 'VOUCHER', '0', NULL, 13, 3, 96),
(598, 'INGRESO', '22', 'PAGO DE CUOTA DE CREDITO', '2020-01-27 23:16:06', 'CAJERO', 'VOUCHER', '0', NULL, 13, 3, 60),
(599, 'INGRESO', '13.2', 'PAGO DE CUOTA DE CREDITO', '2020-01-27 23:16:52', 'CAJERO', 'VOUCHER', '0', NULL, 13, 3, 80),
(600, 'INGRESO', '26.4', 'PAGO DE CUOTA DE CREDITO', '2020-01-27 23:17:42', 'CAJERO', 'VOUCHER', '0', NULL, 13, 3, 67),
(601, 'INGRESO', '10', 'PAGO DE CUOTA DE CREDITO', '2020-01-27 23:18:24', 'CAJERO', 'VOUCHER', '0', NULL, 13, 3, 33),
(602, 'INGRESO', '17.6', 'PAGO DE CUOTA DE CREDITO', '2020-01-27 23:19:05', 'CAJERO', 'VOUCHER', '0', NULL, 13, 3, 110),
(603, 'INGRESO', '33.6', 'PAGO DE CUOTA DE CREDITO', '2020-01-27 23:20:05', 'CAJERO', 'VOUCHER', '0', NULL, 13, 3, 58),
(604, 'INGRESO', '13.2', 'PAGO DE CUOTA DE CREDITO', '2020-01-27 23:22:47', 'CAJERO', 'VOUCHER', '0', NULL, 13, 3, 50),
(605, 'INGRESO', '22', 'PAGO DE CUOTA DE CREDITO', '2020-01-27 23:24:42', 'CAJERO', 'VOUCHER', '0', NULL, 13, 3, 66),
(606, 'INGRESO', '15', 'PAGO DE CUOTA DE CREDITO', '2020-01-27 23:25:30', 'CAJERO', 'VOUCHER', '0', NULL, 13, 3, 62),
(607, 'INGRESO', '192.5', 'PAGO DE CUOTA DE CREDITO', '2020-01-27 23:26:27', 'CAJERO', 'VOUCHER', '0', NULL, 13, 3, 61),
(608, 'INGRESO', '10', 'PAGO DE CUOTA DE CREDITO', '2020-01-27 23:28:17', 'CAJERO', 'VOUCHER', '0', NULL, 13, 3, 98),
(609, 'INGRESO', '44', 'PAGO DE CUOTA DE CREDITO', '2020-01-27 23:28:52', 'CAJERO', 'VOUCHER', '0', NULL, 13, 3, 70),
(610, 'INGRESO', '13.2', 'PAGO DE CUOTA DE CREDITO', '2020-01-27 23:29:22', 'CAJERO', 'VOUCHER', '0', NULL, 13, 3, 55),
(611, 'INGRESO', '15', 'PAGO DE CUOTA DE CREDITO', '2020-01-27 23:29:50', 'CAJERO', 'VOUCHER', '0', NULL, 13, 3, 59),
(612, 'INGRESO', '35.2', 'PAGO DE CUOTA DE CREDITO', '2020-01-27 23:30:20', 'CAJERO', 'VOUCHER', '0', NULL, 13, 3, 76),
(613, 'EGRESO', '98', 'Reparación de moto', '2020-01-27 23:31:58', 'Administradora', 'Recibo', '00001', 'Compra de llanta ', 13, 3, NULL),
(614, 'EGRESO', '5', 'Pago de alquiler de moto', '2020-01-27 23:32:37', 'Administradora', 'Recibo', '00001', 'Pago de alquiler de moto asesor kevin', 13, 3, NULL),
(615, 'EGRESO', '12.7', 'Pago de servicio de agua', '2020-01-27 23:33:26', 'Administradora', 'Recibo', '00001', 'Servicio de agua mes de diciembre ', 13, 3, NULL),
(616, 'EGRESO', '10', 'Combustible ', '2020-01-27 23:34:06', 'Administradora', 'Recibo', '00001', 'Pago de combustible asesora eliana ', 13, 3, NULL),
(617, 'EGRESO', '500', 'DESEMBOLSO DE CREDITO', '2020-01-28 11:54:34', 'ADMINISTRADOR', 'VOUCHER', '97', NULL, 13, 3, 115),
(618, 'INGRESO', '140', 'PAGO DE CUOTA DE CREDITO', '2020-01-28 18:37:39', 'CAJERO', 'VOUCHER', '0', NULL, 13, 3, 71),
(619, 'INGRESO', '8.3', 'PAGO DE CUOTA DE CREDITO', '2020-01-28 18:38:05', 'CAJERO', 'VOUCHER', '0', NULL, 13, 3, 95),
(620, 'INGRESO', '25', 'PAGO DE CUOTA DE CREDITO', '2020-01-28 18:39:11', 'CAJERO', 'VOUCHER', '0', NULL, 13, 3, 82),
(621, 'INGRESO', '22', 'PAGO DE CUOTA DE CREDITO', '2020-01-28 18:39:37', 'CAJERO', 'VOUCHER', '0', NULL, 13, 3, 88),
(622, 'INGRESO', '26.4', 'PAGO DE CUOTA DE CREDITO', '2020-01-28 18:43:40', 'CAJERO', 'VOUCHER', '0', NULL, 13, 3, 67),
(623, 'INGRESO', '22', 'PAGO DE CUOTA DE CREDITO', '2020-01-28 18:59:51', 'CAJERO', 'VOUCHER', '0', NULL, 13, 3, 113),
(624, 'INGRESO', '22', 'PAGO DE CUOTA DE CREDITO', '2020-01-28 19:00:18', 'CAJERO', 'VOUCHER', '0', NULL, 13, 3, 105),
(625, 'INGRESO', '22', 'PAGO DE CUOTA DE CREDITO', '2020-01-28 19:00:46', 'CAJERO', 'VOUCHER', '0', NULL, 13, 3, 102),
(626, 'INGRESO', '17.6', 'PAGO DE CUOTA DE CREDITO', '2020-01-28 19:01:46', 'CAJERO', 'VOUCHER', '0', NULL, 13, 3, 108),
(627, 'INGRESO', '22', 'PAGO DE CUOTA DE CREDITO', '2020-01-28 19:27:53', 'CAJERO', 'VOUCHER', '0', NULL, 13, 3, 60),
(628, 'INGRESO', '10.4', 'PAGO DE CUOTA DE CREDITO', '2020-01-28 19:28:21', 'CAJERO', 'VOUCHER', '0', NULL, 13, 3, 96),
(629, 'INGRESO', '67', 'PAGO DE CUOTA DE CREDITO', '2020-01-28 19:28:43', 'CAJERO', 'VOUCHER', '0', NULL, 13, 3, 91),
(630, 'INGRESO', '26.4', 'PAGO DE CUOTA DE CREDITO', '2020-01-28 19:29:40', 'CAJERO', 'VOUCHER', '0', NULL, 13, 3, 97),
(631, 'INGRESO', '30.8', 'PAGO DE CUOTA DE CREDITO', '2020-01-28 19:30:16', 'CAJERO', 'VOUCHER', '0', NULL, 13, 3, 73),
(632, 'INGRESO', '10', 'PAGO DE CUOTA DE CREDITO', '2020-01-28 19:31:03', 'CAJERO', 'VOUCHER', '0', NULL, 13, 3, 52),
(633, 'INGRESO', '17.6', 'PAGO DE CUOTA DE CREDITO', '2020-01-28 19:31:53', 'CAJERO', 'VOUCHER', '0', NULL, 13, 3, 45),
(634, 'INGRESO', '21', 'PAGO DE CUOTA DE CREDITO', '2020-01-28 23:09:23', 'CAJERO', 'VOUCHER', '0', NULL, 13, 3, 44),
(635, 'INGRESO', '10', 'PAGO DE CUOTA DE CREDITO', '2020-01-28 23:10:27', 'CAJERO', 'VOUCHER', '0', NULL, 13, 3, 52),
(636, 'INGRESO', '17.6', 'PAGO DE CUOTA DE CREDITO', '2020-01-28 23:11:16', 'CAJERO', 'VOUCHER', '0', NULL, 13, 3, 112),
(637, 'INGRESO', '15', 'PAGO DE CUOTA DE CREDITO', '2020-01-28 23:11:47', 'CAJERO', 'VOUCHER', '0', NULL, 13, 3, 62),
(638, 'INGRESO', '10', 'PAGO DE CUOTA DE CREDITO', '2020-01-28 23:12:31', 'CAJERO', 'VOUCHER', '0', NULL, 13, 3, 98),
(639, 'INGRESO', '15', 'PAGO DE CUOTA DE CREDITO', '2020-01-28 23:13:11', 'CAJERO', 'VOUCHER', '0', NULL, 13, 3, 59),
(640, 'INGRESO', '22', 'PAGO DE CUOTA DE CREDITO', '2020-01-28 23:13:48', 'CAJERO', 'VOUCHER', '0', NULL, 13, 3, 66),
(641, 'INGRESO', '17.6', 'PAGO DE CUOTA DE CREDITO', '2020-01-28 23:14:49', 'CAJERO', 'VOUCHER', '0', NULL, 13, 3, 110),
(642, 'INGRESO', '22', 'PAGO DE CUOTA DE CREDITO', '2020-01-28 23:15:42', 'CAJERO', 'VOUCHER', '0', NULL, 13, 3, 70),
(643, 'INGRESO', '54', 'PAGO DE CUOTA DE CREDITO', '2020-01-28 23:17:03', 'CAJERO', 'VOUCHER', '0', NULL, 13, 3, 75),
(644, 'EGRESO', '5', 'Pago de alquiler de moto', '2020-01-28 23:18:38', 'Administradora', 'Recibo', '00001', 'Pago de alquiler moto asesor kevin', 13, 3, NULL),
(645, 'EGRESO', '1.5', 'Compra papel higienico', '2020-01-28 23:19:35', 'Administradora', 'Recibo', '00001', 'Compra de papel higiénico ', 13, 3, NULL),
(646, 'EGRESO', '250', 'Pago de sueldo ', '2020-01-28 23:20:16', 'Administradora', 'Recibo', '00001', 'Pago Sr orlando ', 13, 3, NULL),
(647, 'EGRESO', '500', 'DESEMBOLSO DE CREDITO', '2020-01-29 10:45:55', 'ADMINISTRADOR', 'VOUCHER', '98', NULL, 13, 3, 116),
(648, 'EGRESO', '300', 'DESEMBOLSO DE CREDITO', '2020-01-29 10:46:02', 'ADMINISTRADOR', 'VOUCHER', '99', NULL, 13, 3, 117),
(649, 'INGRESO', '46', 'PAGO DE CUOTA DE CREDITO', '2020-01-29 17:28:50', 'CAJERO', 'VOUCHER', '0', NULL, 13, 3, 75),
(650, 'INGRESO', '14.2', 'PAGO DE CUOTA DE CREDITO', '2020-01-29 18:40:03', 'CAJERO', 'VOUCHER', '0', NULL, 13, 3, 97),
(651, 'INGRESO', '8.3', 'PAGO DE CUOTA DE CREDITO', '2020-01-29 18:40:27', 'CAJERO', 'VOUCHER', '0', NULL, 13, 3, 95),
(652, 'INGRESO', '46', 'PAGO DE CUOTA DE CREDITO', '2020-01-29 19:05:37', 'CAJERO', 'VOUCHER', '0', NULL, 13, 3, 114),
(653, 'INGRESO', '6.60', 'PAGO DE CUOTA DE CREDITO', '2020-01-29 19:10:20', 'CAJERO', 'VOUCHER', '0', NULL, 13, 3, 106),
(654, 'INGRESO', '31.8', 'PAGO DE CUOTA DE CREDITO', '2020-01-29 19:11:12', 'CAJERO', 'VOUCHER', '0', NULL, 13, 3, 73),
(655, 'INGRESO', '18.6', 'PAGO DE CUOTA DE CREDITO', '2020-01-29 19:11:58', 'CAJERO', 'VOUCHER', '0', NULL, 13, 3, 112),
(656, 'INGRESO', '53.8', 'PAGO DE CUOTA DE CREDITO', '2020-01-29 23:46:49', 'CAJERO', 'VOUCHER', '0', NULL, 13, 3, 89),
(657, 'INGRESO', '33.6', 'PAGO DE CUOTA DE CREDITO', '2020-01-29 23:47:28', 'CAJERO', 'VOUCHER', '0', NULL, 13, 3, 58),
(658, 'INGRESO', '13.2', 'PAGO DE CUOTA DE CREDITO', '2020-01-29 23:47:53', 'CAJERO', 'VOUCHER', '0', NULL, 13, 3, 72),
(659, 'INGRESO', '22', 'PAGO DE CUOTA DE CREDITO', '2020-01-29 23:48:36', 'CAJERO', 'VOUCHER', '0', NULL, 13, 3, 60),
(660, 'INGRESO', '30', 'PAGO DE CUOTA DE CREDITO', '2020-01-29 23:49:16', 'CAJERO', 'VOUCHER', '0', NULL, 13, 3, 87),
(661, 'INGRESO', '22', 'PAGO DE CUOTA DE CREDITO', '2020-01-29 23:49:42', 'CAJERO', 'VOUCHER', '0', NULL, 13, 3, 102),
(662, 'INGRESO', '13.2', 'PAGO DE CUOTA DE CREDITO', '2020-01-29 23:50:02', 'CAJERO', 'VOUCHER', '0', NULL, 13, 3, 96),
(663, 'INGRESO', '100', 'PAGO DE CUOTA DE CREDITO', '2020-01-29 23:50:55', 'CAJERO', 'VOUCHER', '0', NULL, 13, 3, 81),
(664, 'INGRESO', '34', 'PAGO DE CUOTA DE CREDITO', '2020-01-29 23:51:37', 'CAJERO', 'VOUCHER', '0', NULL, 13, 3, 69),
(665, 'INGRESO', '22', 'PAGO DE CUOTA DE CREDITO', '2020-01-29 23:51:57', 'CAJERO', 'VOUCHER', '0', NULL, 13, 3, 113),
(666, 'INGRESO', '13.2', 'PAGO DE CUOTA DE CREDITO', '2020-01-29 23:52:20', 'CAJERO', 'VOUCHER', '0', NULL, 13, 3, 80),
(667, 'INGRESO', '10', 'PAGO DE CUOTA DE CREDITO', '2020-01-29 23:52:42', 'CAJERO', 'VOUCHER', '0', NULL, 13, 3, 33),
(668, 'INGRESO', '22', 'PAGO DE CUOTA DE CREDITO', '2020-01-29 23:54:17', 'CAJERO', 'VOUCHER', '0', NULL, 13, 3, 115),
(669, 'INGRESO', '15', 'PAGO DE CUOTA DE CREDITO', '2020-01-29 23:54:49', 'CAJERO', 'VOUCHER', '0', NULL, 13, 3, 62),
(670, 'INGRESO', '192.5', 'PAGO DE CUOTA DE CREDITO', '2020-01-29 23:55:20', 'CAJERO', 'VOUCHER', '0', NULL, 13, 3, 61),
(671, 'INGRESO', '22', 'PAGO DE CUOTA DE CREDITO', '2020-01-29 23:55:42', 'CAJERO', 'VOUCHER', '0', NULL, 13, 3, 70),
(672, 'INGRESO', '15', 'PAGO DE CUOTA DE CREDITO', '2020-01-29 23:56:01', 'CAJERO', 'VOUCHER', '0', NULL, 13, 3, 59),
(673, 'INGRESO', '47.2', 'PAGO DE CUOTA DE CREDITO', '2020-01-29 23:56:36', 'CAJERO', 'VOUCHER', '0', NULL, 13, 3, 86),
(674, 'INGRESO', '52.8', 'PAGO DE CUOTA DE CREDITO', '2020-01-29 23:56:57', 'CAJERO', 'VOUCHER', '0', NULL, 13, 3, 77),
(675, 'INGRESO', '27.4', 'PAGO DE CUOTA DE CREDITO', '2020-01-29 23:57:21', 'CAJERO', 'VOUCHER', '0', NULL, 13, 3, 55),
(676, 'INGRESO', '17.6', 'PAGO DE CUOTA DE CREDITO', '2020-01-29 23:57:46', 'CAJERO', 'VOUCHER', '0', NULL, 13, 3, 110),
(677, 'INGRESO', '13.2', 'PAGO DE CUOTA DE CREDITO', '2020-01-29 23:58:23', 'CAJERO', 'VOUCHER', '0', NULL, 13, 3, 50),
(678, 'INGRESO', '22', 'PAGO DE CUOTA DE CREDITO', '2020-01-29 23:58:42', 'CAJERO', 'VOUCHER', '0', NULL, 13, 3, 66),
(679, 'INGRESO', '37.2', 'PAGO DE CUOTA DE CREDITO', '2020-01-30 00:00:05', 'CAJERO', 'VOUCHER', '0', NULL, 13, 3, 89),
(680, 'EGRESO', '400', 'DESEMBOLSO DE CREDITO', '2020-01-30 12:34:48', 'ADMINISTRADOR', 'VOUCHER', '101', NULL, 13, 3, 120),
(681, 'EGRESO', '500', 'DESEMBOLSO DE CREDITO', '2020-01-30 15:24:22', 'ADMINISTRADOR', 'VOUCHER', '100', NULL, 13, 3, 119),
(682, 'INGRESO', '400', 'PARA DESEMBOLSOS', '2020-01-30 17:31:06', 'JACKELINE ESTRADA', 'RECIBO', '00006', 'PARA DESEMBOLSO DE LA CLIENTE NISSA VILLARRUEL', 13, 3, NULL),
(683, 'EGRESO', '400', 'DESEMBOLSO DE CREDITO', '2020-01-30 17:31:33', 'ADMINISTRADOR', 'VOUCHER', '102', NULL, 13, 3, 122),
(684, 'INGRESO', '500', 'PARA DESEMBOLSOS', '2020-01-30 19:04:59', 'JACKELINE ESTRADA', 'RECIBO', 'RECIBO', 'PARA DESEMBOLSO DE LA CLIENTE ROSARIO MESTANZA ', 13, 3, NULL),
(685, 'EGRESO', '500', 'DESEMBOLSO DE CREDITO', '2020-01-30 19:05:14', 'ADMINISTRADOR', 'VOUCHER', '103', NULL, 13, 3, 121),
(686, 'INGRESO', '45', 'PAGO DE CUOTA DE CREDITO', '2020-01-30 23:09:31', 'CAJERO', 'VOUCHER', '0', NULL, 13, 3, 88),
(687, 'INGRESO', '13.2', 'PAGO DE CUOTA DE CREDITO', '2020-01-30 23:11:16', 'CAJERO', 'VOUCHER', '0', NULL, 13, 3, 106),
(688, 'INGRESO', '100', 'PAGO DE CUOTA DE CREDITO', '2020-01-30 23:12:14', 'CAJERO', 'VOUCHER', '0', NULL, 13, 3, 82),
(689, 'INGRESO', '39.6', 'PAGO DE CUOTA DE CREDITO', '2020-01-30 23:13:56', 'CAJERO', 'VOUCHER', '0', NULL, 13, 3, 85),
(690, 'INGRESO', '44', 'PAGO DE CUOTA DE CREDITO', '2020-01-30 23:14:29', 'CAJERO', 'VOUCHER', '0', NULL, 13, 3, 91),
(691, 'INGRESO', '26.4', 'PAGO DE CUOTA DE CREDITO', '2020-01-30 23:17:32', 'CAJERO', 'VOUCHER', '0', NULL, 13, 3, 67),
(692, 'INGRESO', '130', 'PAGO DE CUOTA DE CREDITO', '2020-01-30 23:18:02', 'CAJERO', 'VOUCHER', '0', NULL, 13, 3, 107),
(693, 'INGRESO', '22', 'PAGO DE CUOTA DE CREDITO', '2020-01-30 23:18:33', 'CAJERO', 'VOUCHER', '0', NULL, 13, 3, 113),
(694, 'INGRESO', '13.2', 'PAGO DE CUOTA DE CREDITO', '2020-01-30 23:19:05', 'CAJERO', 'VOUCHER', '0', NULL, 13, 3, 96),
(695, 'INGRESO', '22', 'PAGO DE CUOTA DE CREDITO', '2020-01-30 23:19:31', 'CAJERO', 'VOUCHER', '0', NULL, 13, 3, 102),
(696, 'INGRESO', '22', 'PAGO DE CUOTA DE CREDITO', '2020-01-30 23:19:51', 'CAJERO', 'VOUCHER', '0', NULL, 13, 3, 60),
(697, 'INGRESO', '10', 'PAGO DE CUOTA DE CREDITO', '2020-01-30 23:21:26', 'CAJERO', 'VOUCHER', '0', NULL, 13, 3, 33),
(698, 'INGRESO', '10', 'PAGO DE CUOTA DE CREDITO', '2020-01-30 23:22:58', 'CAJERO', 'VOUCHER', '0', NULL, 13, 3, 108),
(699, 'INGRESO', '13.2', 'PAGO DE CUOTA DE CREDITO', '2020-01-30 23:23:28', 'CAJERO', 'VOUCHER', '0', NULL, 13, 3, 72),
(700, 'INGRESO', '13.2', 'PAGO DE CUOTA DE CREDITO', '2020-01-30 23:23:54', 'CAJERO', 'VOUCHER', '0', NULL, 13, 3, 80),
(701, 'INGRESO', '22', 'PAGO DE CUOTA DE CREDITO', '2020-01-30 23:24:46', 'CAJERO', 'VOUCHER', '0', NULL, 13, 3, 115),
(702, 'INGRESO', '30.8', 'PAGO DE CUOTA DE CREDITO', '2020-01-30 23:25:21', 'CAJERO', 'VOUCHER', '0', NULL, 13, 3, 73),
(703, 'INGRESO', '22', 'PAGO DE CUOTA DE CREDITO', '2020-01-30 23:26:01', 'CAJERO', 'VOUCHER', '0', NULL, 13, 3, 70),
(704, 'INGRESO', '17.6', 'PAGO DE CUOTA DE CREDITO', '2020-01-30 23:26:36', 'CAJERO', 'VOUCHER', '0', NULL, 13, 3, 112),
(705, 'INGRESO', '13.2', 'PAGO DE CUOTA DE CREDITO', '2020-01-30 23:27:15', 'CAJERO', 'VOUCHER', '0', NULL, 13, 3, 97),
(706, 'INGRESO', '22', 'PAGO DE CUOTA DE CREDITO', '2020-01-30 23:28:04', 'CAJERO', 'VOUCHER', '0', NULL, 13, 3, 66),
(707, 'INGRESO', '13.2', 'PAGO DE CUOTA DE CREDITO', '2020-01-30 23:28:35', 'CAJERO', 'VOUCHER', '0', NULL, 13, 3, 117),
(708, 'INGRESO', '35.2', 'PAGO DE CUOTA DE CREDITO', '2020-01-30 23:29:05', 'CAJERO', 'VOUCHER', '0', NULL, 13, 3, 76),
(709, 'INGRESO', '15', 'PAGO DE CUOTA DE CREDITO', '2020-01-30 23:29:35', 'CAJERO', 'VOUCHER', '0', NULL, 13, 3, 62),
(710, 'INGRESO', '15', 'PAGO DE CUOTA DE CREDITO', '2020-01-30 23:30:01', 'CAJERO', 'VOUCHER', '0', NULL, 13, 3, 59),
(711, 'EGRESO', '95', 'Mantenimiento', '2020-01-30 23:32:32', 'Administradora', 'Recibo', '00001', 'Mantenimiento de moto eliana ', 13, 3, NULL),
(712, 'EGRESO', '5', 'Pago de alquiler de moto', '2020-01-30 23:33:18', 'Administradora', 'Recibo', '00001', 'Pago de alquiler de moto asesor kevin', 13, 3, NULL),
(713, 'EGRESO', '200', 'DESEMBOLSO DE CREDITO', '2020-01-31 10:13:21', 'ADMINISTRADOR', 'VOUCHER', '104', NULL, 13, 3, 124),
(714, 'EGRESO', '300', 'DESEMBOLSO DE CREDITO', '2020-01-31 18:08:18', 'ADMINISTRADOR', 'VOUCHER', '105', NULL, 13, 3, 123),
(715, 'INGRESO', '100', 'PAGO DE CUOTA DE CREDITO', '2020-01-31 23:20:55', 'CAJERO', 'VOUCHER', '0', NULL, 13, 3, 71),
(716, 'INGRESO', '13.2', 'PAGO DE CUOTA DE CREDITO', '2020-01-31 23:21:30', 'CAJERO', 'VOUCHER', '0', NULL, 13, 3, 97),
(717, 'INGRESO', '17.6', 'PAGO DE CUOTA DE CREDITO', '2020-01-31 23:22:07', 'CAJERO', 'VOUCHER', '0', NULL, 13, 3, 95),
(718, 'INGRESO', '22', 'PAGO DE CUOTA DE CREDITO', '2020-01-31 23:22:55', 'CAJERO', 'VOUCHER', '0', NULL, 13, 3, 105),
(719, 'INGRESO', '25.2', 'PAGO DE CUOTA DE CREDITO', '2020-01-31 23:23:36', 'CAJERO', 'VOUCHER', '0', NULL, 13, 3, 108),
(720, 'INGRESO', '22', 'PAGO DE CUOTA DE CREDITO', '2020-01-31 23:24:00', 'CAJERO', 'VOUCHER', '0', NULL, 13, 3, 113),
(721, 'INGRESO', '13.2', 'PAGO DE CUOTA DE CREDITO', '2020-01-31 23:24:29', 'CAJERO', 'VOUCHER', '0', NULL, 13, 3, 80),
(722, 'INGRESO', '22', 'PAGO DE CUOTA DE CREDITO', '2020-01-31 23:24:57', 'CAJERO', 'VOUCHER', '0', NULL, 13, 3, 102),
(723, 'INGRESO', '13.2', 'PAGO DE CUOTA DE CREDITO', '2020-01-31 23:25:29', 'CAJERO', 'VOUCHER', '0', NULL, 13, 3, 96),
(724, 'INGRESO', '13.2', 'PAGO DE CUOTA DE CREDITO', '2020-01-31 23:26:08', 'CAJERO', 'VOUCHER', '0', NULL, 13, 3, 96),
(725, 'INGRESO', '13.2', 'PAGO DE CUOTA DE CREDITO', '2020-01-31 23:38:47', 'CAJERO', 'VOUCHER', '0', NULL, 13, 3, 72),
(726, 'INGRESO', '22', 'PAGO DE CUOTA DE CREDITO', '2020-01-31 23:39:14', 'CAJERO', 'VOUCHER', '0', NULL, 13, 3, 60),
(727, 'INGRESO', '33.6', 'PAGO DE CUOTA DE CREDITO', '2020-01-31 23:39:39', 'CAJERO', 'VOUCHER', '0', NULL, 13, 3, 58),
(728, 'INGRESO', '20', 'PAGO DE CUOTA DE CREDITO', '2020-01-31 23:40:13', 'CAJERO', 'VOUCHER', '0', NULL, 13, 3, 87),
(729, 'INGRESO', '26.4', 'PAGO DE CUOTA DE CREDITO', '2020-01-31 23:40:37', 'CAJERO', 'VOUCHER', '0', NULL, 13, 3, 67),
(730, 'INGRESO', '22', 'PAGO DE CUOTA DE CREDITO', '2020-01-31 23:41:07', 'CAJERO', 'VOUCHER', '0', NULL, 13, 3, 119),
(731, 'INGRESO', '22', 'PAGO DE CUOTA DE CREDITO', '2020-01-31 23:46:40', 'CAJERO', 'VOUCHER', '0', NULL, 13, 3, 115),
(732, 'INGRESO', '17.6', 'PAGO DE CUOTA DE CREDITO', '2020-01-31 23:47:10', 'CAJERO', 'VOUCHER', '0', NULL, 13, 3, 120),
(733, 'INGRESO', '30.8', 'PAGO DE CUOTA DE CREDITO', '2020-01-31 23:48:04', 'CAJERO', 'VOUCHER', '0', NULL, 13, 3, 73),
(734, 'INGRESO', '17.6', 'PAGO DE CUOTA DE CREDITO', '2020-01-31 23:48:44', 'CAJERO', 'VOUCHER', '0', NULL, 13, 3, 112),
(735, 'INGRESO', '22', 'PAGO DE CUOTA DE CREDITO', '2020-01-31 23:49:21', 'CAJERO', 'VOUCHER', '0', NULL, 13, 3, 70),
(736, 'INGRESO', '13.2', 'PAGO DE CUOTA DE CREDITO', '2020-01-31 23:49:50', 'CAJERO', 'VOUCHER', '0', NULL, 13, 3, 55),
(737, 'INGRESO', '35.2', 'PAGO DE CUOTA DE CREDITO', '2020-01-31 23:50:44', 'CAJERO', 'VOUCHER', '0', NULL, 13, 3, 110),
(738, 'INGRESO', '15', 'PAGO DE CUOTA DE CREDITO', '2020-01-31 23:51:15', 'CAJERO', 'VOUCHER', '0', NULL, 13, 3, 59),
(739, 'INGRESO', '16.8', 'PAGO DE CUOTA DE CREDITO', '2020-01-31 23:51:49', 'CAJERO', 'VOUCHER', '0', NULL, 13, 3, 117),
(740, 'INGRESO', '22', 'PAGO DE CUOTA DE CREDITO', '2020-01-31 23:53:40', 'CAJERO', 'VOUCHER', '0', NULL, 13, 3, 66),
(741, 'INGRESO', '15', 'PAGO DE CUOTA DE CREDITO', '2020-01-31 23:54:48', 'CAJERO', 'VOUCHER', '0', NULL, 13, 3, 62),
(742, 'INGRESO', '17.2', 'PAGO DE CUOTA DE CREDITO', '2020-01-31 23:55:12', 'CAJERO', 'VOUCHER', '0', NULL, 13, 3, 76),
(743, 'EGRESO', '10', 'Combustible ', '2020-01-31 23:56:21', 'Administradora', 'Recibo', '00001', 'Combustible asesora eliana ', 13, 3, NULL),
(744, 'EGRESO', '5', 'Pago de alquiler de moto', '2020-01-31 23:57:25', 'Administradora', 'Recibo', '00001', 'Pago de alquiler de moto asesor kevin', 13, 3, NULL),
(745, 'INGRESO', '165', 'PAGO DE CUOTA DE CREDITO', '2020-02-01 22:51:13', 'CAJERO', 'VOUCHER', '0', NULL, 13, 3, 84),
(746, 'INGRESO', '36.2', 'PAGO DE CUOTA DE CREDITO', '2020-02-01 22:52:25', 'CAJERO', 'VOUCHER', '0', NULL, 13, 3, 89),
(747, 'INGRESO', '45', 'PAGO DE CUOTA DE CREDITO', '2020-02-01 22:53:59', 'CAJERO', 'VOUCHER', '0', NULL, 13, 3, 88),
(748, 'INGRESO', '126.5', 'PAGO DE CUOTA DE CREDITO', '2020-02-01 22:55:31', 'CAJERO', 'VOUCHER', '0', NULL, 13, 3, 41),
(749, 'INGRESO', '9.4', 'PAGO DE CUOTA DE CREDITO', '2020-02-01 22:56:39', 'CAJERO', 'VOUCHER', '0', NULL, 13, 3, 82),
(750, 'INGRESO', '6.6', 'PAGO DE CUOTA DE CREDITO', '2020-02-01 22:57:15', 'CAJERO', 'VOUCHER', '0', NULL, 13, 3, 106),
(751, 'INGRESO', '67.2', 'PAGO DE CUOTA DE CREDITO', '2020-02-01 22:58:05', 'CAJERO', 'VOUCHER', '0', NULL, 13, 3, 58),
(752, 'INGRESO', '50', 'PAGO DE CUOTA DE CREDITO', '2020-02-01 22:59:01', 'CAJERO', 'VOUCHER', '0', NULL, 13, 3, 87),
(753, 'INGRESO', '13.2', 'PAGO DE CUOTA DE CREDITO', '2020-02-01 22:59:41', 'CAJERO', 'VOUCHER', '0', NULL, 13, 3, 72),
(754, 'INGRESO', '26.40', 'PAGO DE CUOTA DE CREDITO', '2020-02-01 23:00:05', 'CAJERO', 'VOUCHER', '0', NULL, 13, 3, 80),
(755, 'INGRESO', '10', 'PAGO DE CUOTA DE CREDITO', '2020-02-01 23:01:12', 'CAJERO', 'VOUCHER', '0', NULL, 13, 3, 108),
(756, 'INGRESO', '30.8', 'PAGO DE CUOTA DE CREDITO', '2020-02-01 23:02:36', 'CAJERO', 'VOUCHER', '0', NULL, 13, 3, 73),
(757, 'INGRESO', '10', 'PAGO DE CUOTA DE CREDITO', '2020-02-01 23:03:13', 'CAJERO', 'VOUCHER', '0', NULL, 13, 3, 124),
(758, 'INGRESO', '22', 'PAGO DE CUOTA DE CREDITO', '2020-02-01 23:03:37', 'CAJERO', 'VOUCHER', '0', NULL, 13, 3, 115),
(759, 'INGRESO', '13.2', 'PAGO DE CUOTA DE CREDITO', '2020-02-01 23:04:43', 'CAJERO', 'VOUCHER', '0', NULL, 13, 3, 123),
(760, 'INGRESO', '13.2', 'PAGO DE CUOTA DE CREDITO', '2020-02-01 23:05:51', 'CAJERO', 'VOUCHER', '0', NULL, 13, 3, 55),
(761, 'INGRESO', '17.6', 'PAGO DE CUOTA DE CREDITO', '2020-02-01 23:06:17', 'CAJERO', 'VOUCHER', '0', NULL, 13, 3, 120),
(762, 'INGRESO', '13.2', 'PAGO DE CUOTA DE CREDITO', '2020-02-01 23:06:43', 'CAJERO', 'VOUCHER', '0', NULL, 13, 3, 97),
(763, 'INGRESO', '17.6', 'PAGO DE CUOTA DE CREDITO', '2020-02-01 23:07:20', 'CAJERO', 'VOUCHER', '0', NULL, 13, 3, 112),
(764, 'INGRESO', '22', 'PAGO DE CUOTA DE CREDITO', '2020-02-01 23:08:18', 'CAJERO', 'VOUCHER', '0', NULL, 13, 3, 119),
(765, 'INGRESO', '20', 'PAGO DE CUOTA DE CREDITO', '2020-02-01 23:09:00', 'CAJERO', 'VOUCHER', '0', NULL, 13, 3, 117),
(766, 'INGRESO', '10', 'PAGO DE CUOTA DE CREDITO', '2020-02-01 23:09:22', 'CAJERO', 'VOUCHER', '0', NULL, 13, 3, 98),
(767, 'INGRESO', '15', 'PAGO DE CUOTA DE CREDITO', '2020-02-01 23:09:52', 'CAJERO', 'VOUCHER', '0', NULL, 13, 3, 62),
(768, 'INGRESO', '15', 'PAGO DE CUOTA DE CREDITO', '2020-02-01 23:10:16', 'CAJERO', 'VOUCHER', '0', NULL, 13, 3, 59),
(769, 'INGRESO', '22', 'PAGO DE CUOTA DE CREDITO', '2020-02-01 23:10:35', 'CAJERO', 'VOUCHER', '0', NULL, 13, 3, 66),
(770, 'INGRESO', '17.6', 'PAGO DE CUOTA DE CREDITO', '2020-02-01 23:11:35', 'CAJERO', 'VOUCHER', '0', NULL, 13, 3, 110),
(771, 'EGRESO', '5', 'Combustible ', '2020-02-01 23:15:52', 'Administradora', 'Recibo', '00001', 'Pago de combustible eliana ', 13, 3, NULL),
(772, 'EGRESO', '214', 'Pago de sueldo ', '2020-02-01 23:16:43', 'Administradora', 'Recibo', '00001', 'Pago de sueldo semanal asesor kevin', 13, 3, NULL),
(773, 'EGRESO', '35', 'Alquiler y combustible de moto', '2020-02-01 23:21:31', 'Administradora', 'Recibo', '00001', 'Pago de alquiler de moto y combustible asesor kevin', 13, 3, NULL);

-- --------------------------------------------------------

--
-- Estructura de tabla para la tabla `negocio`
--

CREATE TABLE `negocio` (
  `idnegocio` int(11) NOT NULL,
  `norm_tipo` varchar(45) COLLATE utf8_spanish_ci NOT NULL,
  `norm_tipo_local` varchar(45) COLLATE utf8_spanish_ci NOT NULL,
  `norm_tipo_negocio` varchar(45) COLLATE utf8_spanish_ci NOT NULL,
  `tiempo` varchar(45) COLLATE utf8_spanish_ci DEFAULT NULL,
  `trans_tipo` varchar(45) COLLATE utf8_spanish_ci NOT NULL,
  `trans_placa` varchar(45) COLLATE utf8_spanish_ci NOT NULL,
  `trans_empresa` varchar(45) COLLATE utf8_spanish_ci NOT NULL,
  `trans_direccion` varchar(45) COLLATE utf8_spanish_ci NOT NULL,
  `trans_soat` varchar(45) COLLATE utf8_spanish_ci NOT NULL,
  `trans_soat_cad` varchar(45) COLLATE utf8_spanish_ci DEFAULT NULL,
  `trans_tarjeta` varchar(45) COLLATE utf8_spanish_ci NOT NULL,
  `trans_tarjeta_cad` varchar(45) COLLATE utf8_spanish_ci DEFAULT NULL,
  `tipo` varchar(45) COLLATE utf8_spanish_ci NOT NULL,
  `url_croquis` varchar(45) COLLATE utf8_spanish_ci DEFAULT NULL,
  `clientes_idcliente` int(11) NOT NULL
) ENGINE=InnoDB DEFAULT CHARSET=utf8 COLLATE=utf8_spanish_ci;

--
-- Volcado de datos para la tabla `negocio`
--

INSERT INTO `negocio` (`idnegocio`, `norm_tipo`, `norm_tipo_local`, `norm_tipo_negocio`, `tiempo`, `trans_tipo`, `trans_placa`, `trans_empresa`, `trans_direccion`, `trans_soat`, `trans_soat_cad`, `trans_tarjeta`, `trans_tarjeta_cad`, `tipo`, `url_croquis`, `clientes_idcliente`) VALUES
(1, '', '', '', '10 AÑOS ', 'FORMAL', '44398011', 'VIRGO SAC', 'JUSTICIA PAZ Y VIDA - CANCHON ', 'SI', '', 'SI', '', 'TRANSPORTE', NULL, 133);

-- --------------------------------------------------------

--
-- Estructura de tabla para la tabla `pagos`
--

CREATE TABLE `pagos` (
  `idpago` int(11) NOT NULL,
  `n_cuota_programada` varchar(15) COLLATE utf8_spanish_ci NOT NULL,
  `fecha_programada` date NOT NULL,
  `cuota_programada` varchar(45) COLLATE utf8_spanish_ci NOT NULL,
  `monto` varchar(45) COLLATE utf8_spanish_ci DEFAULT NULL,
  `fecha` datetime DEFAULT NULL,
  `mora` varchar(45) COLLATE utf8_spanish_ci DEFAULT NULL,
  `creditos_idcredito` int(11) NOT NULL,
  `usuarios_idusuario` int(11) DEFAULT NULL
) ENGINE=InnoDB DEFAULT CHARSET=utf8 COLLATE=utf8_spanish_ci;

--
-- Volcado de datos para la tabla `pagos`
--

INSERT INTO `pagos` (`idpago`, `n_cuota_programada`, `fecha_programada`, `cuota_programada`, `monto`, `fecha`, `mora`, `creditos_idcredito`, `usuarios_idusuario`) VALUES
(148, '1', '2020-01-06', '151.3', '110', '2020-01-30 23:21:26', '28', 33, 3),
(149, '1', '2019-12-20', '22', '23', '2019-12-24 11:03:13', '1', 31, 3),
(150, '2', '2019-12-21', '22', '23', '2019-12-27 19:22:15', '1', 31, 3),
(151, '3', '2019-12-23', '22', '23', '2019-12-27 19:22:15', '1', 31, 3),
(152, '4', '2019-12-26', '22', '23', '2019-12-28 12:54:25', '1', 31, 3),
(153, '5', '2019-12-27', '22', '23', '2019-12-31 10:00:57', '1', 31, 3),
(154, '6', '2019-12-28', '22', '23', '2019-12-31 12:54:13', '1', 31, 3),
(155, '7', '2019-12-30', '22', '23', '2019-12-31 12:54:42', '1', 31, 3),
(156, '8', '2019-12-31', '22', '23', '2020-01-03 21:46:02', '1', 31, 3),
(157, '9', '2020-01-02', '22', '23', '2020-01-04 23:13:41', '1', 31, 3),
(158, '10', '2020-01-03', '22', '23', '2020-01-08 23:55:10', '1', 31, 3),
(159, '11', '2020-01-04', '22', '23', '2020-01-08 23:55:10', '1', 31, 3),
(160, '12', '2020-01-06', '22', '23', '2020-01-09 23:54:06', '1', 31, 3),
(161, '13', '2020-01-07', '22', '23', '2020-01-10 23:50:42', '1', 31, 3),
(162, '14', '2020-01-08', '22', '23', '2020-01-10 23:50:42', '1', 31, 3),
(163, '15', '2020-01-09', '22', '23', '2020-01-10 23:50:42', '1', 31, 3),
(164, '16', '2020-01-10', '22', '23', '2020-01-10 23:50:42', '1', 31, 3),
(165, '17', '2020-01-11', '22', '22', '2020-01-10 23:50:42', '', 31, 3),
(166, '18', '2020-01-13', '22', '22', '2020-01-11 20:57:16', '', 31, 3),
(167, '19', '2020-01-14', '22', '22', '2020-01-11 20:57:16', '', 31, 3),
(168, '20', '2020-01-15', '22', '22', '2020-01-11 20:57:16', '', 31, 3),
(169, '21', '2020-01-16', '22', '22', '2020-01-11 20:57:16', '', 31, 3),
(170, '22', '2020-01-17', '22', '22', '2020-01-11 20:57:16', '', 31, 3),
(171, '23', '2020-01-18', '22', '22', '2020-01-11 20:57:16', '', 31, 3),
(172, '24', '2020-01-20', '22', '22', '2020-01-11 20:57:16', '', 31, 3),
(173, '25', '2020-01-21', '22', '22', '2020-01-11 20:57:16', '', 31, 3),
(174, '1', '2019-12-27', '150', '154', '2019-12-31 12:57:10', '4', 34, 3),
(175, '2', '2020-01-03', '150', '151', '2020-01-11 23:57:05', '7', 34, 3),
(176, '3', '2020-01-10', '150', '', NULL, '7', 34, 3),
(177, '4', '2020-01-17', '150', '', NULL, '7', 34, 3),
(178, '5', '2020-01-24', '150', '', NULL, '7', 34, 3),
(179, '6', '2020-01-31', '150', '', NULL, '3', 34, 3),
(180, '7', '2020-02-07', '150', '', NULL, '', 34, 3),
(181, '8', '2020-02-14', '150', '', NULL, '', 34, 3),
(182, '1', '2019-12-21', '30.8', '31.8', '2019-12-24 11:02:06', '1', 30, 3),
(183, '2', '2019-12-23', '30.8', '31.8', '2019-12-27 19:20:24', '1', 30, 3),
(184, '3', '2019-12-26', '30.8', '31.8', '2019-12-31 09:59:39', '1', 30, 3),
(185, '4', '2019-12-27', '30.8', '31.8', '2019-12-31 10:02:42', '1', 30, 3),
(186, '5', '2019-12-28', '30.8', '31.8', '2019-12-31 12:52:36', '1', 30, 3),
(187, '6', '2019-12-30', '30.8', '31.8', '2020-01-04 23:12:10', '1', 30, 3),
(188, '7', '2019-12-31', '30.8', '31.8', '2020-01-09 00:09:30', '1', 30, 3),
(189, '8', '2020-01-02', '30.8', '31.8', '2020-01-09 00:09:30', '1', 30, 3),
(190, '9', '2020-01-03', '30.8', '31.8', '2020-01-09 23:52:37', '1', 30, 3),
(191, '10', '2020-01-04', '30.8', '31.8', '2020-01-10 23:47:19', '1', 30, 3),
(192, '11', '2020-01-06', '30.8', '31.8', '2020-01-13 22:06:10', '1', 30, 3),
(193, '12', '2020-01-07', '30.8', '31.8', '2020-01-14 23:39:12', '1', 30, 3),
(194, '13', '2020-01-08', '30.8', '31.8', '2020-01-15 23:23:06', '1', 30, 3),
(195, '14', '2020-01-09', '30.8', '31.8', '2020-01-17 22:37:22', '1', 30, 3),
(196, '15', '2020-01-10', '30.8', '31.8', '2020-01-18 22:09:33', '1', 30, 3),
(197, '16', '2020-01-11', '30.8', '31.8', '2020-01-21 05:01:15', '1', 30, 3),
(198, '17', '2020-01-13', '30.8', '31.8', '2020-01-21 05:01:15', '1', 30, 3),
(199, '18', '2020-01-14', '30.8', '31.8', '2020-01-21 05:01:15', '1', 30, 3),
(200, '19', '2020-01-15', '30.8', '31.8', '2020-01-21 05:01:15', '1', 30, 3),
(201, '20', '2020-01-16', '30.8', '31.8', '2020-01-21 05:01:15', '1', 30, 3),
(202, '21', '2020-01-17', '30.8', '31.8', '2020-01-21 05:01:15', '1', 30, 3),
(203, '22', '2020-01-18', '30.8', '31.8', '2020-01-21 05:01:15', '1', 30, 3),
(204, '23', '2020-01-20', '30.8', '31.8', '2020-01-21 05:01:15', '1', 30, 3),
(205, '24', '2020-01-21', '30.8', '31.8', '2020-01-25 20:41:45', '1', 30, 3),
(206, '25', '2020-01-22', '30.8', '34.8', '2020-01-25 20:41:45', '4', 30, 3),
(207, '1', '2019-12-23', '22', '23', '2019-12-27 09:22:06', '1', 36, 3),
(208, '2', '2019-12-26', '22', '23', '2019-12-27 19:25:07', '1', 36, 3),
(209, '3', '2019-12-27', '22', '23', '2019-12-27 19:25:07', '1', 36, 3),
(210, '4', '2019-12-28', '22', '23', '2019-12-31 10:00:09', '1', 36, 3),
(211, '5', '2019-12-30', '22', '23', '2019-12-31 10:00:09', '1', 36, 3),
(212, '6', '2019-12-31', '22', '22', '2019-12-31 12:58:47', '', 36, 3),
(213, '7', '2020-01-02', '22', '23', '2020-01-02 19:04:33', '1', 36, 3),
(214, '8', '2020-01-03', '22', '22', '2020-01-02 19:04:33', '', 36, 3),
(215, '9', '2020-01-04', '22', '22', '2020-01-03 21:46:49', '', 36, 3),
(216, '10', '2020-01-06', '22', '23', '2020-01-08 23:52:53', '1', 36, 3),
(217, '11', '2020-01-07', '22', '23', '2020-01-08 23:52:53', '1', 36, 3),
(218, '12', '2020-01-08', '22', '23', '2020-01-08 23:52:53', '1', 36, 3),
(219, '13', '2020-01-09', '22', '22', '2020-01-08 23:52:53', '', 36, 3),
(220, '14', '2020-01-10', '22', '22', '2020-01-09 23:53:18', '', 36, 3),
(221, '15', '2020-01-11', '22', '23', '2020-01-13 16:47:19', '1', 36, 3),
(222, '16', '2020-01-13', '22', '22', '2020-01-13 16:47:19', '', 36, 3),
(223, '17', '2020-01-14', '22', '22', '2020-01-13 16:47:19', '', 36, 3),
(224, '18', '2020-01-15', '22', '22', '2020-01-13 16:47:19', '', 36, 3),
(225, '19', '2020-01-16', '22', '22', '2020-01-13 16:47:19', '', 36, 3),
(226, '20', '2020-01-17', '22', '22', '2020-01-13 16:47:19', '', 36, 3),
(227, '21', '2020-01-18', '22', '22', '2020-01-13 16:47:19', '', 36, 3),
(228, '22', '2020-01-20', '22', '22', '2020-01-14 23:36:53', '', 36, 3),
(229, '23', '2020-01-21', '22', '22', '2020-01-14 23:36:53', '', 36, 3),
(230, '24', '2020-01-22', '22', '22', '2020-01-14 23:36:53', '', 36, 3),
(231, '25', '2020-01-23', '22', '22', '2020-01-14 23:36:53', '', 36, 3),
(232, '1', '2019-12-24', '22', '22', '2019-12-24 11:04:42', '', 37, 7),
(233, '2', '2019-12-26', '22', '22', '2019-12-24 11:04:42', '', 37, 7),
(234, '3', '2019-12-27', '22', '22', '2019-12-24 11:04:42', '', 37, 7),
(235, '4', '2019-12-28', '22', '22', '2019-12-24 11:04:42', '', 37, 7),
(236, '5', '2019-12-30', '22', '22', '2019-12-24 11:04:42', '', 37, 7),
(237, '6', '2019-12-31', '22', '22', '2019-12-24 11:04:42', '', 37, 7),
(238, '7', '2020-01-02', '22', '22', '2019-12-24 11:04:42', '', 37, 7),
(239, '8', '2020-01-03', '22', '22', '2019-12-24 11:04:42', '', 37, 7),
(240, '9', '2020-01-04', '22', '22', '2019-12-24 11:04:42', '', 37, 7),
(241, '10', '2020-01-06', '22', '22', '2019-12-24 11:04:42', '', 37, 7),
(242, '11', '2020-01-07', '22', '22', '2019-12-24 11:04:42', '', 37, 7),
(243, '12', '2020-01-08', '22', '22', '2019-12-24 11:04:42', '', 37, 7),
(244, '13', '2020-01-09', '22', '22', '2019-12-24 11:04:42', '', 37, 7),
(245, '14', '2020-01-10', '22', '22', '2019-12-24 11:04:42', '', 37, 7),
(246, '15', '2020-01-11', '22', '22', '2019-12-24 11:04:42', '', 37, 7),
(247, '16', '2020-01-13', '22', '', NULL, '1', 37, 7),
(248, '17', '2020-01-14', '22', '', NULL, '1', 37, 7),
(249, '18', '2020-01-15', '22', '', NULL, '1', 37, 7),
(250, '19', '2020-01-16', '22', '', NULL, '1', 37, 7),
(251, '20', '2020-01-17', '22', '', NULL, '1', 37, 7),
(252, '21', '2020-01-18', '22', '', NULL, '1', 37, 7),
(253, '22', '2020-01-20', '22', '', NULL, '1', 37, 7),
(254, '23', '2020-01-21', '22', '', NULL, '1', 37, 7),
(255, '24', '2020-01-22', '22', '', NULL, '1', 37, 7),
(256, '25', '2020-01-23', '22', '', NULL, '11', 37, 7),
(257, '1', '2019-12-24', '13.2', '14.2', '2019-12-28 11:03:59', '1', 38, 3),
(258, '2', '2019-12-26', '13.2', '14.2', '2019-12-28 11:03:59', '1', 38, 3),
(259, '3', '2019-12-27', '13.2', '14.2', '2019-12-31 13:00:12', '1', 38, 3),
(260, '4', '2019-12-28', '13.2', '14.2', '2020-01-03 21:47:42', '1', 38, 3),
(261, '5', '2019-12-30', '13.2', '14.2', '2020-01-03 21:47:42', '1', 38, 3),
(262, '6', '2019-12-31', '13.2', '14.2', '2020-01-03 21:47:42', '1', 38, 3),
(263, '7', '2020-01-02', '13.2', '14.2', '2020-01-10 23:55:09', '1', 38, 3),
(264, '8', '2020-01-03', '13.2', '14.2', '2020-01-10 23:55:09', '1', 38, 3),
(265, '9', '2020-01-04', '13.2', '14.2', '2020-01-10 23:55:09', '1', 38, 3),
(266, '10', '2020-01-06', '13.2', '14.2', '2020-01-10 23:55:09', '1', 38, 3),
(267, '11', '2020-01-07', '13.2', '14.2', '2020-01-12 00:00:11', '1', 38, 3),
(268, '12', '2020-01-08', '13.2', '14.2', '2020-01-12 00:00:11', '1', 38, 3),
(269, '13', '2020-01-09', '13.2', '14.2', '2020-01-13 17:19:45', '1', 38, 3),
(270, '14', '2020-01-10', '13.2', '14.2', '2020-01-13 17:19:45', '1', 38, 3),
(271, '15', '2020-01-11', '13.2', '14.2', '2020-01-13 18:00:32', '1', 38, 3),
(272, '16', '2020-01-13', '13.2', '14.2', '2020-01-14 23:44:25', '1', 38, 3),
(273, '17', '2020-01-14', '13.2', '14.2', '2020-01-14 23:44:25', '1', 38, 3),
(274, '18', '2020-01-15', '13.2', '13.2', '2020-01-14 23:44:25', '', 38, 3),
(275, '19', '2020-01-16', '13.2', '13.2', '2020-01-15 23:17:56', '', 38, 3),
(276, '20', '2020-01-17', '13.2', '13.2', '2020-01-15 23:17:56', '', 38, 3),
(277, '21', '2020-01-18', '13.2', '13.2', '2020-01-17 22:40:49', '', 38, 3),
(278, '22', '2020-01-20', '13.2', '13.2', '2020-01-17 22:40:49', '', 38, 3),
(279, '23', '2020-01-21', '13.2', '13.2', '2020-01-17 22:40:49', '', 38, 3),
(280, '24', '2020-01-22', '13.2', '13.2', '2020-01-17 22:40:49', '', 38, 3),
(281, '25', '2020-01-23', '13.2', '13.2', '2020-01-22 19:36:43', '', 38, 3),
(282, '1', '2019-12-30', '192.5', '193.5', '2019-12-31 17:24:16', '1', 39, 3),
(283, '2', '2020-01-06', '192.5', '198.5', '2020-01-11 20:56:11', '6', 39, 3),
(284, '3', '2020-01-13', '192.5', '195.5', '2020-01-15 23:15:14', '3', 39, 3),
(285, '4', '2020-01-20', '192.5', '183.5', '2020-01-21 23:24:01', '14', 39, 3),
(286, '1', '2019-12-26', '11.5', '12.5', '2019-12-31 10:01:49', '1', 41, 3),
(287, '2', '2019-12-27', '11.5', '12.5', '2019-12-31 10:01:49', '1', 41, 3),
(288, '3', '2019-12-28', '11.5', '12.5', '2019-12-31 10:01:49', '1', 41, 3),
(289, '4', '2019-12-30', '11.5', '12.5', '2019-12-31 13:04:57', '1', 41, 3),
(290, '5', '2019-12-31', '11.5', '12.5', '2020-01-09 23:48:29', '1', 41, 3),
(291, '6', '2020-01-02', '11.5', '12.5', '2020-01-09 23:48:29', '1', 41, 3),
(292, '7', '2020-01-03', '11.5', '12.5', '2020-01-14 23:35:39', '1', 41, 3),
(293, '8', '2020-01-04', '11.5', '12.5', '2020-01-14 23:35:39', '1', 41, 3),
(294, '9', '2020-01-06', '11.5', '12.5', '2020-01-14 23:35:39', '1', 41, 3),
(295, '10', '2020-01-07', '11.5', '12.5', '2020-01-14 23:35:39', '1', 41, 3),
(296, '11', '2020-01-08', '11.5', '12.5', '2020-01-14 23:35:39', '1', 41, 3),
(297, '12', '2020-01-09', '11.5', '12.5', '2020-01-21 23:26:04', '1', 41, 3),
(298, '13', '2020-01-10', '11.5', '12.5', '2020-01-21 23:26:04', '1', 41, 3),
(299, '14', '2020-01-11', '11.5', '12.5', '2020-02-01 22:55:31', '1', 41, 3),
(300, '15', '2020-01-13', '11.5', '12.5', '2020-02-01 22:55:31', '1', 41, 3),
(301, '16', '2020-01-14', '11.5', '12.5', '2020-02-01 22:55:31', '1', 41, 3),
(302, '17', '2020-01-15', '11.5', '12.5', '2020-02-01 22:55:31', '1', 41, 3),
(303, '18', '2020-01-16', '11.5', '12.5', '2020-02-01 22:55:31', '1', 41, 3),
(304, '19', '2020-01-17', '11.5', '12.5', '2020-02-01 22:55:31', '1', 41, 3),
(305, '20', '2020-01-18', '11.5', '12.5', '2020-02-01 22:55:31', '1', 41, 3),
(306, '21', '2020-01-20', '11.5', '12.5', '2020-02-01 22:55:31', '1', 41, 3),
(307, '22', '2020-01-21', '11.5', '12.5', '2020-02-01 22:55:31', '1', 41, 3),
(308, '23', '2020-01-22', '11.5', '12.5', '2020-02-01 22:55:31', '1', 41, 3),
(309, '24', '2020-01-23', '11.5', '6', '2020-02-01 22:55:31', '1', 41, 3),
(310, '25', '2020-01-24', '11.5', '0', NULL, '10', 41, 3),
(311, '1', '2020-01-24', '630', '230', '2020-01-04 23:15:49', '10', 42, 3),
(312, '1', '2020-01-02', '105', '112', '2020-01-10 00:01:34', '7', 40, 3),
(313, '2', '2020-01-09', '105', '112', '2020-01-16 23:14:51', '7', 40, 3),
(314, '3', '2020-01-16', '105', '112', '2020-01-23 23:34:54', '7', 40, 3),
(315, '4', '2020-01-23', '105', '87', '2020-01-23 23:34:54', '11', 40, 3),
(316, '1', '2019-12-28', '22', '22', '2019-12-28 12:46:56', '', 43, 3),
(317, '2', '2019-12-30', '22', '23', '2019-12-31 13:04:16', '1', 43, 3),
(318, '3', '2019-12-31', '22', '22', '2019-12-31 13:04:16', '', 43, 3),
(319, '4', '2020-01-02', '22', '22', '2020-01-02 16:23:47', '', 43, 3),
(320, '5', '2020-01-03', '22', '23', '2020-01-09 00:07:13', '1', 43, 3),
(321, '6', '2020-01-04', '22', '23', '2020-01-11 20:58:36', '1', 43, 3),
(322, '7', '2020-01-06', '22', '23', '2020-01-11 20:58:36', '1', 43, 3),
(323, '8', '2020-01-07', '22', '23', '2020-01-14 23:41:29', '1', 43, 3),
(324, '9', '2020-01-08', '22', '23', '2020-01-14 23:41:29', '1', 43, 3),
(325, '10', '2020-01-09', '22', '23', '2020-01-14 23:41:29', '1', 43, 3),
(326, '11', '2020-01-10', '22', '23', '2020-01-14 23:41:29', '1', 43, 3),
(327, '12', '2020-01-11', '22', '23', '2020-01-16 23:11:28', '1', 43, 3),
(328, '13', '2020-01-13', '22', '23', '2020-01-16 23:11:28', '1', 43, 3),
(329, '14', '2020-01-14', '22', '23', '2020-01-16 23:11:28', '1', 43, 3),
(330, '15', '2020-01-15', '22', '23', '2020-01-16 23:11:28', '1', 43, 3),
(331, '16', '2020-01-16', '22', '23', '2020-01-16 23:11:28', '1', 43, 3),
(332, '17', '2020-01-17', '22', '22', '2020-01-16 23:11:28', '', 43, 3),
(333, '18', '2020-01-18', '22', '22', '2020-01-16 23:11:28', '', 43, 3),
(334, '19', '2020-01-20', '22', '22', '2020-01-16 23:11:28', '', 43, 3),
(335, '20', '2020-01-21', '22', '22', '2020-01-16 23:11:28', '', 43, 3),
(336, '21', '2020-01-22', '22', '22', '2020-01-16 23:11:28', '', 43, 3),
(337, '22', '2020-01-23', '22', '22', '2020-01-16 23:11:28', '', 43, 3),
(338, '23', '2020-01-24', '22', '22', '2020-01-23 23:29:19', '', 43, 3),
(339, '24', '2020-01-25', '22', '22', '2020-01-23 23:29:19', '', 43, 3),
(340, '25', '2020-01-27', '22', '13', '2020-01-23 23:29:19', '7', 43, 3),
(341, '1', '2019-12-30', '21', '22', '2019-12-31 09:57:46', '1', 44, 3),
(342, '2', '2019-12-31', '21', '21', '2019-12-31 17:42:03', '', 44, 3),
(343, '3', '2020-01-02', '21', '21', '2019-12-31 17:42:28', '', 44, 3),
(344, '4', '2020-01-03', '21', '21', '2020-01-02 19:03:55', '', 44, 3),
(345, '5', '2020-01-04', '21', '22', '2020-01-04 23:17:48', '1', 44, 3),
(346, '6', '2020-01-06', '21', '22', '2020-01-09 00:03:30', '1', 44, 3),
(347, '7', '2020-01-07', '21', '22', '2020-01-09 00:03:30', '1', 44, 3),
(348, '8', '2020-01-08', '21', '22', '2020-01-09 23:49:11', '1', 44, 3),
(349, '9', '2020-01-09', '21', '22', '2020-01-09 23:49:11', '1', 44, 3),
(350, '10', '2020-01-10', '21', '22', '2020-01-14 23:43:52', '1', 44, 3),
(351, '11', '2020-01-11', '21', '22', '2020-01-14 23:43:52', '1', 44, 3),
(352, '12', '2020-01-13', '21', '22', '2020-01-14 23:43:52', '1', 44, 3),
(353, '13', '2020-01-14', '21', '22', '2020-01-21 04:52:23', '1', 44, 3),
(354, '14', '2020-01-15', '21', '22', '2020-01-21 04:52:23', '1', 44, 3),
(355, '15', '2020-01-16', '21', '22', '2020-01-21 04:52:23', '1', 44, 3),
(356, '16', '2020-01-17', '21', '22', '2020-01-21 23:25:36', '1', 44, 3),
(357, '17', '2020-01-18', '21', '22', '2020-01-22 22:26:11', '1', 44, 3),
(358, '18', '2020-01-20', '21', '22', '2020-01-25 10:48:09', '1', 44, 3),
(359, '19', '2020-01-21', '21', '22', '2020-01-25 20:55:14', '1', 44, 3),
(360, '20', '2020-01-22', '21', '22', '2020-01-28 23:09:23', '1', 44, 3),
(361, '21', '2020-01-23', '21', '17', '2020-01-28 23:09:23', '1', 44, 3),
(362, '22', '2020-01-24', '21', '0', NULL, '1', 44, 3),
(363, '23', '2020-01-25', '21', '0', NULL, '1', 44, 3),
(364, '24', '2020-01-27', '21', '0', NULL, '1', 44, 3),
(365, '25', '2020-01-28', '21', '0', NULL, '6', 44, 3),
(366, '1', '2019-12-31', '13.2', '13.2', '2019-12-31 13:01:21', '', 45, 3),
(367, '2', '2020-01-02', '13.2', '14.2', '2020-01-04 23:18:49', '1', 45, 3),
(368, '3', '2020-01-03', '13.2', '14.2', '2020-01-08 23:54:30', '1', 45, 3),
(369, '4', '2020-01-04', '13.2', '14.2', '2020-01-08 23:54:30', '1', 45, 3),
(370, '5', '2020-01-06', '13.2', '14.2', '2020-01-10 00:00:40', '1', 45, 3),
(371, '6', '2020-01-07', '13.2', '14.2', '2020-01-10 23:50:06', '1', 45, 3),
(372, '7', '2020-01-08', '13.2', '14.2', '2020-01-11 20:59:11', '1', 45, 3),
(373, '8', '2020-01-09', '13.2', '14.2', '2020-01-13 22:11:44', '1', 45, 3),
(374, '9', '2020-01-10', '13.2', '14.2', '2020-01-14 23:51:28', '1', 45, 3),
(375, '10', '2020-01-11', '13.2', '14.2', '2020-01-15 23:24:57', '1', 45, 3),
(376, '11', '2020-01-13', '13.2', '14.2', '2020-01-16 23:13:53', '1', 45, 3),
(377, '12', '2020-01-14', '13.2', '14.2', '2020-01-17 22:41:41', '1', 45, 3),
(378, '13', '2020-01-15', '13.2', '14.2', '2020-01-18 22:17:32', '1', 45, 3),
(379, '14', '2020-01-16', '13.2', '14.2', '2020-01-21 23:38:31', '1', 45, 3),
(380, '15', '2020-01-17', '13.2', '14.2', '2020-01-25 12:02:28', '1', 45, 3),
(381, '16', '2020-01-18', '13.2', '14.2', '2020-01-25 19:59:50', '1', 45, 3),
(382, '17', '2020-01-20', '13.2', '14.2', '2020-01-25 19:59:50', '1', 45, 3),
(383, '18', '2020-01-21', '13.2', '14.2', '2020-01-25 19:59:50', '1', 45, 3),
(384, '19', '2020-01-22', '13.2', '14.2', '2020-01-25 19:59:50', '1', 45, 3),
(385, '20', '2020-01-23', '13.2', '14.2', '2020-01-25 19:59:50', '1', 45, 3),
(386, '21', '2020-01-24', '13.2', '14.2', '2020-01-25 19:59:50', '1', 45, 3),
(387, '22', '2020-01-25', '13.2', '14.2', '2020-01-25 19:59:50', '1', 45, 3),
(388, '23', '2020-01-27', '13.2', '13.2', '2020-01-25 19:59:50', '', 45, 3),
(389, '24', '2020-01-28', '13.2', '14.2', '2020-01-28 19:31:53', '1', 45, 3),
(390, '25', '2020-01-29', '13.2', '13.2', '2020-01-28 19:31:53', '', 45, 3),
(391, '1', '2020-01-06', '137.5', '144.5', '2020-01-14 23:38:13', '7', 47, 3),
(392, '2', '2020-01-13', '137.5', '144.5', '2020-01-21 05:00:18', '7', 47, 3),
(393, '3', '2020-01-20', '137.5', '144.5', '2020-01-27 23:09:38', '7', 47, 3),
(394, '4', '2020-01-27', '137.5', '116.5', '2020-01-27 23:09:38', '7', 47, 3),
(395, '1', '2020-12-06', '131.3', '131.3', '2020-01-04 23:20:50', '', 48, 3),
(396, '2', '2020-12-13', '131.3', '131.3', '2020-01-18 22:07:49', '', 48, 3),
(397, '3', '2020-12-20', '131.3', '131.3', '2020-01-25 20:02:36', '', 48, 3),
(398, '4', '2020-12-27', '131.3', '131.3', '2020-01-25 20:02:36', '', 48, 3),
(399, '1', '2020-01-02', '13.2', '14.2', '2020-01-03 09:44:49', '1', 50, 3),
(400, '2', '2020-01-03', '13.2', '13.2', '2020-01-03 09:44:49', '', 50, 3),
(401, '3', '2020-01-04', '13.2', '13.2', '2020-01-03 09:44:49', '', 50, 3),
(402, '4', '2020-01-06', '13.2', '13.2', '2020-01-03 09:44:49', '', 50, 3),
(403, '5', '2020-01-07', '13.2', '13.2', '2020-01-03 09:44:49', '', 50, 3),
(404, '6', '2020-01-08', '13.2', '13.2', '2020-01-03 09:44:49', '', 50, 3),
(405, '7', '2020-01-09', '13.2', '13.2', '2020-01-03 09:44:49', '', 50, 3),
(406, '8', '2020-01-10', '13.2', '13.2', '2020-01-03 09:44:49', '', 50, 3),
(407, '9', '2020-01-11', '13.2', '13.2', '2020-01-03 09:44:49', '', 50, 3),
(408, '10', '2020-01-13', '13.2', '13.2', '2020-01-03 09:44:49', '', 50, 3),
(409, '11', '2020-01-14', '13.2', '13.2', '2020-01-03 21:51:03', '', 50, 3),
(410, '12', '2020-01-15', '13.2', '13.2', '2020-01-09 00:00:12', '', 50, 3),
(411, '13', '2020-01-16', '13.2', '13.2', '2020-01-09 00:00:12', '', 50, 3),
(412, '14', '2020-01-17', '13.2', '13.2', '2020-01-09 23:59:55', '', 50, 3),
(413, '15', '2020-01-18', '13.2', '13.2', '2020-01-10 23:51:56', '', 50, 3),
(414, '16', '2020-01-20', '13.2', '13.2', '2020-01-11 23:58:34', '', 50, 3),
(415, '17', '2020-01-21', '13.2', '13.2', '2020-01-21 05:09:01', '', 50, 3),
(416, '18', '2020-01-22', '13.2', '13.2', '2020-01-21 05:09:01', '', 50, 3),
(417, '19', '2020-01-23', '13.2', '13.2', '2020-01-21 05:09:01', '', 50, 3),
(418, '20', '2020-01-24', '13.2', '13.2', '2020-01-21 05:09:01', '', 50, 3),
(419, '21', '2020-01-25', '13.2', '13.2', '2020-01-21 05:09:01', '', 50, 3),
(420, '22', '2020-01-27', '13.2', '13.2', '2020-01-21 05:09:01', '', 50, 3),
(421, '23', '2020-01-28', '13.2', '13.2', '2020-01-21 23:33:19', '', 50, 3),
(422, '24', '2020-01-29', '13.2', '13.2', '2020-01-22 22:23:19', '', 50, 3),
(423, '25', '2020-01-30', '13.2', '13.2', '2020-01-23 23:33:36', '', 50, 3),
(424, '1', '2020-01-07', '165', '172', '2020-01-14 23:42:53', '7', 49, 3),
(425, '2', '2020-01-14', '165', '166', '2020-01-14 23:42:53', '1', 49, 3),
(426, '3', '2020-01-21', '165', '165', '2020-01-15 23:17:19', '', 49, 3),
(427, '4', '2020-01-28', '165', '157', '2020-01-15 23:17:19', '6', 49, 3),
(428, '1', '2019-01-03', '17.6', '18.6', '2020-01-09 00:01:52', '1', 51, 3),
(429, '2', '2019-01-04', '17.6', '18.6', '2020-01-09 00:01:52', '1', 51, 3),
(430, '3', '2019-01-05', '17.6', '18.6', '2020-01-09 23:56:02', '1', 51, 3),
(431, '4', '2019-01-07', '17.6', '18.6', '2020-01-10 23:53:03', '1', 51, 3),
(432, '5', '2019-01-08', '17.6', '18.6', '2020-01-11 23:59:39', '1', 51, 3),
(433, '6', '2019-01-09', '17.6', '18.6', '2020-01-13 22:10:10', '1', 51, 3),
(434, '7', '2019-01-10', '17.6', '18.6', '2020-01-14 23:49:52', '1', 51, 3),
(435, '8', '2019-01-11', '17.6', '18.6', '2020-01-15 23:28:16', '1', 51, 3),
(436, '9', '2019-01-12', '17.6', '18.6', '2020-01-16 23:18:20', '1', 51, 3),
(437, '10', '2019-01-14', '17.6', '18.6', '2020-01-17 22:46:34', '1', 51, 3),
(438, '11', '2019-01-15', '17.6', '18.6', '2020-01-18 22:13:52', '1', 51, 3),
(439, '12', '2019-01-16', '17.6', '18.6', '2020-01-21 05:12:36', '1', 51, 3),
(440, '13', '2019-01-17', '17.6', '18.6', '2020-01-21 23:35:26', '1', 51, 3),
(441, '14', '2019-01-18', '17.6', '18.6', '2020-01-22 22:26:54', '1', 51, 3),
(442, '15', '2019-01-19', '17.6', '18.6', '2020-01-23 23:36:46', '1', 51, 3),
(443, '16', '2019-01-21', '17.6', '18.6', '2020-01-23 23:36:46', '1', 51, 3),
(444, '17', '2019-01-22', '17.6', '18.6', '2020-01-23 23:36:46', '1', 51, 3),
(445, '18', '2019-01-23', '17.6', '18.6', '2020-01-23 23:36:46', '1', 51, 3),
(446, '19', '2019-01-24', '17.6', '18.6', '2020-01-23 23:36:46', '1', 51, 3),
(447, '20', '2019-01-25', '17.6', '18.6', '2020-01-23 23:36:46', '1', 51, 3),
(448, '21', '2019-01-26', '17.6', '18.6', '2020-01-23 23:36:46', '1', 51, 3),
(449, '22', '2019-01-28', '17.6', '18.6', '2020-01-23 23:36:46', '1', 51, 3),
(450, '23', '2019-01-29', '17.6', '18.6', '2020-01-25 20:43:55', '1', 51, 3),
(451, '24', '2019-01-30', '17.6', '12.2', '2020-01-25 20:43:55', '1', 51, 3),
(452, '25', '2019-01-31', '17.6', '0', NULL, '368', 51, 3),
(453, '1', '2020-01-04', '13.2', '14.2', '2020-01-04 23:24:40', '1', 52, 3),
(454, '2', '2020-01-06', '13.2', '14.2', '2020-01-09 00:04:53', '1', 52, 3),
(455, '3', '2020-01-07', '13.2', '14.2', '2020-01-09 00:04:53', '1', 52, 3),
(456, '4', '2020-01-08', '13.2', '14.2', '2020-01-09 00:04:53', '1', 52, 3),
(457, '5', '2020-01-09', '13.2', '14.2', '2020-01-09 23:56:47', '1', 52, 3),
(458, '6', '2020-01-10', '13.2', '14.2', '2020-01-11 23:59:07', '1', 52, 3),
(459, '7', '2020-01-11', '13.2', '14.2', '2020-01-11 23:59:07', '1', 52, 3),
(460, '8', '2020-01-13', '13.2', '14.2', '2020-01-13 22:07:26', '1', 52, 3),
(461, '9', '2020-01-14', '13.2', '14.2', '2020-01-14 23:46:19', '1', 52, 3),
(462, '10', '2020-01-15', '13.2', '14.2', '2020-01-16 23:17:34', '1', 52, 3),
(463, '11', '2020-01-16', '13.2', '14.2', '2020-01-16 23:17:34', '1', 52, 3),
(464, '12', '2020-01-17', '13.2', '14.2', '2020-01-17 22:43:17', '1', 52, 3),
(465, '13', '2020-01-18', '13.2', '14.2', '2020-01-18 22:12:27', '1', 52, 3),
(466, '14', '2020-01-20', '13.2', '13.2', '2020-01-18 22:12:27', '', 52, 3),
(467, '15', '2020-01-21', '13.2', '13.2', '2020-01-21 05:11:18', '', 52, 3),
(468, '16', '2020-01-22', '13.2', '13.2', '2020-01-21 23:35:59', '', 52, 3),
(469, '17', '2020-01-23', '13.2', '13.2', '2020-01-21 23:35:59', '', 52, 3),
(470, '18', '2020-01-24', '13.2', '13.2', '2020-01-23 23:38:01', '', 52, 3),
(471, '19', '2020-01-25', '13.2', '13.2', '2020-01-23 23:38:01', '', 52, 3),
(472, '20', '2020-01-27', '13.2', '13.2', '2020-01-23 23:38:01', '', 52, 3),
(473, '21', '2020-01-28', '13.2', '13.2', '2020-01-25 20:45:48', '', 52, 3),
(474, '22', '2020-01-29', '13.2', '13.2', '2020-01-25 20:53:18', '', 52, 3),
(475, '23', '2020-01-30', '13.2', '13.2', '2020-01-28 19:31:03', '', 52, 3),
(476, '24', '2020-01-31', '13.2', '13.2', '2020-01-28 23:10:27', '', 52, 3),
(477, '25', '2020-02-01', '13.2', '0.2', '2020-01-28 23:10:27', '2', 52, 3),
(478, '1', '2020-01-07', '10', '11', '2020-01-08 23:49:10', '1', 57, 3),
(479, '2', '2020-01-08', '10', '11', '2020-01-10 23:46:23', '1', 57, 3),
(480, '3', '2020-01-09', '10', '11', '2020-01-10 23:46:23', '1', 57, 3),
(481, '4', '2020-01-10', '10', '11', '2020-01-13 16:48:04', '1', 57, 3),
(482, '5', '2020-01-11', '10', '11', '2020-01-13 16:48:04', '1', 57, 3),
(483, '6', '2020-01-13', '10', '11', '2020-01-15 23:18:36', '1', 57, 3),
(484, '7', '2020-01-14', '10', '11', '2020-01-15 23:18:36', '1', 57, 3),
(485, '8', '2020-01-15', '10', '11', '2020-01-21 04:54:39', '1', 57, 3),
(486, '9', '2020-01-16', '10', '11', '2020-01-21 04:54:39', '1', 57, 3),
(487, '10', '2020-01-17', '10', '11', '2020-01-21 04:54:39', '1', 57, 3),
(488, '11', '2020-01-18', '10', '', NULL, '16', 57, 3),
(489, '1', '2020-01-07', '13.2', '14.2', '2020-01-08 23:57:28', '1', 55, 3),
(490, '2', '2020-01-08', '13.2', '14.2', '2020-01-09 23:57:42', '1', 55, 3),
(491, '3', '2020-01-09', '13.2', '14.2', '2020-01-11 23:57:32', '1', 55, 3),
(492, '4', '2020-01-10', '13.2', '14.2', '2020-01-13 22:11:11', '1', 55, 3),
(493, '5', '2020-01-11', '13.2', '14.2', '2020-01-14 23:50:53', '1', 55, 3),
(494, '6', '2020-01-13', '13.2', '14.2', '2020-01-15 23:25:35', '1', 55, 3),
(495, '7', '2020-01-14', '13.2', '14.2', '2020-01-17 22:42:08', '1', 55, 3),
(496, '8', '2020-01-15', '13.2', '14.2', '2020-01-17 22:42:08', '1', 55, 3),
(497, '9', '2020-01-16', '13.2', '14.2', '2020-01-21 23:31:25', '1', 55, 3),
(498, '10', '2020-01-17', '13.2', '14.2', '2020-01-21 23:31:25', '1', 55, 3),
(499, '11', '2020-01-18', '13.2', '14.2', '2020-01-21 23:31:25', '1', 55, 3),
(500, '12', '2020-01-20', '13.2', '14.2', '2020-01-22 22:21:35', '1', 55, 3),
(501, '13', '2020-01-21', '13.2', '14.2', '2020-01-25 10:47:31', '1', 55, 3),
(502, '14', '2020-01-22', '13.2', '14.2', '2020-01-25 20:54:04', '1', 55, 3),
(503, '15', '2020-01-23', '13.2', '14.2', '2020-01-27 23:29:22', '1', 55, 3),
(504, '16', '2020-01-24', '13.2', '14.2', '2020-01-29 23:57:21', '1', 55, 3),
(505, '17', '2020-01-25', '13.2', '14.2', '2020-01-29 23:57:21', '1', 55, 3),
(506, '18', '2020-01-27', '13.2', '14.2', '2020-01-31 23:49:50', '1', 55, 3),
(507, '19', '2020-01-28', '13.2', '14.2', '2020-02-01 23:05:51', '1', 55, 3),
(508, '20', '2020-01-29', '13.2', '8.4', '2020-02-01 23:05:51', '1', 55, 3),
(509, '21', '2020-01-30', '13.2', '0', NULL, '1', 55, 3),
(510, '22', '2020-01-31', '13.2', '0', NULL, '1', 55, 3),
(511, '23', '2020-02-01', '13.2', '0', NULL, '1', 55, 3),
(512, '24', '2020-02-03', '13.2', '0', NULL, '', 55, 3),
(513, '25', '2020-02-04', '13.2', '0', NULL, '', 55, 3),
(514, '1', '2020-01-07', '33.6', '34.6', '2020-01-09 00:06:37', '1', 58, 3),
(515, '2', '2020-01-08', '33.6', '34.6', '2020-01-09 23:51:56', '1', 58, 3),
(516, '3', '2020-01-09', '33.6', '34.6', '2020-01-10 23:49:15', '1', 58, 3),
(517, '4', '2020-01-10', '33.6', '34.6', '2020-01-14 23:38:44', '1', 58, 3),
(518, '5', '2020-01-11', '33.6', '34.6', '2020-01-17 22:37:49', '1', 58, 3),
(519, '6', '2020-01-13', '33.6', '34.6', '2020-01-17 22:37:49', '1', 58, 3),
(520, '7', '2020-01-14', '33.6', '34.6', '2020-01-21 05:04:47', '1', 58, 3),
(521, '8', '2020-01-15', '33.6', '34.6', '2020-01-21 23:29:21', '1', 58, 3),
(522, '9', '2020-01-16', '33.6', '34.6', '2020-01-21 23:29:21', '1', 58, 3),
(523, '10', '2020-01-17', '33.6', '34.6', '2020-01-22 19:46:16', '1', 58, 3),
(524, '11', '2020-01-18', '33.6', '34.6', '2020-01-22 19:46:16', '1', 58, 3),
(525, '12', '2020-01-20', '33.6', '34.6', '2020-01-23 23:26:51', '1', 58, 3),
(526, '13', '2020-01-21', '33.6', '34.6', '2020-01-25 10:43:32', '1', 58, 3),
(527, '14', '2020-01-22', '33.6', '34.6', '2020-01-25 20:08:40', '1', 58, 3),
(528, '15', '2020-01-23', '33.6', '34.6', '2020-01-27 23:20:05', '1', 58, 3),
(529, '16', '2020-01-24', '33.6', '34.6', '2020-01-29 23:47:28', '1', 58, 3),
(530, '17', '2020-01-25', '33.6', '34.6', '2020-01-31 23:39:39', '1', 58, 3),
(531, '18', '2020-01-27', '33.6', '34.6', '2020-02-01 22:58:05', '1', 58, 3),
(532, '19', '2020-01-28', '33.6', '34.6', '2020-02-01 22:58:05', '1', 58, 3),
(533, '20', '2020-01-29', '33.6', '20.6', '2020-02-01 22:58:05', '1', 58, 3),
(534, '21', '2020-01-30', '33.6', '0', NULL, '1', 58, 3),
(535, '22', '2020-01-31', '33.6', '0', NULL, '1', 58, 3),
(536, '23', '2020-02-01', '33.6', '0', NULL, '1', 58, 3),
(537, '24', '2020-02-03', '33.6', '0', NULL, '', 58, 3),
(538, '25', '2020-02-04', '33.6', '0', NULL, '', 58, 3),
(539, '1', '2020-01-08', '13.2', '14.2', '2020-01-09 00:10:58', '1', 59, 3),
(540, '2', '2020-01-09', '13.2', '14.2', '2020-01-09 23:55:11', '1', 59, 3),
(541, '3', '2020-01-10', '13.2', '14.2', '2020-01-10 23:51:20', '1', 59, 3),
(542, '4', '2020-01-11', '13.2', '14.2', '2020-01-12 00:01:15', '1', 59, 3),
(543, '5', '2020-01-13', '13.2', '14.2', '2020-01-13 22:09:24', '1', 59, 3),
(544, '6', '2020-01-14', '13.2', '14.2', '2020-01-14 23:49:24', '1', 59, 3),
(545, '7', '2020-01-15', '13.2', '14.2', '2020-01-15 23:26:27', '1', 59, 3),
(546, '8', '2020-01-16', '13.2', '14.2', '2020-01-16 23:15:47', '1', 59, 3),
(547, '9', '2020-01-17', '13.2', '14.2', '2020-01-17 22:48:12', '1', 59, 3),
(548, '10', '2020-01-18', '13.2', '14.2', '2020-01-18 22:13:07', '1', 59, 3),
(549, '11', '2020-01-20', '13.2', '14.2', '2020-01-21 05:11:46', '1', 59, 3),
(550, '12', '2020-01-21', '13.2', '14.2', '2020-01-21 23:36:24', '1', 59, 3),
(551, '13', '2020-01-22', '13.2', '14.2', '2020-01-22 22:27:23', '1', 59, 3),
(552, '14', '2020-01-23', '13.2', '14.2', '2020-01-23 23:35:32', '1', 59, 3),
(553, '15', '2020-01-24', '13.2', '14.2', '2020-01-25 10:46:42', '1', 59, 3),
(554, '16', '2020-01-25', '13.2', '14.2', '2020-01-25 20:53:38', '1', 59, 3),
(555, '17', '2020-01-27', '13.2', '14.2', '2020-01-27 23:29:50', '1', 59, 3),
(556, '18', '2020-01-28', '13.2', '13.2', '2020-01-27 23:29:50', '', 59, 3),
(557, '19', '2020-01-29', '13.2', '13.2', '2020-01-28 23:13:11', '', 59, 3),
(558, '20', '2020-01-30', '13.2', '13.2', '2020-01-29 23:56:01', '', 59, 3),
(559, '21', '2020-01-31', '13.2', '13.2', '2020-01-30 23:30:01', '', 59, 3),
(560, '22', '2020-02-01', '13.2', '13.2', '2020-01-31 23:51:15', '', 59, 3),
(561, '23', '2020-02-03', '13.2', '13.2', '2020-02-01 23:10:16', '', 59, 3),
(562, '24', '2020-02-04', '13.2', '9.4', '2020-02-01 23:10:16', '', 59, 3),
(563, '25', '2020-02-05', '13.2', '0', NULL, '', 59, 3),
(564, '1', '2020-01-08', '22', '23', '2020-01-09 23:51:21', '1', 60, 3),
(565, '2', '2020-01-09', '22', '23', '2020-01-10 23:48:43', '1', 60, 3),
(566, '3', '2020-01-10', '22', '23', '2020-01-13 22:05:05', '1', 60, 3),
(567, '4', '2020-01-11', '22', '23', '2020-01-14 23:43:26', '1', 60, 3),
(568, '5', '2020-01-13', '22', '23', '2020-01-15 23:20:38', '1', 60, 3),
(569, '6', '2020-01-14', '22', '23', '2020-01-16 23:08:43', '1', 60, 3),
(570, '7', '2020-01-15', '22', '23', '2020-01-17 22:40:03', '1', 60, 3),
(571, '8', '2020-01-16', '22', '23', '2020-01-21 05:03:55', '1', 60, 3),
(572, '9', '2020-01-17', '22', '23', '2020-01-21 23:27:34', '1', 60, 3),
(573, '10', '2020-01-18', '22', '23', '2020-01-22 19:41:25', '1', 60, 3),
(574, '11', '2020-01-20', '22', '23', '2020-01-23 23:27:37', '1', 60, 3),
(575, '12', '2020-01-21', '22', '23', '2020-01-25 10:42:26', '1', 60, 3),
(576, '13', '2020-01-22', '22', '23', '2020-01-27 23:16:06', '1', 60, 3),
(577, '14', '2020-01-23', '22', '23', '2020-01-28 19:27:53', '1', 60, 3),
(578, '15', '2020-01-24', '22', '23', '2020-01-29 23:48:36', '1', 60, 3),
(579, '16', '2020-01-25', '22', '23', '2020-01-30 23:19:51', '1', 60, 3),
(580, '17', '2020-01-27', '22', '23', '2020-01-31 23:39:14', '1', 60, 3),
(581, '18', '2020-01-28', '22', '5', '2020-01-31 23:39:14', '1', 60, 3),
(582, '19', '2020-01-29', '22', '0', NULL, '1', 60, 3),
(583, '20', '2020-01-30', '22', '0', NULL, '1', 60, 3),
(584, '21', '2020-01-31', '22', '0', NULL, '1', 60, 3),
(585, '22', '2020-02-01', '22', '0', NULL, '1', 60, 3),
(586, '23', '2020-02-03', '22', '0', NULL, '', 60, 3),
(587, '24', '2020-02-04', '22', '0', NULL, '', 60, 3),
(588, '25', '2020-02-05', '22', '0', NULL, '', 60, 3),
(589, '1', '2020-01-09', '13.2', '14.2', '2020-01-10 23:45:41', '1', 62, 3),
(590, '2', '2020-01-10', '13.2', '14.2', '2020-01-12 00:00:45', '1', 62, 3),
(591, '3', '2020-01-11', '13.2', '14.2', '2020-01-12 00:00:45', '1', 62, 3),
(592, '4', '2020-01-13', '13.2', '14.2', '2020-01-13 22:08:14', '1', 62, 3),
(593, '5', '2020-01-14', '13.2', '14.2', '2020-01-14 23:48:48', '1', 62, 3),
(594, '6', '2020-01-15', '13.2', '14.2', '2020-01-15 23:27:14', '1', 62, 3),
(595, '7', '2020-01-16', '13.2', '14.2', '2020-01-16 23:16:11', '1', 62, 3),
(596, '8', '2020-01-17', '13.2', '14.2', '2020-01-17 22:45:39', '1', 62, 3),
(597, '9', '2020-01-18', '13.2', '14.2', '2020-01-18 22:16:57', '1', 62, 3),
(598, '10', '2020-01-20', '13.2', '14.2', '2020-01-21 05:13:28', '1', 62, 3),
(599, '11', '2020-01-21', '13.2', '14.2', '2020-01-21 23:32:52', '1', 62, 3),
(600, '12', '2020-01-22', '13.2', '14.2', '2020-01-22 22:24:26', '1', 62, 3),
(601, '13', '2020-01-23', '13.2', '14.2', '2020-01-23 23:33:06', '1', 62, 3),
(602, '14', '2020-01-24', '13.2', '14.2', '2020-01-25 10:45:35', '1', 62, 3),
(603, '15', '2020-01-25', '13.2', '14.2', '2020-01-25 20:54:53', '1', 62, 3),
(604, '16', '2020-01-27', '13.2', '14.2', '2020-01-27 23:25:30', '1', 62, 3),
(605, '17', '2020-01-28', '13.2', '14.2', '2020-01-28 23:11:47', '1', 62, 3),
(606, '18', '2020-01-29', '13.2', '14.2', '2020-01-29 23:54:49', '1', 62, 3),
(607, '19', '2020-01-30', '13.2', '14.2', '2020-01-30 23:29:35', '1', 62, 3),
(608, '20', '2020-01-31', '13.2', '13.2', '2020-01-30 23:29:35', '', 62, 3),
(609, '21', '2020-02-01', '13.2', '13.2', '2020-01-31 23:54:48', '', 62, 3),
(610, '22', '2020-02-03', '13.2', '13.2', '2020-02-01 23:09:52', '', 62, 3),
(611, '23', '2020-02-04', '13.2', '3.8', '2020-02-01 23:09:52', '', 62, 3),
(612, '24', '2020-02-05', '13.2', '0', NULL, '', 62, 3),
(613, '25', '2020-02-06', '13.2', '0', NULL, '', 62, 3),
(614, '1', '2020-01-15', '192.5', '199.5', '2020-01-27 23:26:27', '7', 61, 3),
(615, '2', '2020-01-22', '192.5', '199.5', '2020-01-29 23:55:20', '7', 61, 3),
(616, '3', '2020-01-29', '192.5', '180.5', '2020-01-29 23:55:20', '5', 61, 3),
(617, '4', '2020-02-05', '192.5', '0', NULL, '', 61, 3),
(618, '1', '2020-01-09', '13.2', '14.2', '2020-01-10 23:48:05', '1', 65, 3),
(619, '2', '2020-01-10', '13.2', '14.2', '2020-01-11 23:55:45', '1', 65, 3),
(620, '3', '2020-01-11', '13.2', '14.2', '2020-01-14 23:40:27', '1', 65, 3),
(621, '4', '2020-01-13', '13.2', '14.2', '2020-01-21 23:27:05', '1', 65, 3),
(622, '5', '2020-01-14', '13.2', '14.2', '2020-01-21 23:27:05', '1', 65, 3),
(623, '6', '2020-01-15', '13.2', '14.2', '2020-01-21 23:27:05', '1', 65, 3),
(624, '7', '2020-01-16', '13.2', '14.2', '2020-01-21 23:27:05', '1', 65, 3),
(625, '8', '2020-01-17', '13.2', '14.2', '2020-01-21 23:27:05', '1', 65, 3),
(626, '9', '2020-01-18', '13.2', '14.2', '2020-01-22 22:17:38', '1', 65, 3),
(627, '10', '2020-01-20', '13.2', '14.2', '2020-01-22 22:17:38', '1', 65, 3),
(628, '11', '2020-01-21', '13.2', '14.2', '2020-01-22 22:17:38', '1', 65, 3),
(629, '12', '2020-01-22', '13.2', '14.2', '2020-01-22 22:17:38', '1', 65, 3),
(630, '13', '2020-01-23', '13.2', '13.2', '2020-01-22 22:17:38', '', 65, 3),
(631, '14', '2020-01-24', '13.2', '13.2', '2020-01-22 22:17:38', '', 65, 3),
(632, '15', '2020-01-25', '13.2', '13.2', '2020-01-22 22:17:38', '', 65, 3),
(633, '16', '2020-01-27', '13.2', '13.2', '2020-01-22 22:17:38', '', 65, 3),
(634, '17', '2020-01-28', '13.2', '13.2', '2020-01-22 22:17:38', '', 65, 3),
(635, '18', '2020-01-29', '13.2', '13.2', '2020-01-22 22:17:38', '', 65, 3),
(636, '19', '2020-01-30', '13.2', '13.2', '2020-01-22 22:17:38', '', 65, 3),
(637, '20', '2020-01-31', '13.2', '13.2', '2020-01-22 22:17:38', '', 65, 3),
(638, '21', '2020-02-01', '13.2', '13.2', '2020-01-22 22:17:38', '', 65, 3),
(639, '22', '2020-02-03', '13.2', '13.2', '2020-01-22 22:17:38', '', 65, 3),
(640, '23', '2020-02-04', '13.2', '13.2', '2020-01-27 23:04:40', '', 65, 3),
(641, '24', '2020-02-05', '13.2', '13.2', '2020-01-27 23:04:40', '', 65, 3),
(642, '25', '2020-02-06', '13.2', '4.2', '2020-01-27 23:04:40', '', 65, 3),
(643, '1', '2020-01-10', '13.2', '14.2', '2020-01-14 23:51:53', '1', 68, 3),
(644, '2', '2020-01-11', '13.2', '14.2', '2020-01-14 23:51:53', '1', 68, 3),
(645, '3', '2020-01-13', '13.2', '14.2', '2020-01-14 23:51:53', '1', 68, 3),
(646, '4', '2020-01-14', '13.2', '14.2', '2020-01-14 23:51:53', '1', 68, 3),
(647, '5', '2020-01-15', '13.2', '14.2', '2020-01-18 22:12:00', '1', 68, 3),
(648, '6', '2020-01-16', '13.2', '14.2', '2020-01-18 22:12:00', '1', 68, 3),
(649, '7', '2020-01-17', '13.2', '14.2', '2020-01-21 23:30:30', '1', 68, 3),
(650, '8', '2020-01-18', '13.2', '14.2', '2020-01-21 23:30:30', '1', 68, 3),
(651, '9', '2020-01-20', '13.2', '14.2', '2020-01-21 23:30:30', '1', 68, 3),
(652, '10', '2020-01-21', '13.2', '14.2', '2020-01-21 23:30:30', '1', 68, 3),
(653, '11', '2020-01-22', '13.2', '13.2', '2020-01-21 23:30:30', '', 68, 3),
(654, '12', '2020-01-23', '13.2', '13.2', '2020-01-22 22:20:57', '', 68, 3),
(655, '13', '2020-01-24', '13.2', '13.2', '2020-01-22 22:20:57', '', 68, 3),
(656, '14', '2020-01-25', '13.2', '13.2', '2020-01-22 22:20:57', '', 68, 3),
(657, '15', '2020-01-27', '13.2', '13.2', '2020-01-22 22:20:57', '', 68, 3),
(658, '16', '2020-01-28', '13.2', '13.2', '2020-01-22 22:20:57', '', 68, 3),
(659, '17', '2020-01-29', '13.2', '13.2', '2020-01-22 22:20:57', '', 68, 3),
(660, '18', '2020-01-30', '13.2', '13.2', '2020-01-22 22:20:57', '', 68, 3),
(661, '19', '2020-01-31', '13.2', '13.2', '2020-01-22 22:20:57', '', 68, 3),
(662, '20', '2020-02-01', '13.2', '13.2', '2020-01-22 22:20:57', '', 68, 3),
(663, '21', '2020-02-03', '13.2', '13.2', '2020-01-22 22:20:57', '', 68, 3),
(664, '22', '2020-02-04', '13.2', '13.2', '2020-01-22 22:20:57', '', 68, 3),
(665, '23', '2020-02-05', '13.2', '13.2', '2020-01-22 22:20:57', '', 68, 3),
(666, '24', '2020-02-06', '13.2', '13.2', '2020-01-22 22:20:57', '', 68, 3),
(667, '25', '2020-02-07', '13.2', '3.2', '2020-01-22 22:20:57', '', 68, 3),
(668, '1', '2020-01-11', '26.4', '27.4', '2020-01-14 23:39:56', '1', 67, 3),
(669, '2', '2020-01-13', '26.4', '27.4', '2020-01-15 23:20:05', '1', 67, 3),
(670, '3', '2020-01-14', '26.4', '27.4', '2020-01-16 23:10:50', '1', 67, 3),
(671, '4', '2020-01-15', '26.4', '27.4', '2020-01-17 22:38:45', '1', 67, 3),
(672, '5', '2020-01-16', '26.4', '27.4', '2020-01-18 22:10:03', '1', 67, 3),
(673, '6', '2020-01-17', '26.4', '27.4', '2020-01-21 05:03:08', '1', 67, 3),
(674, '7', '2020-01-18', '26.4', '27.4', '2020-01-21 23:26:32', '1', 67, 3),
(675, '8', '2020-01-20', '26.4', '27.4', '2020-01-22 22:16:25', '1', 67, 3),
(676, '9', '2020-01-21', '26.4', '27.4', '2020-01-23 23:26:02', '1', 67, 3),
(677, '10', '2020-01-22', '26.4', '27.4', '2020-01-25 10:42:05', '1', 67, 3),
(678, '11', '2020-01-23', '26.4', '27.4', '2020-01-25 20:09:24', '1', 67, 3),
(679, '12', '2020-01-24', '26.4', '27.4', '2020-01-27 23:17:42', '1', 67, 3),
(680, '13', '2020-01-25', '26.4', '27.4', '2020-01-28 18:43:40', '1', 67, 3),
(681, '14', '2020-01-27', '26.4', '27.4', '2020-01-30 23:17:32', '1', 67, 3),
(682, '15', '2020-01-28', '26.4', '27.4', '2020-01-31 23:40:37', '1', 67, 3),
(683, '16', '2020-01-29', '26.4', '11.4', '2020-01-31 23:40:37', '1', 67, 3),
(684, '17', '2020-01-30', '26.4', '0', NULL, '1', 67, 3),
(685, '18', '2020-01-31', '26.4', '0', NULL, '1', 67, 3),
(686, '19', '2020-02-01', '26.4', '0', NULL, '1', 67, 3),
(687, '20', '2020-02-03', '26.4', '0', NULL, '', 67, 3),
(688, '21', '2020-02-04', '26.4', '0', NULL, '', 67, 3),
(689, '22', '2020-02-05', '26.4', '0', NULL, '', 67, 3),
(690, '23', '2020-02-06', '26.4', '0', NULL, '', 67, 3),
(691, '24', '2020-02-07', '26.4', '0', NULL, '', 67, 3),
(692, '25', '2020-02-08', '26.4', '0', NULL, '', 67, 3),
(693, '1', '2020-01-10', '22', '23', '2020-01-12 00:01:43', '1', 66, 3),
(694, '2', '2020-01-11', '22', '23', '2020-01-13 22:10:44', '1', 66, 3),
(695, '3', '2020-01-13', '22', '23', '2020-01-14 23:44:58', '1', 66, 3),
(696, '4', '2020-01-14', '22', '23', '2020-01-15 23:27:40', '1', 66, 3),
(697, '5', '2020-01-15', '22', '23', '2020-01-16 23:16:35', '1', 66, 3),
(698, '6', '2020-01-16', '22', '23', '2020-01-17 22:47:00', '1', 66, 3),
(699, '7', '2020-01-17', '22', '23', '2020-01-18 22:14:18', '1', 66, 3),
(700, '8', '2020-01-18', '22', '23', '2020-01-21 05:09:38', '1', 66, 3),
(701, '9', '2020-01-20', '22', '23', '2020-01-21 23:38:52', '1', 66, 3),
(702, '10', '2020-01-21', '22', '23', '2020-01-22 22:21:59', '1', 66, 3),
(703, '11', '2020-01-22', '22', '23', '2020-01-23 23:31:50', '1', 66, 3),
(704, '12', '2020-01-23', '22', '23', '2020-01-25 20:45:23', '1', 66, 3),
(705, '13', '2020-01-24', '22', '23', '2020-01-25 20:45:23', '1', 66, 3),
(706, '14', '2020-01-25', '22', '23', '2020-01-27 23:24:42', '1', 66, 3),
(707, '15', '2020-01-27', '22', '23', '2020-01-28 23:13:48', '1', 66, 3),
(708, '16', '2020-01-28', '22', '23', '2020-01-29 23:58:42', '1', 66, 3),
(709, '17', '2020-01-29', '22', '23', '2020-01-30 23:28:04', '1', 66, 3),
(710, '18', '2020-01-30', '22', '23', '2020-01-31 23:53:40', '1', 66, 3),
(711, '19', '2020-01-31', '22', '23', '2020-02-01 23:10:35', '1', 66, 3),
(712, '20', '2020-02-01', '22', '4', '2020-02-01 23:10:35', '1', 66, 3),
(713, '21', '2020-02-03', '22', '0', NULL, '', 66, 3),
(714, '22', '2020-02-04', '22', '0', NULL, '', 66, 3),
(715, '23', '2020-02-05', '22', '0', NULL, '', 66, 3),
(716, '24', '2020-02-06', '22', '0', NULL, '', 66, 3),
(717, '25', '2020-02-07', '22', '0', NULL, '', 66, 3),
(718, '1', '2020-01-11', '22', '23', '2020-01-13 22:08:45', '1', 70, 3),
(719, '2', '2020-01-13', '22', '23', '2020-01-13 22:08:45', '1', 70, 3),
(720, '3', '2020-01-14', '22', '23', '2020-01-14 23:47:05', '1', 70, 3),
(721, '4', '2020-01-15', '22', '23', '2020-01-16 23:15:20', '1', 70, 3),
(722, '5', '2020-01-16', '22', '23', '2020-01-16 23:15:20', '1', 70, 3),
(723, '6', '2020-01-17', '22', '23', '2020-01-17 22:45:07', '1', 70, 3),
(724, '7', '2020-01-18', '22', '23', '2020-01-21 05:10:12', '1', 70, 3),
(725, '8', '2020-01-20', '22', '23', '2020-01-21 05:10:12', '1', 70, 3),
(726, '9', '2020-01-21', '22', '23', '2020-01-21 23:31:59', '1', 70, 3),
(727, '10', '2020-01-22', '22', '23', '2020-01-23 23:32:19', '1', 70, 3),
(728, '11', '2020-01-23', '22', '23', '2020-01-23 23:32:19', '1', 70, 3),
(729, '12', '2020-01-24', '22', '23', '2020-01-25 10:45:51', '1', 70, 3),
(730, '13', '2020-01-25', '22', '23', '2020-01-27 23:28:52', '1', 70, 3),
(731, '14', '2020-01-27', '22', '23', '2020-01-27 23:28:52', '1', 70, 3),
(732, '15', '2020-01-28', '22', '23', '2020-01-28 23:15:42', '1', 70, 3),
(733, '16', '2020-01-29', '22', '23', '2020-01-29 23:55:42', '1', 70, 3),
(734, '17', '2020-01-30', '22', '23', '2020-01-30 23:26:01', '1', 70, 3),
(735, '18', '2020-01-31', '22', '23', '2020-01-31 23:49:21', '1', 70, 3),
(736, '19', '2020-02-01', '22', '6', '2020-01-31 23:49:21', '1', 70, 3),
(737, '20', '2020-02-03', '22', '0', NULL, '', 70, 3),
(738, '21', '2020-02-04', '22', '0', NULL, '', 70, 3),
(739, '22', '2020-02-05', '22', '0', NULL, '', 70, 3),
(740, '23', '2020-02-06', '22', '0', NULL, '', 70, 3),
(741, '24', '2020-02-07', '22', '0', NULL, '', 70, 3),
(742, '25', '2020-02-08', '22', '0', NULL, '', 70, 3),
(743, '1', '2020-01-17', '165', '172', '2020-01-27 22:51:37', '7', 71, 3),
(744, '2', '2020-01-24', '165', '172', '2020-01-31 23:20:55', '7', 71, 3),
(745, '3', '2020-01-31', '165', '86', '2020-01-31 23:20:55', '3', 71, 3),
(746, '4', '2020-02-07', '165', '0', NULL, '', 71, 3),
(747, '1', '2020-01-10', '17.6', '18.6', '2020-01-13 17:16:58', '1', 69, 3),
(748, '2', '2020-01-11', '17.6', '18.6', '2020-01-13 22:04:02', '1', 69, 3),
(749, '3', '2020-01-13', '17.6', '18.6', '2020-01-14 23:42:08', '1', 69, 3),
(750, '4', '2020-01-14', '17.6', '18.6', '2020-01-14 23:42:08', '1', 69, 3),
(751, '5', '2020-01-15', '17.6', '18.6', '2020-01-16 23:10:04', '1', 69, 3),
(752, '6', '2020-01-16', '17.6', '18.6', '2020-01-18 22:11:00', '1', 69, 3),
(753, '7', '2020-01-17', '17.6', '18.6', '2020-01-18 22:11:00', '1', 69, 3),
(754, '8', '2020-01-18', '17.6', '18.6', '2020-01-21 23:28:46', '1', 69, 3),
(755, '9', '2020-01-20', '17.6', '18.6', '2020-01-25 10:42:51', '1', 69, 3),
(756, '10', '2020-01-21', '17.6', '18.6', '2020-01-27 23:11:08', '1', 69, 3),
(757, '11', '2020-01-22', '17.6', '18.6', '2020-01-27 23:11:08', '1', 69, 3),
(758, '12', '2020-01-23', '17.6', '18.6', '2020-01-29 23:51:37', '1', 69, 3),
(759, '13', '2020-01-24', '17.6', '18.6', '2020-01-29 23:51:37', '1', 69, 3),
(760, '14', '2020-01-25', '17.6', '9.8', '2020-01-29 23:51:37', '1', 69, 3),
(761, '15', '2020-01-27', '17.6', '0', NULL, '1', 69, 3),
(762, '16', '2020-01-28', '17.6', '0', NULL, '1', 69, 3),
(763, '17', '2020-01-29', '17.6', '0', NULL, '1', 69, 3),
(764, '18', '2020-01-30', '17.6', '0', NULL, '1', 69, 3),
(765, '19', '2020-01-31', '17.6', '0', NULL, '1', 69, 3),
(766, '20', '2020-02-01', '17.6', '0', NULL, '1', 69, 3),
(767, '21', '2020-02-03', '17.6', '0', NULL, '', 69, 3),
(768, '22', '2020-02-04', '17.6', '0', NULL, '', 69, 3),
(769, '23', '2020-02-05', '17.6', '0', NULL, '', 69, 3),
(770, '24', '2020-02-06', '17.6', '0', NULL, '', 69, 3),
(771, '25', '2020-02-07', '17.6', '0', NULL, '', 69, 3),
(772, '1', '2020-01-11', '13.2', '14.2', '2020-01-13 22:04:36', '1', 72, 3),
(773, '2', '2020-01-13', '13.2', '14.2', '2020-01-14 23:41:01', '1', 72, 3),
(774, '3', '2020-01-14', '13.2', '14.2', '2020-01-15 23:22:00', '1', 72, 3),
(775, '4', '2020-01-15', '13.2', '14.2', '2020-01-17 22:38:17', '1', 72, 3),
(776, '5', '2020-01-16', '13.2', '14.2', '2020-01-17 22:38:17', '1', 72, 3),
(777, '6', '2020-01-17', '13.2', '14.2', '2020-01-21 05:06:09', '1', 72, 3),
(778, '7', '2020-01-18', '13.2', '14.2', '2020-01-21 05:06:09', '1', 72, 3),
(779, '8', '2020-01-20', '13.2', '14.2', '2020-01-22 19:39:08', '1', 72, 3),
(780, '9', '2020-01-21', '13.2', '14.2', '2020-01-23 23:24:31', '1', 72, 3),
(781, '10', '2020-01-22', '13.2', '14.2', '2020-01-25 10:44:05', '1', 72, 3),
(782, '11', '2020-01-23', '13.2', '14.2', '2020-01-27 22:49:28', '1', 72, 3),
(783, '12', '2020-01-24', '13.2', '14.2', '2020-01-27 22:49:28', '1', 72, 3),
(784, '13', '2020-01-25', '13.2', '14.2', '2020-01-29 23:47:53', '1', 72, 3),
(785, '14', '2020-01-27', '13.2', '14.2', '2020-01-31 23:38:47', '1', 72, 3),
(786, '15', '2020-01-28', '13.2', '14.2', '2020-02-01 22:59:41', '1', 72, 3),
(787, '16', '2020-01-29', '13.2', '12', '2020-02-01 22:59:41', '1', 72, 3),
(788, '17', '2020-01-30', '13.2', '0', NULL, '1', 72, 3),
(789, '18', '2020-01-31', '13.2', '0', NULL, '1', 72, 3),
(790, '19', '2020-02-01', '13.2', '0', NULL, '1', 72, 3),
(791, '20', '2020-02-03', '13.2', '0', NULL, '', 72, 3),
(792, '21', '2020-02-04', '13.2', '0', NULL, '', 72, 3),
(793, '22', '2020-02-05', '13.2', '0', NULL, '', 72, 3),
(794, '23', '2020-02-06', '13.2', '0', NULL, '', 72, 3),
(795, '24', '2020-02-07', '13.2', '0', NULL, '', 72, 3),
(796, '25', '2020-02-08', '13.2', '0', NULL, '', 72, 3),
(797, '1', '2020-01-13', '30.8', '31.8', '2020-01-14 23:45:32', '1', 73, 3),
(798, '2', '2020-01-14', '30.8', '31.8', '2020-01-15 23:24:29', '1', 73, 3),
(799, '3', '2020-01-15', '30.8', '31.8', '2020-01-16 23:18:56', '1', 73, 3),
(800, '4', '2020-01-16', '30.8', '31.8', '2020-01-17 22:47:37', '1', 73, 3),
(801, '5', '2020-01-17', '30.8', '31.8', '2020-01-18 22:16:29', '1', 73, 3),
(802, '6', '2020-01-18', '30.8', '31.8', '2020-01-21 23:30:03', '1', 73, 3),
(803, '7', '2020-01-20', '30.8', '31.8', '2020-01-21 23:38:01', '1', 73, 3),
(804, '8', '2020-01-21', '30.8', '31.8', '2020-01-22 22:20:20', '1', 73, 3),
(805, '9', '2020-01-22', '30.8', '31.8', '2020-01-23 23:31:19', '1', 73, 3),
(806, '10', '2020-01-23', '30.8', '31.8', '2020-01-25 10:45:19', '1', 73, 3),
(807, '11', '2020-01-24', '30.8', '31.8', '2020-01-25 16:19:29', '1', 73, 3),
(808, '12', '2020-01-25', '30.8', '31.8', '2020-01-28 19:30:16', '1', 73, 3),
(809, '13', '2020-01-27', '30.8', '31.8', '2020-01-29 19:11:12', '1', 73, 3),
(810, '14', '2020-01-28', '30.8', '31.8', '2020-01-30 23:25:21', '1', 73, 3),
(811, '15', '2020-01-29', '30.8', '31.8', '2020-01-31 23:48:04', '1', 73, 3),
(812, '16', '2020-01-30', '30.8', '31.8', '2020-02-01 23:02:36', '1', 73, 3),
(813, '17', '2020-01-31', '30.8', '15.8', '2020-02-01 23:02:36', '1', 73, 3),
(814, '18', '2020-02-01', '30.8', '0', NULL, '1', 73, 3),
(815, '19', '2020-02-03', '30.8', '0', NULL, '', 73, 3),
(816, '20', '2020-02-04', '30.8', '0', NULL, '', 73, 3),
(817, '21', '2020-02-05', '30.8', '0', NULL, '', 73, 3),
(818, '22', '2020-02-06', '30.8', '0', NULL, '', 73, 3),
(819, '23', '2020-02-07', '30.8', '0', NULL, '', 73, 3),
(820, '24', '2020-02-08', '30.8', '0', NULL, '', 73, 3),
(821, '25', '2020-02-10', '30.8', '0', NULL, '', 73, 3),
(822, '1', '2020-01-14', '13.2', '14.2', '2020-01-14 23:50:23', '1', 75, 3),
(823, '2', '2020-01-15', '13.2', '14.2', '2020-01-16 23:17:05', '1', 75, 3),
(824, '3', '2020-01-16', '13.2', '14.2', '2020-01-17 22:43:41', '1', 75, 3),
(825, '4', '2020-01-17', '13.2', '14.2', '2020-01-17 22:43:41', '1', 75, 3),
(826, '5', '2020-01-18', '13.2', '14.2', '2020-01-18 22:11:29', '1', 75, 3),
(827, '6', '2020-01-20', '13.2', '14.2', '2020-01-21 23:32:23', '1', 75, 3),
(828, '7', '2020-01-21', '13.2', '14.2', '2020-01-21 23:32:23', '1', 75, 3),
(829, '8', '2020-01-22', '13.2', '14.2', '2020-01-22 22:23:54', '1', 75, 3),
(830, '9', '2020-01-23', '13.2', '14.2', '2020-01-23 23:34:00', '1', 75, 3),
(831, '10', '2020-01-24', '13.2', '13.2', '2020-01-23 23:34:00', '', 75, 3),
(832, '11', '2020-01-25', '13.2', '13.2', '2020-01-23 23:34:00', '', 75, 3),
(833, '12', '2020-01-27', '13.2', '13.2', '2020-01-23 23:34:00', '', 75, 3),
(834, '13', '2020-01-28', '13.2', '13.2', '2020-01-25 10:46:16', '', 75, 3),
(835, '14', '2020-01-29', '13.2', '13.2', '2020-01-25 10:46:16', '', 75, 3),
(836, '15', '2020-01-30', '13.2', '13.2', '2020-01-25 10:46:16', '', 75, 3),
(837, '16', '2020-01-31', '13.2', '13.2', '2020-01-25 10:46:16', '', 75, 3),
(838, '17', '2020-02-01', '13.2', '13.2', '2020-01-28 23:17:03', '', 75, 3),
(839, '18', '2020-02-03', '13.2', '13.2', '2020-01-28 23:17:03', '', 75, 3),
(840, '19', '2020-02-04', '13.2', '13.2', '2020-01-28 23:17:03', '', 75, 3),
(841, '20', '2020-02-05', '13.2', '13.2', '2020-01-28 23:17:03', '', 75, 3),
(842, '21', '2020-02-06', '13.2', '13.2', '2020-01-29 17:28:50', '', 75, 3),
(843, '22', '2020-02-07', '13.2', '13.2', '2020-01-29 17:28:50', '', 75, 3),
(844, '23', '2020-02-08', '13.2', '13.2', '2020-01-29 17:28:50', '', 75, 3);
INSERT INTO `pagos` (`idpago`, `n_cuota_programada`, `fecha_programada`, `cuota_programada`, `monto`, `fecha`, `mora`, `creditos_idcredito`, `usuarios_idusuario`) VALUES
(845, '24', '2020-02-10', '13.2', '13.2', '2020-01-29 17:28:50', '', 75, 3),
(846, '25', '2020-02-11', '13.2', '6.2', '2020-01-29 17:28:50', '', 75, 3),
(847, '1', '2020-01-15', '17.6', '18.6', '2020-01-17 22:44:21', '1', 76, 3),
(848, '2', '2020-01-16', '17.6', '18.6', '2020-01-17 22:44:21', '1', 76, 3),
(849, '3', '2020-01-17', '17.6', '18.6', '2020-01-21 05:13:02', '1', 76, 3),
(850, '4', '2020-01-18', '17.6', '18.6', '2020-01-21 05:13:02', '1', 76, 3),
(851, '5', '2020-01-20', '17.6', '18.6', '2020-01-21 23:36:49', '1', 76, 3),
(852, '6', '2020-01-21', '17.6', '18.6', '2020-01-23 23:37:39', '1', 76, 3),
(853, '7', '2020-01-22', '17.6', '18.6', '2020-01-23 23:37:39', '1', 76, 3),
(854, '8', '2020-01-23', '17.6', '18.6', '2020-01-25 10:47:11', '1', 76, 3),
(855, '9', '2020-01-24', '17.6', '18.6', '2020-01-27 23:30:20', '1', 76, 3),
(856, '10', '2020-01-25', '17.6', '18.6', '2020-01-27 23:30:20', '1', 76, 3),
(857, '11', '2020-01-27', '17.6', '18.6', '2020-01-30 23:29:05', '1', 76, 3),
(858, '12', '2020-01-28', '17.6', '18.6', '2020-01-30 23:29:05', '1', 76, 3),
(859, '13', '2020-01-29', '17.6', '18.6', '2020-01-31 23:55:12', '1', 76, 3),
(860, '14', '2020-01-30', '17.6', '4.2', '2020-01-31 23:55:12', '1', 76, 3),
(861, '15', '2020-01-31', '17.6', '0', NULL, '1', 76, 3),
(862, '16', '2020-02-01', '17.6', '0', NULL, '1', 76, 3),
(863, '17', '2020-02-03', '17.6', '0', NULL, '', 76, 3),
(864, '18', '2020-02-04', '17.6', '0', NULL, '', 76, 3),
(865, '19', '2020-02-05', '17.6', '0', NULL, '', 76, 3),
(866, '20', '2020-02-06', '17.6', '0', NULL, '', 76, 3),
(867, '21', '2020-02-07', '17.6', '0', NULL, '', 76, 3),
(868, '22', '2020-02-08', '17.6', '0', NULL, '', 76, 3),
(869, '23', '2020-02-10', '17.6', '0', NULL, '', 76, 3),
(870, '24', '2020-02-11', '17.6', '0', NULL, '', 76, 3),
(871, '25', '2020-02-12', '17.6', '0', NULL, '', 76, 3),
(872, '1', '2020-01-15', '13.2', '14.2', '2020-01-16 23:14:24', '1', 77, 3),
(873, '2', '2020-01-16', '13.2', '14.2', '2020-01-17 22:36:07', '1', 77, 3),
(874, '3', '2020-01-17', '13.2', '14.2', '2020-01-22 19:37:48', '1', 77, 3),
(875, '4', '2020-01-18', '13.2', '14.2', '2020-01-25 10:51:00', '1', 77, 3),
(876, '5', '2020-01-20', '13.2', '14.2', '2020-01-29 23:56:57', '1', 77, 3),
(877, '6', '2020-01-21', '13.2', '14.2', '2020-01-29 23:56:57', '1', 77, 3),
(878, '7', '2020-01-22', '13.2', '14.2', '2020-01-29 23:56:57', '1', 77, 3),
(879, '8', '2020-01-23', '13.2', '14.2', '2020-01-29 23:56:57', '1', 77, 3),
(880, '9', '2020-01-24', '13.2', '5.2', '2020-01-29 23:56:57', '1', 77, 3),
(881, '10', '2020-01-25', '13.2', '0', NULL, '1', 77, 3),
(882, '11', '2020-01-27', '13.2', '0', NULL, '1', 77, 3),
(883, '12', '2020-01-28', '13.2', '0', NULL, '1', 77, 3),
(884, '13', '2020-01-29', '13.2', '0', NULL, '1', 77, 3),
(885, '14', '2020-01-30', '13.2', '0', NULL, '1', 77, 3),
(886, '15', '2020-01-31', '13.2', '0', NULL, '1', 77, 3),
(887, '16', '2020-02-01', '13.2', '0', NULL, '1', 77, 3),
(888, '17', '2020-02-03', '13.2', '0', NULL, '', 77, 3),
(889, '18', '2020-02-04', '13.2', '0', NULL, '', 77, 3),
(890, '19', '2020-02-05', '13.2', '0', NULL, '', 77, 3),
(891, '20', '2020-02-06', '13.2', '0', NULL, '', 77, 3),
(892, '21', '2020-02-07', '13.2', '0', NULL, '', 77, 3),
(893, '22', '2020-02-08', '13.2', '0', NULL, '', 77, 3),
(894, '23', '2020-02-10', '13.2', '0', NULL, '', 77, 3),
(895, '24', '2020-02-11', '13.2', '0', NULL, '', 77, 3),
(896, '25', '2020-02-12', '13.2', '0', NULL, '', 77, 3),
(897, '1', '1969-12-31', '13.2', '14.2', '2020-01-15 23:21:31', '1', 80, 3),
(898, '2', '1969-12-31', '13.2', '14.2', '2020-01-16 23:09:09', '1', 80, 3),
(899, '3', '1969-12-31', '13.2', '14.2', '2020-01-17 22:39:15', '1', 80, 3),
(900, '4', '1969-12-31', '13.2', '14.2', '2020-01-21 05:07:42', '1', 80, 3),
(901, '5', '1969-12-31', '13.2', '14.2', '2020-01-21 05:07:42', '1', 80, 3),
(902, '6', '1969-12-31', '13.2', '14.2', '2020-01-21 23:28:08', '1', 80, 3),
(903, '7', '1969-12-31', '13.2', '14.2', '2020-01-22 19:38:23', '1', 80, 3),
(904, '8', '1969-12-31', '13.2', '14.2', '2020-01-23 23:28:03', '1', 80, 3),
(905, '9', '1969-12-31', '13.2', '14.2', '2020-01-25 10:43:49', '1', 80, 3),
(906, '10', '1969-12-31', '13.2', '14.2', '2020-01-25 20:12:07', '1', 80, 3),
(907, '11', '1969-12-31', '13.2', '14.2', '2020-01-27 23:16:52', '1', 80, 3),
(908, '12', '1969-12-31', '13.2', '14.2', '2020-01-29 23:52:20', '1', 80, 3),
(909, '13', '1969-12-31', '13.2', '14.2', '2020-01-30 23:23:54', '1', 80, 3),
(910, '14', '1969-12-31', '13.2', '14.2', '2020-02-01 23:00:05', '1', 80, 3),
(911, '15', '1969-12-31', '13.2', '14.2', '2020-02-01 23:00:05', '1', 80, 3),
(912, '16', '1969-12-31', '13.2', '11.4', '2020-02-01 23:00:05', '1', 80, 3),
(913, '17', '1969-12-31', '13.2', '0', NULL, '1', 80, 3),
(914, '18', '1969-12-31', '13.2', '0', NULL, '1', 80, 3),
(915, '19', '1969-12-31', '13.2', '0', NULL, '1', 80, 3),
(916, '20', '1969-12-31', '13.2', '0', NULL, '1', 80, 3),
(917, '21', '1969-12-31', '13.2', '0', NULL, '1', 80, 3),
(918, '22', '1969-12-31', '13.2', '0', NULL, '1', 80, 3),
(919, '23', '1969-12-31', '13.2', '0', NULL, '1', 80, 3),
(920, '24', '1969-12-31', '13.2', '0', NULL, '1', 80, 3),
(921, '25', '1969-12-31', '13.2', '0', NULL, '18296', 80, 3),
(922, '1', '2020-01-16', '19.2', '19.2', '2020-01-15 23:16:34', '', 82, 3),
(923, '2', '2020-01-17', '19.2', '19.2', '2020-01-15 23:16:34', '', 82, 3),
(924, '3', '2020-01-18', '19.2', '20.2', '2020-01-21 23:24:40', '1', 82, 3),
(925, '4', '2020-01-20', '19.2', '20.2', '2020-01-21 23:24:40', '1', 82, 3),
(926, '5', '2020-01-21', '19.2', '20.2', '2020-01-21 23:24:40', '1', 82, 3),
(927, '6', '2020-01-22', '19.2', '20.2', '2020-01-23 23:21:13', '1', 82, 3),
(928, '7', '2020-01-23', '19.2', '20.2', '2020-01-23 23:21:13', '1', 82, 3),
(929, '8', '2020-01-24', '19.2', '20.2', '2020-01-28 18:39:11', '1', 82, 3),
(930, '9', '2020-01-25', '19.2', '20.2', '2020-01-30 23:12:14', '1', 82, 3),
(931, '10', '2020-01-27', '19.2', '20.2', '2020-01-30 23:12:14', '1', 82, 3),
(932, '11', '2020-01-28', '19.2', '20.2', '2020-01-30 23:12:14', '1', 82, 3),
(933, '12', '2020-01-29', '19.2', '20.2', '2020-01-30 23:12:14', '1', 82, 3),
(934, '13', '2020-01-30', '19.2', '20.2', '2020-01-30 23:12:14', '1', 82, 3),
(935, '14', '2020-01-31', '19.2', '20.2', '2020-02-01 22:56:39', '1', 82, 3),
(936, '15', '2020-02-01', '19.2', '7.2', '2020-02-01 22:56:39', '1', 82, 3),
(937, '16', '2020-02-03', '19.2', '0', NULL, '', 82, 3),
(938, '17', '2020-02-04', '19.2', '0', NULL, '', 82, 3),
(939, '18', '2020-02-05', '19.2', '0', NULL, '', 82, 3),
(940, '19', '2020-02-06', '19.2', '0', NULL, '', 82, 3),
(941, '20', '2020-02-07', '19.2', '0', NULL, '', 82, 3),
(942, '21', '2020-02-08', '19.2', '0', NULL, '', 82, 3),
(943, '22', '2020-02-10', '19.2', '0', NULL, '', 82, 3),
(944, '23', '2020-02-11', '19.2', '0', NULL, '', 82, 3),
(945, '24', '2020-02-12', '19.2', '0', NULL, '', 82, 3),
(946, '25', '2020-02-13', '19.2', '0', NULL, '', 82, 3),
(947, '26', '2020-02-14', '19.2', '0', NULL, '', 82, 3),
(948, '27', '2020-02-15', '19.2', '0', NULL, '', 82, 3),
(949, '28', '2020-02-17', '19.2', '0', NULL, '', 82, 3),
(950, '29', '2020-02-18', '19.2', '0', NULL, '', 82, 3),
(951, '30', '2020-02-19', '19.2', '0', NULL, '', 82, 3),
(952, '31', '2020-02-20', '19.2', '0', NULL, '', 82, 3),
(953, '32', '2020-02-21', '19.2', '0', NULL, '', 82, 3),
(954, '33', '2020-02-22', '19.2', '0', NULL, '', 82, 3),
(955, '34', '2020-02-24', '19.2', '0', NULL, '', 82, 3),
(956, '35', '2020-02-25', '19.2', '0', NULL, '', 82, 3),
(957, '36', '2020-02-26', '19.2', '0', NULL, '', 82, 3),
(958, '37', '2020-02-27', '19.2', '0', NULL, '', 82, 3),
(959, '38', '2020-02-28', '19.2', '0', NULL, '', 82, 3),
(960, '39', '2020-02-29', '19.2', '0', NULL, '', 82, 3),
(961, '40', '2020-03-02', '19.2', '0', NULL, '', 82, 3),
(962, '41', '2020-03-03', '19.2', '0', NULL, '', 82, 3),
(963, '42', '2020-03-04', '19.2', '0', NULL, '', 82, 3),
(964, '43', '2020-03-05', '19.2', '0', NULL, '', 82, 3),
(965, '44', '2020-03-06', '19.2', '0', NULL, '', 82, 3),
(966, '45', '2020-03-07', '19.2', '0', NULL, '', 82, 3),
(967, '46', '2020-03-09', '19.2', '0', NULL, '', 82, 3),
(968, '47', '2020-03-10', '19.2', '0', NULL, '', 82, 3),
(969, '48', '2020-03-11', '19.2', '0', NULL, '', 82, 3),
(970, '49', '2020-03-12', '19.2', '0', NULL, '', 82, 3),
(971, '50', '2020-03-13', '19.2', '0', NULL, '', 82, 3),
(972, '1', '2020-01-29', '192.5', '192.5', '2020-01-23 23:25:05', '', 81, 3),
(973, '2', '2020-02-05', '192.5', '100', '2020-01-29 23:50:55', '', 81, 3),
(974, '3', '2020-02-12', '192.5', '0', NULL, '', 81, 3),
(975, '4', '2020-02-19', '192.5', '0', NULL, '', 81, 3),
(976, '1', '2020-01-17', '13.2', '14.2', '2020-01-18 22:08:23', '1', 85, 3),
(977, '2', '2020-01-18', '13.2', '14.2', '2020-01-21 04:53:27', '1', 85, 3),
(978, '3', '2020-01-20', '13.2', '14.2', '2020-01-21 23:20:46', '1', 85, 3),
(979, '4', '2020-01-21', '13.2', '14.2', '2020-01-22 19:36:17', '1', 85, 3),
(980, '5', '2020-01-22', '13.2', '14.2', '2020-01-22 19:36:17', '1', 85, 3),
(981, '6', '2020-01-23', '13.2', '14.2', '2020-01-25 10:40:04', '1', 85, 3),
(982, '7', '2020-01-24', '13.2', '14.2', '2020-01-25 10:40:04', '1', 85, 3),
(983, '8', '2020-01-25', '13.2', '14.2', '2020-01-27 22:55:32', '1', 85, 3),
(984, '9', '2020-01-27', '13.2', '14.2', '2020-01-27 22:55:32', '1', 85, 3),
(985, '10', '2020-01-28', '13.2', '13.2', '2020-01-27 22:55:32', '', 85, 3),
(986, '11', '2020-01-29', '13.2', '14.2', '2020-01-30 23:13:56', '1', 85, 3),
(987, '12', '2020-01-30', '13.2', '14.2', '2020-01-30 23:13:56', '1', 85, 3),
(988, '13', '2020-01-31', '13.2', '13.2', '2020-01-30 23:13:56', '', 85, 3),
(989, '14', '2020-02-01', '13.2', '2.2', '2020-01-30 23:13:56', '1', 85, 3),
(990, '15', '2020-02-03', '13.2', '0', NULL, '', 85, 3),
(991, '16', '2020-02-04', '13.2', '0', NULL, '', 85, 3),
(992, '17', '2020-02-05', '13.2', '0', NULL, '', 85, 3),
(993, '18', '2020-02-06', '13.2', '0', NULL, '', 85, 3),
(994, '19', '2020-02-07', '13.2', '0', NULL, '', 85, 3),
(995, '20', '2020-02-08', '13.2', '0', NULL, '', 85, 3),
(996, '21', '2020-02-10', '13.2', '0', NULL, '', 85, 3),
(997, '22', '2020-02-11', '13.2', '0', NULL, '', 85, 3),
(998, '23', '2020-02-12', '13.2', '0', NULL, '', 85, 3),
(999, '24', '2020-02-13', '13.2', '0', NULL, '', 85, 3),
(1000, '25', '2020-02-14', '13.2', '0', NULL, '', 85, 3),
(1001, '1', '2020-01-23', '165', '165', '2020-01-16 23:13:20', '', 84, 3),
(1002, '2', '2020-01-30', '165', '165', '2020-02-01 22:51:13', '4', 84, 3),
(1003, '3', '2020-02-06', '165', '0', NULL, '', 84, 3),
(1004, '4', '2020-02-13', '165', '0', NULL, '', 84, 3),
(1005, '1', '2020-01-18', '22', '23', '2020-01-25 10:50:28', '1', 86, 3),
(1006, '2', '2020-01-20', '22', '23', '2020-01-25 10:50:28', '1', 86, 3),
(1007, '3', '2020-01-21', '22', '23', '2020-01-29 23:56:36', '1', 86, 3),
(1008, '4', '2020-01-22', '22', '23', '2020-01-29 23:56:36', '1', 86, 3),
(1009, '5', '2020-01-23', '22', '1.2', '2020-01-29 23:56:36', '1', 86, 3),
(1010, '6', '2020-01-24', '22', '0', NULL, '1', 86, 3),
(1011, '7', '2020-01-25', '22', '0', NULL, '1', 86, 3),
(1012, '8', '2020-01-27', '22', '0', NULL, '1', 86, 3),
(1013, '9', '2020-01-28', '22', '0', NULL, '1', 86, 3),
(1014, '10', '2020-01-29', '22', '0', NULL, '1', 86, 3),
(1015, '11', '2020-01-30', '22', '0', NULL, '1', 86, 3),
(1016, '12', '2020-01-31', '22', '0', NULL, '1', 86, 3),
(1017, '13', '2020-02-01', '22', '0', NULL, '1', 86, 3),
(1018, '14', '2020-02-03', '22', '0', NULL, '', 86, 3),
(1019, '15', '2020-02-04', '22', '0', NULL, '', 86, 3),
(1020, '16', '2020-02-05', '22', '0', NULL, '', 86, 3),
(1021, '17', '2020-02-06', '22', '0', NULL, '', 86, 3),
(1022, '18', '2020-02-07', '22', '0', NULL, '', 86, 3),
(1023, '19', '2020-02-08', '22', '0', NULL, '', 86, 3),
(1024, '20', '2020-02-10', '22', '0', NULL, '', 86, 3),
(1025, '21', '2020-02-11', '22', '0', NULL, '', 86, 3),
(1026, '22', '2020-02-12', '22', '0', NULL, '', 86, 3),
(1027, '23', '2020-02-13', '22', '0', NULL, '', 86, 3),
(1028, '24', '2020-02-14', '22', '0', NULL, '', 86, 3),
(1029, '25', '2020-02-15', '22', '0', NULL, '', 86, 3),
(1030, '1', '2020-01-18', '22', '23', '2020-01-21 04:58:00', '1', 88, 3),
(1031, '2', '2020-01-20', '22', '23', '2020-01-23 23:29:38', '1', 88, 3),
(1032, '3', '2020-01-21', '22', '23', '2020-01-23 23:29:38', '1', 88, 3),
(1033, '4', '2020-01-22', '22', '23', '2020-01-25 10:39:47', '1', 88, 3),
(1034, '5', '2020-01-23', '22', '23', '2020-01-27 22:48:43', '1', 88, 3),
(1035, '6', '2020-01-24', '22', '23', '2020-01-27 22:48:43', '1', 88, 3),
(1036, '7', '2020-01-25', '22', '23', '2020-01-28 18:39:37', '1', 88, 3),
(1037, '8', '2020-01-27', '22', '23', '2020-01-30 23:09:31', '1', 88, 3),
(1038, '9', '2020-01-28', '22', '23', '2020-01-30 23:09:31', '1', 88, 3),
(1039, '10', '2020-01-29', '22', '23', '2020-02-01 22:53:59', '1', 88, 3),
(1040, '11', '2020-01-30', '22', '23', '2020-02-01 22:53:59', '1', 88, 3),
(1041, '12', '2020-01-31', '22', '15', '2020-02-01 22:53:59', '1', 88, 3),
(1042, '13', '2020-02-01', '22', '0', NULL, '1', 88, 3),
(1043, '14', '2020-02-03', '22', '0', NULL, '', 88, 3),
(1044, '15', '2020-02-04', '22', '0', NULL, '', 88, 3),
(1045, '16', '2020-02-05', '22', '0', NULL, '', 88, 3),
(1046, '17', '2020-02-06', '22', '0', NULL, '', 88, 3),
(1047, '18', '2020-02-07', '22', '0', NULL, '', 88, 3),
(1048, '19', '2020-02-08', '22', '0', NULL, '', 88, 3),
(1049, '20', '2020-02-10', '22', '0', NULL, '', 88, 3),
(1050, '21', '2020-02-11', '22', '0', NULL, '', 88, 3),
(1051, '22', '2020-02-12', '22', '0', NULL, '', 88, 3),
(1052, '23', '2020-02-13', '22', '0', NULL, '', 88, 3),
(1053, '24', '2020-02-14', '22', '0', NULL, '', 88, 3),
(1054, '25', '2020-02-15', '22', '0', NULL, '', 88, 3),
(1055, '1', '2020-01-20', '17.6', '18.6', '2020-01-21 23:21:49', '1', 89, 3),
(1056, '2', '2020-01-21', '17.6', '18.6', '2020-01-21 23:21:49', '1', 89, 3),
(1057, '3', '2020-01-22', '17.6', '18.6', '2020-01-23 23:21:42', '1', 89, 3),
(1058, '4', '2020-01-23', '17.6', '18.6', '2020-01-25 10:41:01', '1', 89, 3),
(1059, '5', '2020-01-24', '17.6', '18.6', '2020-01-29 23:46:49', '1', 89, 3),
(1060, '6', '2020-01-25', '17.6', '18.6', '2020-01-29 23:46:49', '1', 89, 3),
(1061, '7', '2020-01-27', '17.6', '18.6', '2020-01-29 23:46:49', '1', 89, 3),
(1062, '8', '2020-01-28', '17.6', '18.6', '2020-01-30 00:00:05', '1', 89, 3),
(1063, '9', '2020-01-29', '17.6', '18.6', '2020-01-30 00:00:05', '1', 89, 3),
(1064, '10', '2020-01-30', '17.6', '18.6', '2020-02-01 22:52:25', '1', 89, 3),
(1065, '11', '2020-01-31', '17.6', '18.6', '2020-02-01 22:52:25', '1', 89, 3),
(1066, '12', '2020-02-01', '17.6', '11.6', '2020-02-01 22:52:25', '1', 89, 3),
(1067, '13', '2020-02-03', '17.6', '0', NULL, '', 89, 3),
(1068, '14', '2020-02-04', '17.6', '0', NULL, '', 89, 3),
(1069, '15', '2020-02-05', '17.6', '0', NULL, '', 89, 3),
(1070, '16', '2020-02-06', '17.6', '0', NULL, '', 89, 3),
(1071, '17', '2020-02-07', '17.6', '0', NULL, '', 89, 3),
(1072, '18', '2020-02-08', '17.6', '0', NULL, '', 89, 3),
(1073, '19', '2020-02-10', '17.6', '0', NULL, '', 89, 3),
(1074, '20', '2020-02-11', '17.6', '0', NULL, '', 89, 3),
(1075, '21', '2020-02-12', '17.6', '0', NULL, '', 89, 3),
(1076, '22', '2020-02-13', '17.6', '0', NULL, '', 89, 3),
(1077, '23', '2020-02-14', '17.6', '0', NULL, '', 89, 3),
(1078, '24', '2020-02-15', '17.6', '0', NULL, '', 89, 3),
(1079, '25', '2020-02-17', '17.6', '0', NULL, '', 89, 3),
(1080, '1', '2020-01-18', '22', '23', '2020-01-22 19:43:59', '1', 87, 3),
(1081, '2', '2020-01-20', '22', '23', '2020-01-25 20:13:28', '1', 87, 3),
(1082, '3', '2020-01-21', '22', '23', '2020-01-25 20:13:28', '1', 87, 3),
(1083, '4', '2020-01-22', '22', '23', '2020-01-25 20:13:28', '1', 87, 3),
(1084, '5', '2020-01-23', '22', '23', '2020-01-27 22:51:00', '1', 87, 3),
(1085, '6', '2020-01-24', '22', '23', '2020-01-27 22:51:00', '1', 87, 3),
(1086, '7', '2020-01-25', '22', '23', '2020-01-29 23:49:16', '1', 87, 3),
(1087, '8', '2020-01-27', '22', '23', '2020-01-31 23:40:13', '1', 87, 3),
(1088, '9', '2020-01-28', '22', '23', '2020-02-01 22:59:01', '1', 87, 3),
(1089, '10', '2020-01-29', '22', '23', '2020-02-01 22:59:01', '1', 87, 3),
(1090, '11', '2020-01-30', '22', '14', '2020-02-01 22:59:01', '1', 87, 3),
(1091, '12', '2020-01-31', '22', '0', NULL, '1', 87, 3),
(1092, '13', '2020-02-01', '22', '0', NULL, '1', 87, 3),
(1093, '14', '2020-02-03', '22', '0', NULL, '', 87, 3),
(1094, '15', '2020-02-04', '22', '0', NULL, '', 87, 3),
(1095, '16', '2020-02-05', '22', '0', NULL, '', 87, 3),
(1096, '17', '2020-02-06', '22', '0', NULL, '', 87, 3),
(1097, '18', '2020-02-07', '22', '0', NULL, '', 87, 3),
(1098, '19', '2020-02-08', '22', '0', NULL, '', 87, 3),
(1099, '20', '2020-02-10', '22', '0', NULL, '', 87, 3),
(1100, '21', '2020-02-11', '22', '0', NULL, '', 87, 3),
(1101, '22', '2020-02-12', '22', '0', NULL, '', 87, 3),
(1102, '23', '2020-02-13', '22', '0', NULL, '', 87, 3),
(1103, '24', '2020-02-14', '22', '0', NULL, '', 87, 3),
(1104, '25', '2020-02-15', '22', '0', NULL, '', 87, 3),
(1105, '1', '2020-01-21', '22', '22', '2020-01-21 04:59:28', '', 91, 3),
(1106, '2', '2020-01-22', '22', '23', '2020-01-22 19:38:45', '1', 91, 3),
(1107, '3', '2020-01-23', '22', '23', '2020-01-25 10:43:07', '1', 91, 3),
(1108, '4', '2020-01-24', '22', '23', '2020-01-25 20:10:32', '1', 91, 3),
(1109, '5', '2020-01-25', '22', '23', '2020-01-28 19:28:43', '1', 91, 3),
(1110, '6', '2020-01-27', '22', '23', '2020-01-28 19:28:43', '1', 91, 3),
(1111, '7', '2020-01-28', '22', '23', '2020-01-28 19:28:43', '1', 91, 3),
(1112, '8', '2020-01-29', '22', '23', '2020-01-30 23:14:29', '1', 91, 3),
(1113, '9', '2020-01-30', '22', '23', '2020-01-30 23:14:29', '1', 91, 3),
(1114, '10', '2020-01-31', '22', '15', '2020-01-30 23:14:29', '1', 91, 3),
(1115, '11', '2020-02-01', '22', '0', NULL, '1', 91, 3),
(1116, '12', '2020-02-03', '22', '0', NULL, '', 91, 3),
(1117, '13', '2020-02-04', '22', '0', NULL, '', 91, 3),
(1118, '14', '2020-02-05', '22', '0', NULL, '', 91, 3),
(1119, '15', '2020-02-06', '22', '0', NULL, '', 91, 3),
(1120, '16', '2020-02-07', '22', '0', NULL, '', 91, 3),
(1121, '17', '2020-02-08', '22', '0', NULL, '', 91, 3),
(1122, '18', '2020-02-10', '22', '0', NULL, '', 91, 3),
(1123, '19', '2020-02-11', '22', '0', NULL, '', 91, 3),
(1124, '20', '2020-02-12', '22', '0', NULL, '', 91, 3),
(1125, '21', '2020-02-13', '22', '0', NULL, '', 91, 3),
(1126, '22', '2020-02-14', '22', '0', NULL, '', 91, 3),
(1127, '23', '2020-02-15', '22', '0', NULL, '', 91, 3),
(1128, '24', '2020-02-17', '22', '0', NULL, '', 91, 3),
(1129, '25', '2020-02-18', '22', '0', NULL, '', 91, 3),
(1130, '1', '2020-02-04', '275', NULL, NULL, '', 90, NULL),
(1131, '2', '2020-02-19', '275', NULL, NULL, '', 90, NULL),
(1132, '1', '2020-02-20', '550', NULL, NULL, '', 92, NULL),
(1133, '1', '2020-01-22', '13.2', '14.2', '2020-01-23 23:22:41', '1', 97, 3),
(1134, '2', '2020-01-23', '13.2', '14.2', '2020-01-25 10:40:38', '1', 97, 3),
(1135, '3', '2020-01-24', '13.2', '14.2', '2020-01-28 19:29:40', '1', 97, 3),
(1136, '4', '2020-01-25', '13.2', '14.2', '2020-01-28 19:29:40', '1', 97, 3),
(1137, '5', '2020-01-27', '13.2', '14.2', '2020-01-29 18:40:03', '1', 97, 3),
(1138, '6', '2020-01-28', '13.2', '14.2', '2020-01-30 23:27:15', '1', 97, 3),
(1139, '7', '2020-01-29', '13.2', '14.2', '2020-01-31 23:21:30', '1', 97, 3),
(1140, '8', '2020-01-30', '13.2', '14.2', '2020-02-01 23:06:43', '1', 97, 3),
(1141, '9', '2020-01-31', '13.2', '6.2', '2020-02-01 23:06:43', '1', 97, 3),
(1142, '10', '2020-02-01', '13.2', '0', NULL, '1', 97, 3),
(1143, '11', '2020-02-03', '13.2', '0', NULL, '', 97, 3),
(1144, '12', '2020-02-04', '13.2', '0', NULL, '', 97, 3),
(1145, '13', '2020-02-05', '13.2', '0', NULL, '', 97, 3),
(1146, '14', '2020-02-06', '13.2', '0', NULL, '', 97, 3),
(1147, '15', '2020-02-07', '13.2', '0', NULL, '', 97, 3),
(1148, '16', '2020-02-08', '13.2', '0', NULL, '', 97, 3),
(1149, '17', '2020-02-10', '13.2', '0', NULL, '', 97, 3),
(1150, '18', '2020-02-11', '13.2', '0', NULL, '', 97, 3),
(1151, '19', '2020-02-12', '13.2', '0', NULL, '', 97, 3),
(1152, '20', '2020-02-13', '13.2', '0', NULL, '', 97, 3),
(1153, '21', '2020-02-14', '13.2', '0', NULL, '', 97, 3),
(1154, '22', '2020-02-15', '13.2', '0', NULL, '', 97, 3),
(1155, '23', '2020-02-17', '13.2', '0', NULL, '', 97, 3),
(1156, '24', '2020-02-18', '13.2', '0', NULL, '', 97, 3),
(1157, '25', '2020-02-19', '13.2', '0', NULL, '', 97, 3),
(1158, '1', '2020-02-20', '550', NULL, NULL, '', 94, NULL),
(1159, '1', '2020-01-22', '8.3', '9.3', '2020-01-23 23:24:02', '1', 95, 3),
(1160, '2', '2020-01-23', '8.3', '9.3', '2020-01-25 20:01:49', '1', 95, 3),
(1161, '3', '2020-01-24', '8.3', '9.3', '2020-01-25 20:01:49', '1', 95, 3),
(1162, '4', '2020-01-25', '8.3', '9.3', '2020-01-27 22:55:07', '1', 95, 3),
(1163, '5', '2020-01-27', '8.3', '9.3', '2020-01-28 18:38:05', '1', 95, 3),
(1164, '6', '2020-01-28', '8.3', '9.3', '2020-01-29 18:40:27', '1', 95, 3),
(1165, '7', '2020-01-29', '8.3', '9.3', '2020-01-31 23:22:07', '1', 95, 3),
(1166, '8', '2020-01-30', '8.3', '9.3', '2020-01-31 23:22:07', '1', 95, 3),
(1167, '9', '2020-01-31', '8.3', '2.3', '2020-01-31 23:22:07', '1', 95, 3),
(1168, '10', '2020-02-01', '8.3', '0', NULL, '1', 95, 3),
(1169, '11', '2020-02-03', '8.3', '0', NULL, '', 95, 3),
(1170, '12', '2020-02-04', '8.3', '0', NULL, '', 95, 3),
(1171, '13', '2020-02-05', '8.3', '0', NULL, '', 95, 3),
(1172, '14', '2020-02-06', '8.3', '0', NULL, '', 95, 3),
(1173, '15', '2020-02-07', '8.3', '0', NULL, '', 95, 3),
(1174, '16', '2020-02-08', '8.3', '0', NULL, '', 95, 3),
(1175, '17', '2020-02-10', '8.3', '0', NULL, '', 95, 3),
(1176, '18', '2020-02-11', '8.3', '0', NULL, '', 95, 3),
(1177, '19', '2020-02-12', '8.3', '0', NULL, '', 95, 3),
(1178, '20', '2020-02-13', '8.3', '0', NULL, '', 95, 3),
(1179, '1', '2020-01-22', '13.2', '14.2', '2020-01-23 23:25:37', '1', 96, 3),
(1180, '2', '2020-01-23', '13.2', '14.2', '2020-01-25 10:44:53', '1', 96, 3),
(1181, '3', '2020-01-24', '13.2', '14.2', '2020-01-25 20:14:32', '1', 96, 3),
(1182, '4', '2020-01-25', '13.2', '14.2', '2020-01-25 20:14:32', '1', 96, 3),
(1183, '5', '2020-01-27', '13.2', '14.2', '2020-01-27 23:15:23', '1', 96, 3),
(1184, '6', '2020-01-28', '13.2', '14.2', '2020-01-28 19:28:21', '1', 96, 3),
(1185, '7', '2020-01-29', '13.2', '14.2', '2020-01-29 23:50:02', '1', 96, 3),
(1186, '8', '2020-01-30', '13.2', '14.2', '2020-01-31 23:33:14', '1', 96, 3),
(1187, '9', '2020-01-31', '13.2', '12.4', '2020-01-31 23:33:14', '1', 96, 3),
(1188, '10', '2020-02-01', '13.2', '0', NULL, '1', 96, 3),
(1189, '11', '2020-02-03', '13.2', '0', NULL, '', 96, 3),
(1190, '12', '2020-02-04', '13.2', '0', NULL, '', 96, 3),
(1191, '13', '2020-02-05', '13.2', '0', NULL, '', 96, 3),
(1192, '14', '2020-02-06', '13.2', '0', NULL, '', 96, 3),
(1193, '15', '2020-02-07', '13.2', '0', NULL, '', 96, 3),
(1194, '16', '2020-02-08', '13.2', '0', NULL, '', 96, 3),
(1195, '17', '2020-02-10', '13.2', '0', NULL, '', 96, 3),
(1196, '18', '2020-02-11', '13.2', '0', NULL, '', 96, 3),
(1197, '19', '2020-02-12', '13.2', '0', NULL, '', 96, 3),
(1198, '20', '2020-02-13', '13.2', '0', NULL, '', 96, 3),
(1199, '21', '2020-02-14', '13.2', '0', NULL, '', 96, 3),
(1200, '22', '2020-02-15', '13.2', '0', NULL, '', 96, 3),
(1201, '23', '2020-02-17', '13.2', '0', NULL, '', 96, 3),
(1202, '24', '2020-02-18', '13.2', '0', NULL, '', 96, 3),
(1203, '25', '2020-02-19', '13.2', '0', NULL, '', 96, 3),
(1204, '1', '2020-02-22', '315', NULL, NULL, '', 101, NULL),
(1205, '1', '2020-01-22', '13.2', '14.2', '2020-01-25 10:47:48', '1', 98, 3),
(1206, '2', '2020-01-23', '13.2', '14.2', '2020-01-25 20:54:32', '1', 98, 3),
(1207, '3', '2020-01-24', '13.2', '14.2', '2020-01-27 23:28:17', '1', 98, 3),
(1208, '4', '2020-01-25', '13.2', '14.2', '2020-01-28 23:12:31', '1', 98, 3),
(1209, '5', '2020-01-27', '13.2', '12.8', '2020-02-01 23:09:22', '1', 98, 3),
(1210, '6', '2020-01-28', '13.2', '0', NULL, '1', 98, 3),
(1211, '7', '2020-01-29', '13.2', '0', NULL, '1', 98, 3),
(1212, '8', '2020-01-30', '13.2', '0', NULL, '1', 98, 3),
(1213, '9', '2020-01-31', '13.2', '0', NULL, '1', 98, 3),
(1214, '10', '2020-02-01', '13.2', '0', NULL, '1', 98, 3),
(1215, '11', '2020-02-03', '13.2', '0', NULL, '', 98, 3),
(1216, '12', '2020-02-04', '13.2', '0', NULL, '', 98, 3),
(1217, '13', '2020-02-05', '13.2', '0', NULL, '', 98, 3),
(1218, '14', '2020-02-06', '13.2', '0', NULL, '', 98, 3),
(1219, '15', '2020-02-07', '13.2', '0', NULL, '', 98, 3),
(1220, '16', '2020-02-08', '13.2', '0', NULL, '', 98, 3),
(1221, '17', '2020-02-10', '13.2', '0', NULL, '', 98, 3),
(1222, '18', '2020-02-11', '13.2', '0', NULL, '', 98, 3),
(1223, '19', '2020-02-12', '13.2', '0', NULL, '', 98, 3),
(1224, '20', '2020-02-13', '13.2', '0', NULL, '', 98, 3),
(1225, '21', '2020-02-14', '13.2', '0', NULL, '', 98, 3),
(1226, '22', '2020-02-15', '13.2', '0', NULL, '', 98, 3),
(1227, '23', '2020-02-17', '13.2', '0', NULL, '', 98, 3),
(1228, '24', '2020-02-18', '13.2', '0', NULL, '', 98, 3),
(1229, '25', '2020-02-19', '13.2', '0', NULL, '', 98, 3),
(1230, '1', '2020-02-22', '22', '22', '2020-01-22 19:45:09', '', 102, 3),
(1231, '2', '2020-02-24', '22', '22', '2020-01-23 23:30:04', '', 102, 3),
(1232, '3', '2020-02-25', '22', '22', '2020-01-25 10:41:21', '', 102, 3),
(1233, '4', '2020-02-26', '22', '22', '2020-01-25 20:42:51', '', 102, 3),
(1234, '5', '2020-02-27', '22', '22', '2020-01-27 23:14:16', '', 102, 3),
(1235, '6', '2020-02-28', '22', '22', '2020-01-28 19:00:46', '', 102, 3),
(1236, '7', '2020-02-29', '22', '22', '2020-01-29 23:49:42', '', 102, 3),
(1237, '8', '2020-03-02', '22', '22', '2020-01-30 23:19:31', '', 102, 3),
(1238, '9', '2020-03-03', '22', '22', '2020-01-31 23:24:57', '', 102, 3),
(1239, '10', '2020-03-04', '22', '0', NULL, '', 102, 3),
(1240, '11', '2020-03-05', '22', '0', NULL, '', 102, 3),
(1241, '12', '2020-03-06', '22', '0', NULL, '', 102, 3),
(1242, '13', '2020-03-07', '22', '0', NULL, '', 102, 3),
(1243, '14', '2020-03-09', '22', '0', NULL, '', 102, 3),
(1244, '15', '2020-03-10', '22', '0', NULL, '', 102, 3),
(1245, '16', '2020-03-11', '22', '0', NULL, '', 102, 3),
(1246, '17', '2020-03-12', '22', '0', NULL, '', 102, 3),
(1247, '18', '2020-03-13', '22', '0', NULL, '', 102, 3),
(1248, '19', '2020-03-14', '22', '0', NULL, '', 102, 3),
(1249, '20', '2020-03-16', '22', '0', NULL, '', 102, 3),
(1250, '21', '2020-03-17', '22', '0', NULL, '', 102, 3),
(1251, '22', '2020-03-18', '22', '0', NULL, '', 102, 3),
(1252, '23', '2020-03-19', '22', '0', NULL, '', 102, 3),
(1253, '24', '2020-03-20', '22', '0', NULL, '', 102, 3),
(1254, '25', '2020-03-21', '22', '0', NULL, '', 102, 3),
(1255, '1', '2020-01-23', '25', '26', '2020-01-25 20:42:21', '1', 105, 3),
(1256, '2', '2020-01-24', '25', '26', '2020-01-28 19:00:18', '1', 105, 3),
(1257, '3', '2020-01-25', '25', '26', '2020-01-31 23:22:55', '1', 105, 3),
(1258, '4', '2020-01-27', '25', '10', '2020-01-31 23:22:55', '1', 105, 3),
(1259, '5', '2020-01-28', '25', '0', NULL, '1', 105, 3),
(1260, '6', '2020-01-29', '25', '0', NULL, '1', 105, 3),
(1261, '7', '2020-01-30', '25', '0', NULL, '1', 105, 3),
(1262, '8', '2020-01-31', '25', '0', NULL, '1', 105, 3),
(1263, '9', '2020-02-01', '25', '0', NULL, '1', 105, 3),
(1264, '10', '2020-02-03', '25', '0', NULL, '', 105, 3),
(1265, '11', '2020-02-04', '25', '0', NULL, '', 105, 3),
(1266, '12', '2020-02-05', '25', '0', NULL, '', 105, 3),
(1267, '13', '2020-02-06', '25', '0', NULL, '', 105, 3),
(1268, '14', '2020-02-07', '25', '0', NULL, '', 105, 3),
(1269, '15', '2020-02-08', '25', '0', NULL, '', 105, 3),
(1270, '16', '2020-02-10', '25', '0', NULL, '', 105, 3),
(1271, '17', '2020-02-11', '25', '0', NULL, '', 105, 3),
(1272, '18', '2020-02-12', '25', '0', NULL, '', 105, 3),
(1273, '19', '2020-02-13', '25', '0', NULL, '', 105, 3),
(1274, '20', '2020-02-14', '25', '0', NULL, '', 105, 3),
(1275, '21', '2020-02-15', '25', '0', NULL, '', 105, 3),
(1276, '22', '2020-02-17', '25', '0', NULL, '', 105, 3),
(1277, '1', '2020-01-23', '6.6', '7.6', '2020-01-23 23:23:31', '1', 106, 3),
(1278, '2', '2020-01-24', '6.6', '7.6', '2020-01-25 20:01:11', '1', 106, 3),
(1279, '3', '2020-01-25', '6.6', '7.6', '2020-01-27 22:53:31', '1', 106, 3),
(1280, '4', '2020-01-27', '6.6', '7.6', '2020-01-27 22:53:31', '1', 106, 3),
(1281, '5', '2020-01-28', '6.6', '7.6', '2020-01-29 19:10:20', '1', 106, 3),
(1282, '6', '2020-01-29', '6.6', '7.6', '2020-01-30 23:11:16', '1', 106, 3),
(1283, '7', '2020-01-30', '6.6', '7.6', '2020-02-01 22:57:15', '1', 106, 3),
(1284, '8', '2020-01-31', '6.6', '6.2', '2020-02-01 22:57:15', '1', 106, 3),
(1285, '9', '2020-02-01', '6.6', '0', NULL, '1', 106, 3),
(1286, '10', '2020-02-03', '6.6', '0', NULL, '', 106, 3),
(1287, '11', '2020-02-04', '6.6', '0', NULL, '', 106, 3),
(1288, '12', '2020-02-05', '6.6', '0', NULL, '', 106, 3),
(1289, '13', '2020-02-06', '6.6', '0', NULL, '', 106, 3),
(1290, '14', '2020-02-07', '6.6', '0', NULL, '', 106, 3),
(1291, '15', '2020-02-08', '6.6', '0', NULL, '', 106, 3),
(1292, '16', '2020-02-10', '6.6', '0', NULL, '', 106, 3),
(1293, '17', '2020-02-11', '6.6', '0', NULL, '', 106, 3),
(1294, '18', '2020-02-12', '6.6', '0', NULL, '', 106, 3),
(1295, '19', '2020-02-13', '6.6', '0', NULL, '', 106, 3),
(1296, '20', '2020-02-14', '6.6', '0', NULL, '', 106, 3),
(1297, '21', '2020-02-15', '6.6', '0', NULL, '', 106, 3),
(1298, '22', '2020-02-17', '6.6', '0', NULL, '', 106, 3),
(1299, '23', '2020-02-18', '6.6', '0', NULL, '', 106, 3),
(1300, '24', '2020-02-19', '6.6', '0', NULL, '', 106, 3),
(1301, '25', '2020-02-20', '6.6', '0', NULL, '', 106, 3),
(1302, '1', '2020-02-22', '275', NULL, NULL, '', 103, NULL),
(1303, '1', '2020-01-30', '165', '130', '2020-01-30 23:18:02', '4', 107, 3),
(1304, '2', '2020-02-06', '165', '0', NULL, '', 107, 3),
(1305, '3', '2020-02-13', '165', '0', NULL, '', 107, 3),
(1306, '4', '2020-02-20', '165', '0', NULL, '', 107, 3),
(1307, '1', '2020-01-24', '17.6', '18.6', '2020-01-25 10:44:33', '1', 108, 3),
(1308, '2', '2020-01-25', '17.6', '18.6', '2020-01-27 22:56:46', '1', 108, 3),
(1309, '3', '2020-01-27', '17.6', '18.6', '2020-01-27 23:05:09', '1', 108, 3),
(1310, '4', '2020-01-28', '17.6', '18.6', '2020-01-28 19:01:46', '1', 108, 3),
(1311, '5', '2020-01-29', '17.6', '18.6', '2020-01-30 23:22:58', '1', 108, 3),
(1312, '6', '2020-01-30', '17.6', '18.6', '2020-01-31 23:23:36', '1', 108, 3),
(1313, '7', '2020-01-31', '17.6', '18.6', '2020-02-01 23:01:12', '1', 108, 3),
(1314, '8', '2020-02-01', '17.6', '3', '2020-02-01 23:01:12', '1', 108, 3),
(1315, '9', '2020-02-03', '17.6', '0', NULL, '', 108, 3),
(1316, '10', '2020-02-04', '17.6', '0', NULL, '', 108, 3),
(1317, '11', '2020-02-05', '17.6', '0', NULL, '', 108, 3),
(1318, '12', '2020-02-06', '17.6', '0', NULL, '', 108, 3),
(1319, '13', '2020-02-07', '17.6', '0', NULL, '', 108, 3),
(1320, '14', '2020-02-08', '17.6', '0', NULL, '', 108, 3),
(1321, '15', '2020-02-10', '17.6', '0', NULL, '', 108, 3),
(1322, '16', '2020-02-11', '17.6', '0', NULL, '', 108, 3),
(1323, '17', '2020-02-12', '17.6', '0', NULL, '', 108, 3),
(1324, '18', '2020-02-13', '17.6', '0', NULL, '', 108, 3),
(1325, '19', '2020-02-14', '17.6', '0', NULL, '', 108, 3),
(1326, '20', '2020-02-15', '17.6', '0', NULL, '', 108, 3),
(1327, '21', '2020-02-17', '17.6', '0', NULL, '', 108, 3),
(1328, '22', '2020-02-18', '17.6', '0', NULL, '', 108, 3),
(1329, '23', '2020-02-19', '17.6', '0', NULL, '', 108, 3),
(1330, '24', '2020-02-20', '17.6', '0', NULL, '', 108, 3),
(1331, '25', '2020-02-21', '17.6', '0', NULL, '', 108, 3),
(1332, '1', '2020-01-25', '17.6', '18.6', '2020-01-27 23:19:05', '1', 110, 3),
(1333, '2', '2020-01-27', '17.6', '18.6', '2020-01-28 23:14:49', '1', 110, 3),
(1334, '3', '2020-01-28', '17.6', '18.6', '2020-01-29 23:57:46', '1', 110, 3),
(1335, '4', '2020-01-29', '17.6', '18.6', '2020-01-31 23:50:44', '1', 110, 3),
(1336, '5', '2020-01-30', '17.6', '18.6', '2020-01-31 23:50:44', '1', 110, 3),
(1337, '6', '2020-01-31', '17.6', '18.6', '2020-02-01 23:11:35', '1', 110, 3),
(1338, '7', '2020-02-01', '17.6', '11.6', '2020-02-01 23:11:35', '1', 110, 3),
(1339, '8', '2020-02-03', '17.6', '0', NULL, '', 110, 3),
(1340, '9', '2020-02-04', '17.6', '0', NULL, '', 110, 3),
(1341, '10', '2020-02-05', '17.6', '0', NULL, '', 110, 3),
(1342, '11', '2020-02-06', '17.6', '0', NULL, '', 110, 3),
(1343, '12', '2020-02-07', '17.6', '0', NULL, '', 110, 3),
(1344, '13', '2020-02-08', '17.6', '0', NULL, '', 110, 3),
(1345, '14', '2020-02-10', '17.6', '0', NULL, '', 110, 3),
(1346, '15', '2020-02-11', '17.6', '0', NULL, '', 110, 3),
(1347, '16', '2020-02-12', '17.6', '0', NULL, '', 110, 3),
(1348, '17', '2020-02-13', '17.6', '0', NULL, '', 110, 3),
(1349, '18', '2020-02-14', '17.6', '0', NULL, '', 110, 3),
(1350, '19', '2020-02-15', '17.6', '0', NULL, '', 110, 3),
(1351, '20', '2020-02-17', '17.6', '0', NULL, '', 110, 3),
(1352, '21', '2020-02-18', '17.6', '0', NULL, '', 110, 3),
(1353, '22', '2020-02-19', '17.6', '0', NULL, '', 110, 3),
(1354, '23', '2020-02-20', '17.6', '0', NULL, '', 110, 3),
(1355, '24', '2020-02-21', '17.6', '0', NULL, '', 110, 3),
(1356, '25', '2020-02-22', '17.6', '0', NULL, '', 110, 3),
(1357, '1', '2020-01-27', '22', '23', '2020-01-28 18:59:51', '1', 113, 3),
(1358, '2', '2020-01-28', '22', '23', '2020-01-29 23:51:57', '1', 113, 3),
(1359, '3', '2020-01-29', '22', '23', '2020-01-30 23:18:33', '1', 113, 3),
(1360, '4', '2020-01-30', '22', '23', '2020-01-31 23:24:00', '1', 113, 3),
(1361, '5', '2020-01-31', '22', '18', '2020-01-31 23:24:00', '1', 113, 3),
(1362, '6', '2020-02-01', '22', '0', NULL, '1', 113, 3),
(1363, '7', '2020-02-03', '22', '0', NULL, '', 113, 3),
(1364, '8', '2020-02-04', '22', '0', NULL, '', 113, 3),
(1365, '9', '2020-02-05', '22', '0', NULL, '', 113, 3),
(1366, '10', '2020-02-06', '22', '0', NULL, '', 113, 3),
(1367, '11', '2020-02-07', '22', '0', NULL, '', 113, 3),
(1368, '12', '2020-02-08', '22', '0', NULL, '', 113, 3),
(1369, '13', '2020-02-10', '22', '0', NULL, '', 113, 3),
(1370, '14', '2020-02-11', '22', '0', NULL, '', 113, 3),
(1371, '15', '2020-02-12', '22', '0', NULL, '', 113, 3),
(1372, '16', '2020-02-13', '22', '0', NULL, '', 113, 3),
(1373, '17', '2020-02-14', '22', '0', NULL, '', 113, 3),
(1374, '18', '2020-02-15', '22', '0', NULL, '', 113, 3),
(1375, '19', '2020-02-17', '22', '0', NULL, '', 113, 3),
(1376, '20', '2020-02-18', '22', '0', NULL, '', 113, 3),
(1377, '21', '2020-02-19', '22', '0', NULL, '', 113, 3),
(1378, '22', '2020-02-20', '22', '0', NULL, '', 113, 3),
(1379, '23', '2020-02-21', '22', '0', NULL, '', 113, 3),
(1380, '24', '2020-02-22', '22', '0', NULL, '', 113, 3),
(1381, '25', '2020-02-24', '22', '0', NULL, '', 113, 3),
(1382, '1', '2020-01-27', '17.6', '18.6', '2020-01-29 19:11:58', '1', 112, 3),
(1383, '2', '2020-01-28', '17.6', '18.6', '2020-01-30 23:26:36', '1', 112, 3),
(1384, '3', '2020-01-29', '17.6', '18.6', '2020-01-31 23:48:44', '1', 112, 3),
(1385, '4', '2020-01-30', '17.6', '18.6', '2020-02-01 23:07:20', '1', 112, 3),
(1386, '5', '2020-01-31', '17.6', '14.6', '2020-02-01 23:07:20', '1', 112, 3),
(1387, '6', '2020-02-01', '17.6', '0', NULL, '1', 112, 3),
(1388, '7', '2020-02-03', '17.6', '0', NULL, '', 112, 3),
(1389, '8', '2020-02-04', '17.6', '0', NULL, '', 112, 3),
(1390, '9', '2020-02-05', '17.6', '0', NULL, '', 112, 3),
(1391, '10', '2020-02-06', '17.6', '0', NULL, '', 112, 3),
(1392, '11', '2020-02-07', '17.6', '0', NULL, '', 112, 3),
(1393, '12', '2020-02-08', '17.6', '0', NULL, '', 112, 3),
(1394, '13', '2020-02-10', '17.6', '0', NULL, '', 112, 3),
(1395, '14', '2020-02-11', '17.6', '0', NULL, '', 112, 3),
(1396, '15', '2020-02-12', '17.6', '0', NULL, '', 112, 3),
(1397, '16', '2020-02-13', '17.6', '0', NULL, '', 112, 3),
(1398, '17', '2020-02-14', '17.6', '0', NULL, '', 112, 3),
(1399, '18', '2020-02-15', '17.6', '0', NULL, '', 112, 3),
(1400, '19', '2020-02-17', '17.6', '0', NULL, '', 112, 3),
(1401, '20', '2020-02-18', '17.6', '0', NULL, '', 112, 3),
(1402, '21', '2020-02-19', '17.6', '0', NULL, '', 112, 3),
(1403, '22', '2020-02-20', '17.6', '0', NULL, '', 112, 3),
(1404, '23', '2020-02-21', '17.6', '0', NULL, '', 112, 3),
(1405, '24', '2020-02-22', '17.6', '0', NULL, '', 112, 3),
(1406, '25', '2020-02-24', '17.6', '0', NULL, '', 112, 3),
(1407, '1', '2020-01-28', '23', '24', '2020-01-29 19:05:37', '1', 114, 3),
(1408, '2', '2020-01-29', '23', '22', '2020-01-29 19:05:37', '1', 114, 3),
(1409, '3', '2020-01-30', '23', '0', NULL, '1', 114, 3),
(1410, '4', '2020-01-31', '23', '0', NULL, '1', 114, 3),
(1411, '5', '2020-02-01', '23', '0', NULL, '1', 114, 3),
(1412, '6', '2020-02-03', '23', '0', NULL, '', 114, 3),
(1413, '7', '2020-02-04', '23', '0', NULL, '', 114, 3),
(1414, '8', '2020-02-05', '23', '0', NULL, '', 114, 3),
(1415, '9', '2020-02-06', '23', '0', NULL, '', 114, 3),
(1416, '10', '2020-02-07', '23', '0', NULL, '', 114, 3),
(1417, '11', '2020-02-08', '23', '0', NULL, '', 114, 3),
(1418, '12', '2020-02-10', '23', '0', NULL, '', 114, 3),
(1419, '13', '2020-02-11', '23', '0', NULL, '', 114, 3),
(1420, '14', '2020-02-12', '23', '0', NULL, '', 114, 3),
(1421, '15', '2020-02-13', '23', '0', NULL, '', 114, 3),
(1422, '16', '2020-02-14', '23', '0', NULL, '', 114, 3),
(1423, '17', '2020-02-15', '23', '0', NULL, '', 114, 3),
(1424, '18', '2020-02-17', '23', '0', NULL, '', 114, 3),
(1425, '19', '2020-02-18', '23', '0', NULL, '', 114, 3),
(1426, '20', '2020-02-19', '23', '0', NULL, '', 114, 3),
(1427, '21', '2020-02-20', '23', '0', NULL, '', 114, 3),
(1428, '22', '2020-02-21', '23', '0', NULL, '', 114, 3),
(1429, '23', '2020-02-22', '23', '0', NULL, '', 114, 3),
(1430, '24', '2020-02-24', '23', '0', NULL, '', 114, 3),
(1431, '25', '2020-02-25', '23', '0', NULL, '', 114, 3),
(1432, '26', '2020-02-26', '23', '0', NULL, '', 114, 3),
(1433, '27', '2020-02-27', '23', '0', NULL, '', 114, 3),
(1434, '28', '2020-02-28', '23', '0', NULL, '', 114, 3),
(1435, '29', '2020-02-29', '23', '0', NULL, '', 114, 3),
(1436, '30', '2020-03-02', '23', '0', NULL, '', 114, 3),
(1437, '31', '2020-03-03', '23', '0', NULL, '', 114, 3),
(1438, '32', '2020-03-04', '23', '0', NULL, '', 114, 3),
(1439, '33', '2020-03-05', '23', '0', NULL, '', 114, 3),
(1440, '34', '2020-03-06', '23', '0', NULL, '', 114, 3),
(1441, '35', '2020-03-07', '23', '0', NULL, '', 114, 3),
(1442, '36', '2020-03-09', '23', '0', NULL, '', 114, 3),
(1443, '37', '2020-03-10', '23', '0', NULL, '', 114, 3),
(1444, '38', '2020-03-11', '23', '0', NULL, '', 114, 3),
(1445, '39', '2020-03-12', '23', '0', NULL, '', 114, 3),
(1446, '40', '2020-03-13', '23', '0', NULL, '', 114, 3),
(1447, '1', '2020-01-29', '22', '23', '2020-01-30 23:24:46', '1', 115, 3),
(1448, '2', '2020-01-30', '22', '23', '2020-01-31 23:46:40', '1', 115, 3),
(1449, '3', '2020-01-31', '22', '23', '2020-02-01 23:03:37', '1', 115, 3),
(1450, '4', '2020-02-01', '22', '19', '2020-02-01 23:03:37', '1', 115, 3),
(1451, '5', '2020-02-03', '22', '0', NULL, '', 115, 3),
(1452, '6', '2020-02-04', '22', '0', NULL, '', 115, 3),
(1453, '7', '2020-02-05', '22', '0', NULL, '', 115, 3),
(1454, '8', '2020-02-06', '22', '0', NULL, '', 115, 3),
(1455, '9', '2020-02-07', '22', '0', NULL, '', 115, 3),
(1456, '10', '2020-02-08', '22', '0', NULL, '', 115, 3),
(1457, '11', '2020-02-10', '22', '0', NULL, '', 115, 3),
(1458, '12', '2020-02-11', '22', '0', NULL, '', 115, 3),
(1459, '13', '2020-02-12', '22', '0', NULL, '', 115, 3),
(1460, '14', '2020-02-13', '22', '0', NULL, '', 115, 3),
(1461, '15', '2020-02-14', '22', '0', NULL, '', 115, 3),
(1462, '16', '2020-02-15', '22', '0', NULL, '', 115, 3),
(1463, '17', '2020-02-17', '22', '0', NULL, '', 115, 3),
(1464, '18', '2020-02-18', '22', '0', NULL, '', 115, 3),
(1465, '19', '2020-02-19', '22', '0', NULL, '', 115, 3),
(1466, '20', '2020-02-20', '22', '0', NULL, '', 115, 3),
(1467, '21', '2020-02-21', '22', '0', NULL, '', 115, 3),
(1468, '22', '2020-02-22', '22', '0', NULL, '', 115, 3),
(1469, '23', '2020-02-24', '22', '0', NULL, '', 115, 3),
(1470, '24', '2020-02-25', '22', '0', NULL, '', 115, 3),
(1471, '25', '2020-02-26', '22', '0', NULL, '', 115, 3),
(1472, '1', '2020-02-05', '137.5', NULL, NULL, '', 116, NULL),
(1473, '2', '2020-02-12', '137.5', NULL, NULL, '', 116, NULL),
(1474, '3', '2020-02-19', '137.5', NULL, NULL, '', 116, NULL),
(1475, '4', '2020-02-26', '137.5', NULL, NULL, '', 116, NULL),
(1476, '1', '2020-01-30', '13.2', '14.2', '2020-01-31 23:51:49', '1', 117, 3),
(1477, '2', '2020-01-31', '13.2', '14.2', '2020-01-31 23:51:49', '1', 117, 3),
(1478, '3', '2020-02-01', '13.2', '14.2', '2020-02-01 23:09:00', '1', 117, 3),
(1479, '4', '2020-02-03', '13.2', '7.4', '2020-02-01 23:09:00', '', 117, 3),
(1480, '5', '2020-02-04', '13.2', '0', NULL, '', 117, 3),
(1481, '6', '2020-02-05', '13.2', '0', NULL, '', 117, 3),
(1482, '7', '2020-02-06', '13.2', '0', NULL, '', 117, 3),
(1483, '8', '2020-02-07', '13.2', '0', NULL, '', 117, 3),
(1484, '9', '2020-02-08', '13.2', '0', NULL, '', 117, 3),
(1485, '10', '2020-02-10', '13.2', '0', NULL, '', 117, 3),
(1486, '11', '2020-02-11', '13.2', '0', NULL, '', 117, 3),
(1487, '12', '2020-02-12', '13.2', '0', NULL, '', 117, 3),
(1488, '13', '2020-02-13', '13.2', '0', NULL, '', 117, 3),
(1489, '14', '2020-02-14', '13.2', '0', NULL, '', 117, 3),
(1490, '15', '2020-02-15', '13.2', '0', NULL, '', 117, 3),
(1491, '16', '2020-02-17', '13.2', '0', NULL, '', 117, 3),
(1492, '17', '2020-02-18', '13.2', '0', NULL, '', 117, 3),
(1493, '18', '2020-02-19', '13.2', '0', NULL, '', 117, 3),
(1494, '19', '2020-02-20', '13.2', '0', NULL, '', 117, 3),
(1495, '20', '2020-02-21', '13.2', '0', NULL, '', 117, 3),
(1496, '21', '2020-02-22', '13.2', '0', NULL, '', 117, 3),
(1497, '22', '2020-02-24', '13.2', '0', NULL, '', 117, 3),
(1498, '23', '2020-02-25', '13.2', '0', NULL, '', 117, 3),
(1499, '24', '2020-02-26', '13.2', '0', NULL, '', 117, 3),
(1500, '25', '2020-02-27', '13.2', '0', NULL, '', 117, 3),
(1501, '1', '2020-01-31', '17.6', '18.6', '2020-02-01 23:06:17', '1', 120, 3),
(1502, '2', '2020-02-01', '17.6', '16.6', '2020-02-01 23:06:17', '1', 120, 3),
(1503, '3', '2020-02-03', '17.6', '0', NULL, '', 120, 3),
(1504, '4', '2020-02-04', '17.6', '0', NULL, '', 120, 3),
(1505, '5', '2020-02-05', '17.6', '0', NULL, '', 120, 3),
(1506, '6', '2020-02-06', '17.6', '0', NULL, '', 120, 3),
(1507, '7', '2020-02-07', '17.6', '0', NULL, '', 120, 3),
(1508, '8', '2020-02-08', '17.6', '0', NULL, '', 120, 3),
(1509, '9', '2020-02-10', '17.6', '0', NULL, '', 120, 3),
(1510, '10', '2020-02-11', '17.6', '0', NULL, '', 120, 3),
(1511, '11', '2020-02-12', '17.6', '0', NULL, '', 120, 3),
(1512, '12', '2020-02-13', '17.6', '0', NULL, '', 120, 3),
(1513, '13', '2020-02-14', '17.6', '0', NULL, '', 120, 3),
(1514, '14', '2020-02-15', '17.6', '0', NULL, '', 120, 3),
(1515, '15', '2020-02-17', '17.6', '0', NULL, '', 120, 3),
(1516, '16', '2020-02-18', '17.6', '0', NULL, '', 120, 3),
(1517, '17', '2020-02-19', '17.6', '0', NULL, '', 120, 3),
(1518, '18', '2020-02-20', '17.6', '0', NULL, '', 120, 3),
(1519, '19', '2020-02-21', '17.6', '0', NULL, '', 120, 3),
(1520, '20', '2020-02-22', '17.6', '0', NULL, '', 120, 3),
(1521, '21', '2020-02-24', '17.6', '0', NULL, '', 120, 3),
(1522, '22', '2020-02-25', '17.6', '0', NULL, '', 120, 3),
(1523, '23', '2020-02-26', '17.6', '0', NULL, '', 120, 3),
(1524, '24', '2020-02-27', '17.6', '0', NULL, '', 120, 3),
(1525, '25', '2020-02-28', '17.6', '0', NULL, '', 120, 3),
(1526, '1', '2020-01-31', '22', '23', '2020-02-01 23:08:18', '1', 119, 3),
(1527, '2', '2020-02-01', '22', '21', '2020-02-01 23:08:18', '1', 119, 3),
(1528, '3', '2020-02-03', '22', '0', NULL, '', 119, 3),
(1529, '4', '2020-02-04', '22', '0', NULL, '', 119, 3),
(1530, '5', '2020-02-05', '22', '0', NULL, '', 119, 3),
(1531, '6', '2020-02-06', '22', '0', NULL, '', 119, 3),
(1532, '7', '2020-02-07', '22', '0', NULL, '', 119, 3),
(1533, '8', '2020-02-08', '22', '0', NULL, '', 119, 3),
(1534, '9', '2020-02-10', '22', '0', NULL, '', 119, 3),
(1535, '10', '2020-02-11', '22', '0', NULL, '', 119, 3),
(1536, '11', '2020-02-12', '22', '0', NULL, '', 119, 3),
(1537, '12', '2020-02-13', '22', '0', NULL, '', 119, 3),
(1538, '13', '2020-02-14', '22', '0', NULL, '', 119, 3),
(1539, '14', '2020-02-15', '22', '0', NULL, '', 119, 3),
(1540, '15', '2020-02-17', '22', '0', NULL, '', 119, 3),
(1541, '16', '2020-02-18', '22', '0', NULL, '', 119, 3),
(1542, '17', '2020-02-19', '22', '0', NULL, '', 119, 3),
(1543, '18', '2020-02-20', '22', '0', NULL, '', 119, 3),
(1544, '19', '2020-02-21', '22', '0', NULL, '', 119, 3),
(1545, '20', '2020-02-22', '22', '0', NULL, '', 119, 3),
(1546, '21', '2020-02-24', '22', '0', NULL, '', 119, 3),
(1547, '22', '2020-02-25', '22', '0', NULL, '', 119, 3),
(1548, '23', '2020-02-26', '22', '0', NULL, '', 119, 3),
(1549, '24', '2020-02-27', '22', '0', NULL, '', 119, 3),
(1550, '25', '2020-02-28', '22', '0', NULL, '', 119, 3),
(1551, '1', '2020-01-31', '17.6', NULL, NULL, '1', 122, NULL),
(1552, '2', '2020-02-01', '17.6', NULL, NULL, '1', 122, NULL),
(1553, '3', '2020-02-03', '17.6', NULL, NULL, '', 122, NULL),
(1554, '4', '2020-02-04', '17.6', NULL, NULL, '', 122, NULL),
(1555, '5', '2020-02-05', '17.6', NULL, NULL, '', 122, NULL),
(1556, '6', '2020-02-06', '17.6', NULL, NULL, '', 122, NULL),
(1557, '7', '2020-02-07', '17.6', NULL, NULL, '', 122, NULL),
(1558, '8', '2020-02-08', '17.6', NULL, NULL, '', 122, NULL),
(1559, '9', '2020-02-10', '17.6', NULL, NULL, '', 122, NULL),
(1560, '10', '2020-02-11', '17.6', NULL, NULL, '', 122, NULL),
(1561, '11', '2020-02-12', '17.6', NULL, NULL, '', 122, NULL),
(1562, '12', '2020-02-13', '17.6', NULL, NULL, '', 122, NULL),
(1563, '13', '2020-02-14', '17.6', NULL, NULL, '', 122, NULL),
(1564, '14', '2020-02-15', '17.6', NULL, NULL, '', 122, NULL),
(1565, '15', '2020-02-17', '17.6', NULL, NULL, '', 122, NULL),
(1566, '16', '2020-02-18', '17.6', NULL, NULL, '', 122, NULL),
(1567, '17', '2020-02-19', '17.6', NULL, NULL, '', 122, NULL),
(1568, '18', '2020-02-20', '17.6', NULL, NULL, '', 122, NULL),
(1569, '19', '2020-02-21', '17.6', NULL, NULL, '', 122, NULL),
(1570, '20', '2020-02-22', '17.6', NULL, NULL, '', 122, NULL),
(1571, '21', '2020-02-24', '17.6', NULL, NULL, '', 122, NULL),
(1572, '22', '2020-02-25', '17.6', NULL, NULL, '', 122, NULL),
(1573, '23', '2020-02-26', '17.6', NULL, NULL, '', 122, NULL),
(1574, '24', '2020-02-27', '17.6', NULL, NULL, '', 122, NULL),
(1575, '25', '2020-02-28', '17.6', NULL, NULL, '', 122, NULL),
(1576, '1', '2020-02-06', '137.5', NULL, NULL, '', 121, NULL),
(1577, '2', '2020-02-13', '137.5', NULL, NULL, '', 121, NULL),
(1578, '3', '2020-02-20', '137.5', NULL, NULL, '', 121, NULL),
(1579, '4', '2020-02-27', '137.5', NULL, NULL, '', 121, NULL),
(1580, '1', '2020-02-01', '10', '10', '2020-02-01 23:03:13', '1', 124, 3),
(1581, '2', '2020-02-03', '10', '0', NULL, '', 124, 3),
(1582, '3', '2020-02-04', '10', '0', NULL, '', 124, 3),
(1583, '4', '2020-02-05', '10', '0', NULL, '', 124, 3),
(1584, '5', '2020-02-06', '10', '0', NULL, '', 124, 3),
(1585, '6', '2020-02-07', '10', '0', NULL, '', 124, 3),
(1586, '7', '2020-02-08', '10', '0', NULL, '', 124, 3),
(1587, '8', '2020-02-10', '10', '0', NULL, '', 124, 3),
(1588, '9', '2020-02-11', '10', '0', NULL, '', 124, 3),
(1589, '10', '2020-02-12', '10', '0', NULL, '', 124, 3),
(1590, '11', '2020-02-13', '10', '0', NULL, '', 124, 3),
(1591, '12', '2020-02-14', '10', '0', NULL, '', 124, 3),
(1592, '13', '2020-02-15', '10', '0', NULL, '', 124, 3),
(1593, '14', '2020-02-17', '10', '0', NULL, '', 124, 3),
(1594, '15', '2020-02-18', '10', '0', NULL, '', 124, 3),
(1595, '16', '2020-02-19', '10', '0', NULL, '', 124, 3),
(1596, '17', '2020-02-20', '10', '0', NULL, '', 124, 3),
(1597, '18', '2020-02-21', '10', '0', NULL, '', 124, 3),
(1598, '19', '2020-02-22', '10', '0', NULL, '', 124, 3),
(1599, '20', '2020-02-24', '10', '0', NULL, '', 124, 3),
(1600, '21', '2020-02-25', '10', '0', NULL, '', 124, 3),
(1601, '22', '2020-02-26', '10', '0', NULL, '', 124, 3),
(1602, '1', '2020-02-01', '13.2', '13.2', '2020-02-01 23:04:43', '1', 123, 3),
(1603, '2', '2020-02-03', '13.2', '0', NULL, '', 123, 3),
(1604, '3', '2020-02-04', '13.2', '0', NULL, '', 123, 3),
(1605, '4', '2020-02-05', '13.2', '0', NULL, '', 123, 3),
(1606, '5', '2020-02-06', '13.2', '0', NULL, '', 123, 3),
(1607, '6', '2020-02-07', '13.2', '0', NULL, '', 123, 3),
(1608, '7', '2020-02-08', '13.2', '0', NULL, '', 123, 3),
(1609, '8', '2020-02-10', '13.2', '0', NULL, '', 123, 3),
(1610, '9', '2020-02-11', '13.2', '0', NULL, '', 123, 3),
(1611, '10', '2020-02-12', '13.2', '0', NULL, '', 123, 3),
(1612, '11', '2020-02-13', '13.2', '0', NULL, '', 123, 3),
(1613, '12', '2020-02-14', '13.2', '0', NULL, '', 123, 3),
(1614, '13', '2020-02-15', '13.2', '0', NULL, '', 123, 3),
(1615, '14', '2020-02-17', '13.2', '0', NULL, '', 123, 3),
(1616, '15', '2020-02-18', '13.2', '0', NULL, '', 123, 3),
(1617, '16', '2020-02-19', '13.2', '0', NULL, '', 123, 3),
(1618, '17', '2020-02-20', '13.2', '0', NULL, '', 123, 3),
(1619, '18', '2020-02-21', '13.2', '0', NULL, '', 123, 3),
(1620, '19', '2020-02-22', '13.2', '0', NULL, '', 123, 3),
(1621, '20', '2020-02-24', '13.2', '0', NULL, '', 123, 3),
(1622, '21', '2020-02-25', '13.2', '0', NULL, '', 123, 3),
(1623, '22', '2020-02-26', '13.2', '0', NULL, '', 123, 3),
(1624, '23', '2020-02-27', '13.2', '0', NULL, '', 123, 3),
(1625, '24', '2020-02-28', '13.2', '0', NULL, '', 123, 3),
(1626, '25', '2020-02-29', '13.2', '0', NULL, '', 123, 3);

-- --------------------------------------------------------

--
-- Estructura de tabla para la tabla `solicitudes`
--

CREATE TABLE `solicitudes` (
  `idsolicitud` int(11) NOT NULL,
  `fecha_reg` datetime NOT NULL,
  `fecha_mod` datetime DEFAULT NULL,
  `fecha_pre` datetime DEFAULT NULL,
  `negocio_des` text COLLATE utf8_spanish_ci DEFAULT NULL,
  `creditos_idcredito` int(11) NOT NULL,
  `usuarios_idusuario` int(11) NOT NULL
) ENGINE=InnoDB DEFAULT CHARSET=utf8 COLLATE=utf8_spanish_ci;

--
-- Volcado de datos para la tabla `solicitudes`
--

INSERT INTO `solicitudes` (`idsolicitud`, `fecha_reg`, `fecha_mod`, `fecha_pre`, `negocio_des`, `creditos_idcredito`, `usuarios_idusuario`) VALUES
(30, '2019-12-19 12:51:36', NULL, '2019-12-20 17:22:11', NULL, 30, 4),
(31, '2019-12-19 18:24:50', NULL, '2019-12-19 18:24:57', NULL, 31, 6),
(33, '2019-12-19 18:31:17', NULL, '2019-12-19 18:32:21', NULL, 33, 8),
(34, '2019-12-19 18:33:08', NULL, '2019-12-19 18:33:12', NULL, 34, 6),
(35, '2019-12-20 17:27:38', NULL, '2019-12-20 17:27:47', NULL, 35, 6),
(36, '2019-12-21 09:37:28', NULL, '2019-12-21 09:37:31', NULL, 36, 4),
(37, '2019-12-23 09:06:39', NULL, '2019-12-23 09:06:45', NULL, 37, 4),
(38, '2019-12-23 09:15:36', NULL, '2019-12-23 09:15:44', NULL, 38, 6),
(39, '2019-12-23 14:20:57', NULL, '2019-12-23 18:04:40', NULL, 39, 8),
(40, '2019-12-23 18:43:27', NULL, '2019-12-23 18:43:31', NULL, 40, 6),
(41, '2019-12-23 18:44:00', NULL, '2019-12-23 18:44:05', NULL, 41, 8),
(42, '2019-12-24 13:15:32', NULL, '2019-12-24 13:16:28', NULL, 42, 6),
(43, '2019-12-27 15:25:00', NULL, '2019-12-27 18:06:54', NULL, 43, 4),
(44, '2019-12-27 19:20:12', NULL, '2019-12-27 19:20:19', NULL, 44, 6),
(45, '2019-12-30 09:06:18', NULL, '2019-12-30 09:06:23', NULL, 45, 6),
(47, '2019-12-30 10:22:33', NULL, '2019-12-30 10:22:37', NULL, 47, 4),
(48, '2019-12-30 18:57:42', NULL, '2019-12-30 18:57:45', NULL, 48, 4),
(49, '2019-12-31 09:02:52', NULL, '2019-12-31 09:51:11', NULL, 49, 4),
(50, '2019-12-31 09:28:08', NULL, '2019-12-31 09:28:13', NULL, 50, 6),
(51, '2020-01-02 19:05:30', NULL, '2020-01-02 19:05:36', NULL, 51, 6),
(52, '2020-01-02 19:08:22', NULL, '2020-01-03 10:12:51', NULL, 52, 6),
(55, '2020-01-04 13:27:12', NULL, '2020-01-06 15:56:24', NULL, 55, 6),
(57, '2020-01-06 10:39:48', NULL, '2020-01-06 10:41:19', NULL, 57, 4),
(58, '2020-01-06 16:14:05', NULL, '2020-01-06 16:14:09', NULL, 58, 4),
(59, '2020-01-07 09:29:32', NULL, '2020-01-07 09:29:36', NULL, 59, 6),
(60, '2020-01-07 10:05:41', NULL, '2020-01-07 10:05:46', NULL, 60, 4),
(61, '2020-01-08 09:19:35', NULL, '2020-01-08 09:19:52', NULL, 61, 6),
(62, '2020-01-08 09:56:58', NULL, '2020-01-08 09:57:07', NULL, 62, 6),
(65, '2020-01-08 12:39:24', NULL, '2020-01-08 12:39:34', NULL, 65, 4),
(66, '2020-01-08 18:34:20', NULL, '2020-01-08 18:34:46', NULL, 66, 6),
(67, '2020-01-09 09:20:05', NULL, '2020-01-09 09:20:12', NULL, 67, 4),
(68, '2020-01-09 10:19:36', NULL, '2020-01-09 10:19:42', NULL, 68, 6),
(69, '2020-01-09 18:57:05', NULL, '2020-01-10 17:43:08', NULL, 69, 4),
(70, '2020-01-10 09:26:42', NULL, '2020-01-10 09:26:48', NULL, 70, 6),
(71, '2020-01-10 17:42:44', NULL, '2020-01-10 17:42:55', NULL, 71, 4),
(72, '2020-01-10 18:37:22', NULL, '2020-01-10 18:37:33', NULL, 72, 4),
(73, '2020-01-11 09:11:51', NULL, '2020-01-11 09:11:57', NULL, 73, 6),
(74, '2020-01-13 10:21:35', NULL, '2020-01-13 10:21:40', NULL, 74, 6),
(75, '2020-01-13 15:30:42', NULL, '2020-01-13 15:30:47', NULL, 75, 6),
(76, '2020-01-14 09:01:17', NULL, '2020-01-14 09:01:21', NULL, 76, 6),
(77, '2020-01-14 09:02:12', NULL, '2020-01-14 09:02:16', NULL, 77, 6),
(78, '2020-01-14 09:04:58', NULL, '2020-01-14 09:05:01', NULL, 78, 4),
(79, '2020-01-14 09:31:36', NULL, '2020-01-14 09:31:40', NULL, 79, 4),
(80, '2020-01-14 09:55:55', NULL, '2020-01-14 09:55:58', NULL, 80, 4),
(81, '2020-01-15 08:57:34', NULL, '2020-01-15 08:57:41', NULL, 81, 4),
(82, '2020-01-15 09:00:45', NULL, '2020-01-15 09:00:53', NULL, 82, 4),
(84, '2020-01-16 09:03:02', NULL, '2020-01-16 09:03:21', NULL, 84, 6),
(85, '2020-01-16 09:44:17', NULL, '2020-01-16 09:44:27', NULL, 85, 4),
(86, '2020-01-17 09:25:27', NULL, '2020-01-17 09:25:32', NULL, 86, 6),
(87, '2020-01-17 09:34:16', NULL, '2020-01-17 09:34:20', NULL, 87, 4),
(88, '2020-01-17 16:31:45', NULL, '2020-01-17 17:50:34', NULL, 88, 4),
(89, '2020-01-18 09:47:15', NULL, '2020-01-18 09:47:19', NULL, 89, 4),
(90, '2020-01-20 09:08:53', NULL, '2020-01-20 09:08:57', NULL, 90, 6),
(91, '2020-01-20 09:34:28', NULL, '2020-01-20 09:34:31', NULL, 91, 4),
(92, '2020-01-20 18:26:10', NULL, '2020-01-20 18:26:14', NULL, 92, 4),
(93, '2020-01-20 18:29:28', NULL, '2020-01-20 18:42:10', NULL, 93, 4),
(94, '2020-01-20 18:43:23', NULL, '2020-01-20 18:43:27', NULL, 94, 4),
(95, '2020-01-21 09:08:29', NULL, '2020-01-21 09:08:41', NULL, 95, 4),
(96, '2020-01-21 09:09:50', NULL, '2020-01-21 09:59:42', NULL, 96, 4),
(97, '2020-01-21 09:13:45', NULL, '2020-01-21 09:13:57', NULL, 97, 6),
(98, '2020-01-21 09:16:04', NULL, '2020-01-21 09:16:42', NULL, 98, 6),
(99, '2020-01-21 09:57:55', NULL, '2020-01-21 09:57:59', NULL, 99, 6),
(100, '2020-01-21 09:58:31', NULL, '2020-01-21 09:58:36', NULL, 100, 6),
(101, '2020-01-21 09:59:34', NULL, '2020-01-21 09:59:38', NULL, 101, 4),
(102, '2020-01-21 10:00:07', NULL, '2020-01-21 10:00:10', NULL, 102, 4),
(103, '2020-01-22 09:08:31', NULL, '2020-01-22 09:08:38', NULL, 103, 6),
(104, '2020-01-22 09:23:04', NULL, '2020-01-22 09:23:08', NULL, 104, 6),
(105, '2020-01-22 09:40:03', NULL, '2020-01-22 09:40:07', NULL, 105, 4),
(106, '2020-01-22 11:16:17', NULL, '2020-01-22 11:20:42', NULL, 106, 6),
(107, '2020-01-23 09:35:33', NULL, '2020-01-23 09:35:37', NULL, 107, 4),
(108, '2020-01-23 09:36:25', NULL, '2020-01-23 09:36:29', NULL, 108, 4),
(109, '2020-01-23 10:30:43', NULL, '2020-01-23 10:30:53', NULL, 109, 6),
(110, '2020-01-24 10:12:31', NULL, '2020-01-24 10:15:47', '', 110, 6),
(111, '2020-01-24 18:24:07', NULL, '2020-01-24 18:24:14', '', 111, 6),
(112, '2020-01-25 09:21:07', NULL, '2020-01-25 09:21:42', '', 112, 6),
(113, '2020-01-25 10:53:13', NULL, '2020-01-25 10:53:33', '', 113, 4),
(114, '2020-01-27 16:50:25', '2020-01-27 16:57:11', '2020-01-27 16:57:15', '', 114, 4),
(115, '2020-01-28 10:36:08', NULL, '2020-01-28 10:36:15', '', 115, 6),
(116, '2020-01-29 09:16:35', NULL, '2020-01-29 09:16:39', '', 116, 4),
(117, '2020-01-29 10:29:26', NULL, '2020-01-29 10:29:53', '', 117, 6),
(119, '2020-01-30 09:29:40', NULL, '2020-01-30 09:32:23', '', 119, 6),
(120, '2020-01-30 09:41:01', NULL, '2020-01-30 09:41:05', '', 120, 6),
(121, '2020-01-30 16:55:57', NULL, '2020-01-30 16:56:02', '', 121, 4),
(122, '2020-01-30 17:01:40', NULL, '2020-01-30 17:01:43', '', 122, 4),
(123, '2020-01-30 19:35:43', NULL, '2020-01-30 19:35:50', '', 123, 6),
(124, '2020-01-30 19:40:16', NULL, '2020-01-30 19:40:46', '', 124, 6),
(126, '2020-01-30 19:50:31', NULL, '2020-01-30 19:50:34', '', 126, 4),
(127, '2020-02-01 09:24:57', NULL, '2020-02-01 09:25:07', '', 127, 4);

-- --------------------------------------------------------

--
-- Estructura de tabla para la tabla `transferencias`
--

CREATE TABLE `transferencias` (
  `idtransferencia` int(11) NOT NULL,
  `tipo` varchar(45) COLLATE utf8_spanish_ci NOT NULL,
  `monto` varchar(45) COLLATE utf8_spanish_ci NOT NULL,
  `concepto` varchar(60) COLLATE utf8_spanish_ci NOT NULL,
  `fecha_mov` datetime NOT NULL,
  `autoriza` varchar(45) COLLATE utf8_spanish_ci DEFAULT NULL,
  `detalle` text COLLATE utf8_spanish_ci DEFAULT NULL,
  `usuarios_idusuario` int(11) NOT NULL,
  `cajas_idcaja` int(11) NOT NULL,
  `cajas_idcaja1` int(11) NOT NULL,
  `usuarios_idusuario1` int(11) NOT NULL
) ENGINE=InnoDB DEFAULT CHARSET=utf8 COLLATE=utf8_spanish_ci;

--
-- Volcado de datos para la tabla `transferencias`
--

INSERT INTO `transferencias` (`idtransferencia`, `tipo`, `monto`, `concepto`, `fecha_mov`, `autoriza`, `detalle`, `usuarios_idusuario`, `cajas_idcaja`, `cajas_idcaja1`, `usuarios_idusuario1`) VALUES
(7, 'TRANSFERENCIA', '2262.5', 'CIERRE DE CAJA', '2019-12-31 15:27:55', 'administrador', NULL, 3, 13, 12, 0),
(8, 'TRANSFERENCIA', '1500', 'Desembolsos del dia', '2020-01-03 09:33:27', 'Jackeline estrada', NULL, 2, 12, 13, 0),
(9, 'TRANSFERENCIA', '1000', 'Para desembolsos del dia', '2020-01-06 15:59:51', 'Jackeline estrada', NULL, 2, 12, 13, 0),
(10, 'TRANSFERENCIA', '200', 'Para desembolsos del dia', '2020-01-09 10:05:00', 'Jackeline estrada', NULL, 2, 12, 13, 0),
(11, 'TRANSFERENCIA', '1000', 'Desembolsos del dia', '2020-01-10 17:47:12', 'Jackeline estrada', NULL, 7, 12, 13, 0);

-- --------------------------------------------------------

--
-- Estructura de tabla para la tabla `usuarios`
--

CREATE TABLE `usuarios` (
  `idusuario` int(11) NOT NULL,
  `privilegios` varchar(45) COLLATE utf8_spanish_ci NOT NULL,
  `apellido_pat` varchar(55) COLLATE utf8_spanish_ci NOT NULL,
  `apellido_mat` varchar(45) COLLATE utf8_spanish_ci NOT NULL,
  `nombre` varchar(55) COLLATE utf8_spanish_ci NOT NULL,
  `doc_nro` varchar(45) COLLATE utf8_spanish_ci NOT NULL,
  `usuario` varchar(45) COLLATE utf8_spanish_ci NOT NULL,
  `pass` varchar(45) COLLATE utf8_spanish_ci NOT NULL,
  `nacimiento` date DEFAULT NULL,
  `grado` varchar(45) COLLATE utf8_spanish_ci DEFAULT NULL,
  `estado_civil` varchar(45) COLLATE utf8_spanish_ci DEFAULT NULL,
  `lugar_nacimiento` varchar(45) COLLATE utf8_spanish_ci DEFAULT NULL,
  `comentarios` text COLLATE utf8_spanish_ci DEFAULT NULL,
  `telefono` varchar(45) COLLATE utf8_spanish_ci NOT NULL,
  `direccion` varchar(55) COLLATE utf8_spanish_ci NOT NULL,
  `referencia` varchar(55) COLLATE utf8_spanish_ci DEFAULT NULL,
  `distrito` varchar(45) COLLATE utf8_spanish_ci NOT NULL,
  `provincia` varchar(45) COLLATE utf8_spanish_ci NOT NULL,
  `correo` varchar(55) COLLATE utf8_spanish_ci DEFAULT NULL,
  `url_foto` varchar(55) COLLATE utf8_spanish_ci DEFAULT NULL,
  `habilitado` varchar(5) COLLATE utf8_spanish_ci NOT NULL
) ENGINE=InnoDB DEFAULT CHARSET=utf8 COLLATE=utf8_spanish_ci;

--
-- Volcado de datos para la tabla `usuarios`
--

INSERT INTO `usuarios` (`idusuario`, `privilegios`, `apellido_pat`, `apellido_mat`, `nombre`, `doc_nro`, `usuario`, `pass`, `nacimiento`, `grado`, `estado_civil`, `lugar_nacimiento`, `comentarios`, `telefono`, `direccion`, `referencia`, `distrito`, `provincia`, `correo`, `url_foto`, `habilitado`) VALUES
(1, 'ROOT', 'LOARDO', 'NUÑEZ', 'ORLANDO', '20115680', 'root', 'ADMIN123', '2019-11-02', 'UNIVERSITARIA', 'SOLTERO', 'OTROS', '-', '-', '-', '-', '-', '-', 'root@gmail.com', NULL, 'SI'),
(2, 'ADMINISTRADOR', 'ESTRADA', 'ROJAS', 'JACKELINE IVONNE', '73222381', 'JESTRADA@ADMINISTRADOR', 'JOSEGAEL', '1994-05-15', 'BACHILLER', 'SOLTERO', 'TARMA', '', '923321711', 'AV. RAMON CASTILLA N°306', '', 'CONCEPCION', 'CONCEPCION', 'admin@gmail.com', NULL, 'NO'),
(3, 'CAJA', 'GRANADOS', 'FERNANDEZ', 'LUIS ALFREDO', '74892786', 'LGRANADOS@CAJA', '74892786', '1997-07-19', 'UNIVERSITARIA', 'SOLTERO', 'HUANCAYO', '', '986570509', 'JR. YAUYOS N° 259', '', 'EL TAMBO', 'HUANCAYO', 'CAJA@gmail.com', NULL, 'SI'),
(4, 'ASESOR', 'HINOSTROZA', 'RODRIGUEZ', 'ELIANA LIZ', '47174763', 'EHINOSTROZA@ASESOR', '47174763', '1992-01-12', 'UNIVERSITARIA', 'SOLTERO', 'HUANCAYO', '', '933341599', 'AV. MARISCAL CASTILLA N° 1051', '', 'EL TAMBO', 'HUANCAYO', 'ASESOR@gmail.com', NULL, 'SI'),
(6, 'ASESOR', 'GOMEZ', 'MORENO', 'KEVIN STEVE', '77269413', 'KGOMEZ@ASESOR', '77269413', '1995-12-02', 'UNIVERSITARIA', 'SOLTERO', 'HUANCAYO', '', '914894331', 'JR. B LEGUIA N° 630', '', 'CHILCA', 'HUANCAYO', 'ASESOR@gmail.com', NULL, 'SI'),
(7, 'CAJA', 'ESTRADA', 'ROJAS', 'JACKELINE IVONNE', '73222381', 'JESTRADA@CAJA', 'JOSEGAEL', '1994-05-15', 'BACHILLER', 'SOLTERO', 'HUANCAYO', '', '923321711', 'AV. RAMON CASTILLA N° 306', 'CONCEPCION', 'CONCEPCION', 'CONCEPCION', '', NULL, 'NO'),
(8, 'ASESOR', 'GRANADOS', 'FERNANDEZ', 'LUIS', '74892786', 'LGRANADOS@ASESOR', '74892786', '0000-00-00', 'SUPERIOR', 'SOLTERO', 'HUANCAYO', '', '916570509', 'JR. PARRA DE RIEGO N°581', '', 'EL TAMBO', 'HUANCAYO', '', NULL, 'NO'),
(12, 'CAJA', 'MISARI', 'CARDENAS', 'KATHERINA', '75671357', 'KMISARI@CAJA3', '75671357', '1995-07-22', 'SUPERIOR', 'CASADO', 'LIMA', '', '964922736', 'RIVAHUERO', 'CHILCA', 'CHILCA', 'HUANCAYO', '', NULL, 'NO'),
(13, 'ADMINISTRADOR', 'ARAUJO', 'SANTOS', 'Carlos', '40625365', 'Carlosaraujo', '123456', '1980-07-05', 'TECNICA', 'SOLTERO', 'Huancayo', 'Socio', '975233122', 'Jr. Alejandro O. Deustua 943', 'Politecnico', 'El Tambo', 'Huancayo', 'Innovegroup@hotmail.com', NULL, 'SI');

-- --------------------------------------------------------

--
-- Estructura de tabla para la tabla `voucher_pago`
--

CREATE TABLE `voucher_pago` (
  `idvoucher` int(11) NOT NULL,
  `monto_pago` varchar(45) COLLATE utf8_spanish_ci NOT NULL,
  `fecha_pago` datetime NOT NULL,
  `creditos_idcredito` int(11) NOT NULL,
  `usuarios_idusuario` int(11) NOT NULL
) ENGINE=InnoDB DEFAULT CHARSET=utf8 COLLATE=utf8_spanish_ci;

--
-- Volcado de datos para la tabla `voucher_pago`
--

INSERT INTO `voucher_pago` (`idvoucher`, `monto_pago`, `fecha_pago`, `creditos_idcredito`, `usuarios_idusuario`) VALUES
(11, '61.6', '2019-12-24 11:02:06', 30, 7),
(12, '44', '2019-12-24 11:03:13', 31, 7),
(13, '22', '2019-12-24 11:04:10', 36, 7),
(14, '330', '2019-12-24 11:04:42', 37, 7),
(15, '22', '2019-12-27 09:22:06', 36, 7),
(16, '150', '2019-12-27 19:19:20', 34, 7),
(17, '30.8', '2019-12-27 19:20:24', 30, 7),
(18, '44', '2019-12-27 19:22:15', 31, 7),
(19, '45', '2019-12-27 19:25:07', 36, 7),
(20, '39.6', '2019-12-28 11:03:59', 38, 7),
(21, '22', '2019-12-28 12:46:56', 43, 7),
(22, '22', '2019-12-28 12:54:25', 31, 7),
(23, '192.5', '2019-12-31 09:56:12', 39, 7),
(24, '42', '2019-12-31 09:57:46', 44, 7),
(25, '30.8', '2019-12-31 09:59:39', 30, 7),
(26, '44', '2019-12-31 10:00:09', 36, 7),
(27, '22', '2019-12-31 10:00:57', 31, 7),
(28, '48', '2019-12-31 10:01:49', 41, 7),
(29, '6', '2019-12-31 10:02:42', 30, 7),
(30, '30.80', '2019-12-31 12:52:36', 30, 7),
(31, '23', '2019-12-31 12:54:13', 31, 7),
(32, '6', '2019-12-31 12:54:42', 31, 7),
(33, '4', '2019-12-31 12:57:10', 34, 7),
(34, '5', '2019-12-31 12:58:47', 36, 7),
(35, '3', '2019-12-31 13:00:12', 38, 7),
(36, '13.2', '2019-12-31 13:01:21', 45, 7),
(37, '45', '2019-12-31 13:04:16', 43, 7),
(38, '4', '2019-12-31 13:04:57', 41, 7),
(39, '1', '2019-12-31 17:24:16', 39, 7),
(40, '21', '2019-12-31 17:42:03', 44, 7),
(41, '1', '2019-12-31 17:42:28', 44, 7),
(42, '22', '2020-01-02 16:23:47', 43, 3),
(43, '21', '2020-01-02 19:03:55', 44, 3),
(44, '45', '2020-01-02 19:04:33', 36, 3),
(45, '13.2', '2020-01-02 19:10:31', 45, 3),
(46, '22', '2020-01-02 19:12:32', 31, 3),
(47, '141', '2020-01-03 09:44:49', 50, 7),
(48, '22', '2020-01-03 21:46:02', 31, 3),
(49, '22', '2020-01-03 21:46:49', 36, 3),
(50, '52.8', '2020-01-03 21:47:42', 38, 3),
(51, '13.2', '2020-01-03 21:51:03', 50, 3),
(52, '30.8', '2020-01-04 23:12:10', 30, 3),
(53, '22', '2020-01-04 23:13:41', 31, 3),
(54, '230', '2020-01-04 23:15:49', 42, 3),
(55, '41', '2020-01-04 23:17:48', 44, 3),
(56, '13.2', '2020-01-04 23:18:49', 45, 3),
(57, '131.3', '2020-01-04 23:20:50', 48, 3),
(58, '17.6', '2020-01-04 23:23:11', 51, 3),
(59, '20', '2020-01-04 23:24:40', 52, 3),
(60, '20', '2020-01-08 23:49:10', 57, 3),
(61, '165', '2020-01-08 23:50:06', 49, 3),
(62, '90', '2020-01-08 23:52:53', 36, 3),
(63, '26.4', '2020-01-08 23:54:30', 45, 3),
(64, '44', '2020-01-08 23:55:10', 31, 3),
(65, '26.4', '2020-01-08 23:57:28', 55, 3),
(66, '26.4', '2020-01-09 00:00:12', 50, 3),
(67, '35.2', '2020-01-09 00:01:52', 51, 3),
(68, '42', '2020-01-09 00:03:30', 44, 3),
(69, '40', '2020-01-09 00:04:53', 52, 3),
(70, '37.2', '2020-01-09 00:06:37', 58, 3),
(71, '45', '2020-01-09 00:07:13', 43, 3),
(72, '22', '2020-01-09 00:08:19', 60, 3),
(73, '10', '2020-01-09 00:08:52', 33, 3),
(74, '92.4', '2020-01-09 00:09:30', 30, 3),
(75, '15', '2020-01-09 00:10:58', 59, 3),
(76, '34.5', '2020-01-09 23:48:29', 41, 3),
(77, '43', '2020-01-09 23:49:11', 44, 3),
(78, '13.2', '2020-01-09 23:50:52', 65, 3),
(79, '22', '2020-01-09 23:51:21', 60, 3),
(80, '33.6', '2020-01-09 23:51:56', 58, 3),
(81, '30.8', '2020-01-09 23:52:37', 30, 3),
(82, '22', '2020-01-09 23:53:18', 36, 3),
(83, '22', '2020-01-09 23:54:06', 31, 3),
(84, '15', '2020-01-09 23:55:11', 59, 3),
(85, '17.6', '2020-01-09 23:56:02', 51, 3),
(86, '20', '2020-01-09 23:56:47', 52, 3),
(87, '13.2', '2020-01-09 23:57:42', 55, 3),
(88, '13.2', '2020-01-09 23:58:57', 62, 3),
(89, '13.2', '2020-01-09 23:59:55', 50, 3),
(90, '13.2', '2020-01-10 00:00:40', 45, 3),
(91, '213', '2020-01-10 00:01:34', 40, 3),
(92, '15', '2020-01-10 23:45:41', 62, 3),
(93, '20', '2020-01-10 23:46:23', 57, 3),
(94, '30.8', '2020-01-10 23:47:19', 30, 3),
(95, '13.2', '2020-01-10 23:48:05', 65, 3),
(96, '22', '2020-01-10 23:48:43', 60, 3),
(97, '33.6', '2020-01-10 23:49:15', 58, 3),
(98, '13.2', '2020-01-10 23:50:06', 45, 3),
(99, '110', '2020-01-10 23:50:42', 31, 3),
(100, '15', '2020-01-10 23:51:20', 59, 3),
(101, '13.2', '2020-01-10 23:51:56', 50, 3),
(102, '22', '2020-01-10 23:52:31', 66, 3),
(103, '17.6', '2020-01-10 23:53:03', 51, 3),
(104, '10', '2020-01-10 23:53:48', 68, 3),
(105, '52.8', '2020-01-10 23:55:09', 38, 3),
(106, '285', '2020-01-11 20:56:11', 39, 3),
(107, '163', '2020-01-11 20:57:16', 31, 3),
(108, '46', '2020-01-11 20:58:36', 43, 3),
(109, '13.2', '2020-01-11 20:59:11', 45, 3),
(110, '65.70', '2020-01-11 20:59:51', 48, 3),
(111, '13.2', '2020-01-11 23:55:11', 72, 3),
(112, '10', '2020-01-11 23:55:45', 65, 3),
(113, '26.4', '2020-01-11 23:56:20', 67, 3),
(114, '151', '2020-01-11 23:57:05', 34, 3),
(115, '13.2', '2020-01-11 23:57:32', 55, 3),
(116, '22', '2020-01-11 23:58:05', 70, 3),
(117, '13.2', '2020-01-11 23:58:34', 50, 3),
(118, '20', '2020-01-11 23:59:07', 52, 3),
(119, '17.6', '2020-01-11 23:59:39', 51, 3),
(120, '26.4', '2020-01-12 00:00:11', 38, 3),
(121, '15', '2020-01-12 00:00:45', 62, 3),
(122, '15', '2020-01-12 00:01:15', 59, 3),
(123, '22', '2020-01-12 00:01:43', 66, 3),
(124, '176', '2020-01-13 16:47:19', 36, 3),
(125, '20', '2020-01-13 16:48:04', 57, 3),
(126, '30', '2020-01-13 17:16:58', 69, 3),
(127, '27.40', '2020-01-13 17:19:45', 38, 3),
(128, '13.2', '2020-01-13 18:00:32', 38, 3),
(129, '17', '2020-01-13 22:04:02', 69, 3),
(130, '13.2', '2020-01-13 22:04:36', 72, 3),
(131, '22', '2020-01-13 22:05:05', 60, 3),
(132, '33.6', '2020-01-13 22:05:42', 58, 3),
(133, '30.8', '2020-01-13 22:06:10', 30, 3),
(134, '30.8', '2020-01-13 22:06:42', 73, 3),
(135, '20', '2020-01-13 22:07:26', 52, 3),
(136, '15', '2020-01-13 22:08:14', 62, 3),
(137, '22', '2020-01-13 22:08:45', 70, 3),
(138, '22', '2020-01-13 22:08:45', 70, 3),
(139, '15', '2020-01-13 22:09:24', 59, 3),
(140, '17.6', '2020-01-13 22:10:10', 51, 3),
(141, '22', '2020-01-13 22:10:44', 66, 3),
(142, '13.2', '2020-01-13 22:11:11', 55, 3),
(143, '13.2', '2020-01-13 22:11:44', 45, 3),
(144, '57.50', '2020-01-14 23:35:39', 41, 3),
(145, '67', '2020-01-14 23:36:53', 36, 3),
(146, '275', '2020-01-14 23:38:13', 47, 3),
(147, '33.6', '2020-01-14 23:38:44', 58, 3),
(148, '30.8', '2020-01-14 23:39:12', 30, 3),
(149, '26.4', '2020-01-14 23:39:56', 67, 3),
(150, '15', '2020-01-14 23:40:27', 65, 3),
(151, '13.2', '2020-01-14 23:41:01', 72, 3),
(152, '88', '2020-01-14 23:41:29', 43, 3),
(153, '34', '2020-01-14 23:42:08', 69, 3),
(154, '330', '2020-01-14 23:42:53', 49, 3),
(155, '22', '2020-01-14 23:43:26', 60, 3),
(156, '55', '2020-01-14 23:43:52', 44, 3),
(157, '39.6', '2020-01-14 23:44:25', 38, 3),
(158, '22', '2020-01-14 23:44:58', 66, 3),
(159, '30.8', '2020-01-14 23:45:32', 73, 3),
(160, '20', '2020-01-14 23:46:19', 52, 3),
(161, '22', '2020-01-14 23:47:05', 70, 3),
(162, '15', '2020-01-14 23:48:48', 62, 3),
(163, '15', '2020-01-14 23:49:24', 59, 3),
(164, '17.6', '2020-01-14 23:49:52', 51, 3),
(165, '20', '2020-01-14 23:50:23', 75, 3),
(166, '13.2', '2020-01-14 23:50:53', 55, 3),
(167, '13.2', '2020-01-14 23:51:28', 45, 3),
(168, '50', '2020-01-14 23:51:53', 68, 3),
(169, '192.5', '2020-01-15 23:15:14', 39, 3),
(170, '38.40', '2020-01-15 23:16:34', 82, 3),
(171, '165', '2020-01-15 23:17:19', 49, 3),
(172, '26.4', '2020-01-15 23:17:56', 38, 3),
(173, '20', '2020-01-15 23:18:36', 57, 3),
(174, '10', '2020-01-15 23:19:42', 33, 3),
(175, '26.4', '2020-01-15 23:20:05', 67, 3),
(176, '22', '2020-01-15 23:20:38', 60, 3),
(177, '26.4', '2020-01-15 23:21:31', 80, 3),
(178, '13', '2020-01-15 23:22:00', 72, 3),
(179, '30.8', '2020-01-15 23:23:06', 30, 3),
(180, '30.8', '2020-01-15 23:24:29', 73, 3),
(181, '13.2', '2020-01-15 23:24:57', 45, 3),
(182, '13.2', '2020-01-15 23:25:35', 55, 3),
(183, '15', '2020-01-15 23:26:27', 59, 3),
(184, '15', '2020-01-15 23:27:14', 62, 3),
(185, '22', '2020-01-15 23:27:40', 66, 3),
(186, '17.6', '2020-01-15 23:28:16', 51, 3),
(187, '17.6', '2020-01-15 23:29:38', 76, 3),
(188, '10', '2020-01-15 23:30:54', 68, 3),
(189, '22', '2020-01-16 23:08:43', 60, 3),
(190, '13.2', '2020-01-16 23:09:09', 80, 3),
(191, '10', '2020-01-16 23:09:30', 33, 3),
(192, '17.6', '2020-01-16 23:10:04', 69, 3),
(193, '26.4', '2020-01-16 23:10:50', 67, 3),
(194, '242', '2020-01-16 23:11:28', 43, 3),
(195, '165', '2020-01-16 23:13:20', 84, 3),
(196, '13.2', '2020-01-16 23:13:53', 45, 3),
(197, '26.4', '2020-01-16 23:14:24', 77, 3),
(198, '105', '2020-01-16 23:14:51', 40, 3),
(199, '44', '2020-01-16 23:15:20', 70, 3),
(200, '15', '2020-01-16 23:15:47', 59, 3),
(201, '15', '2020-01-16 23:16:11', 62, 3),
(202, '22', '2020-01-16 23:16:35', 66, 3),
(203, '20', '2020-01-16 23:17:05', 75, 3),
(204, '20', '2020-01-16 23:17:34', 52, 3),
(205, '17.6', '2020-01-16 23:18:20', 51, 3),
(206, '30.8', '2020-01-16 23:18:56', 73, 3),
(207, '13.2', '2020-01-17 22:36:07', 77, 3),
(208, '13.2', '2020-01-17 22:36:59', 85, 3),
(209, '30.8', '2020-01-17 22:37:22', 30, 3),
(210, '67.2', '2020-01-17 22:37:49', 58, 3),
(211, '26.6', '2020-01-17 22:38:17', 72, 3),
(212, '26.4', '2020-01-17 22:38:45', 67, 3),
(213, '13.2', '2020-01-17 22:39:15', 80, 3),
(214, '10', '2020-01-17 22:39:43', 33, 3),
(215, '22', '2020-01-17 22:40:03', 60, 3),
(216, '52.8', '2020-01-17 22:40:49', 38, 3),
(217, '13.2', '2020-01-17 22:41:41', 45, 3),
(218, '26.4', '2020-01-17 22:42:08', 55, 3),
(219, '194.5', '2020-01-17 22:42:47', 61, 3),
(220, '20', '2020-01-17 22:43:17', 52, 3),
(221, '20', '2020-01-17 22:43:41', 75, 3),
(222, '35.2', '2020-01-17 22:44:21', 76, 3),
(223, '22', '2020-01-17 22:45:07', 70, 3),
(224, '15', '2020-01-17 22:45:39', 62, 3),
(225, '17.6', '2020-01-17 22:46:34', 51, 3),
(226, '22', '2020-01-17 22:47:00', 66, 3),
(227, '30.8', '2020-01-17 22:47:37', 73, 3),
(228, '15', '2020-01-17 22:48:12', 59, 3),
(229, '19.2', '2020-01-18 22:07:01', 82, 3),
(230, '131.3', '2020-01-18 22:07:49', 48, 3),
(231, '13.2', '2020-01-18 22:08:23', 85, 3),
(232, '30.8', '2020-01-18 22:09:33', 30, 3),
(233, '26.4', '2020-01-18 22:10:03', 67, 3),
(234, '34', '2020-01-18 22:11:00', 69, 3),
(235, '20', '2020-01-18 22:11:29', 75, 3),
(236, '20', '2020-01-18 22:12:00', 68, 3),
(237, '20', '2020-01-18 22:12:27', 52, 3),
(238, '15', '2020-01-18 22:13:07', 59, 3),
(239, '17.6', '2020-01-18 22:13:52', 51, 3),
(240, '22', '2020-01-18 22:14:18', 66, 3),
(241, '30.8', '2020-01-18 22:16:29', 73, 3),
(242, '15', '2020-01-18 22:16:57', 62, 3),
(243, '13.2', '2020-01-18 22:17:32', 45, 3),
(244, '63', '2020-01-21 04:52:23', 44, 3),
(245, '13.2', '2020-01-21 04:53:27', 85, 3),
(246, '30', '2020-01-21 04:54:39', 57, 3),
(247, '90', '2020-01-21 04:55:08', 71, 3),
(248, '45', '2020-01-21 04:58:00', 88, 3),
(249, '22', '2020-01-21 04:59:28', 91, 3),
(250, '137.5', '2020-01-21 05:00:18', 47, 3),
(251, '246.40', '2020-01-21 05:01:15', 30, 3),
(252, '26.4', '2020-01-21 05:03:08', 67, 3),
(253, '22', '2020-01-21 05:03:55', 60, 3),
(254, '33.6', '2020-01-21 05:04:47', 58, 3),
(255, '10', '2020-01-21 05:05:38', 33, 3),
(256, '26', '2020-01-21 05:06:09', 72, 3),
(257, '26.40', '2020-01-21 05:07:42', 80, 3),
(258, '79.20', '2020-01-21 05:09:01', 50, 3),
(259, '22', '2020-01-21 05:09:38', 66, 3),
(260, '45', '2020-01-21 05:10:12', 70, 3),
(261, '20', '2020-01-21 05:11:18', 52, 3),
(262, '15', '2020-01-21 05:11:46', 59, 3),
(263, '17.6', '2020-01-21 05:12:36', 51, 3),
(264, '35.2', '2020-01-21 05:13:02', 76, 3),
(265, '15', '2020-01-21 05:13:28', 62, 3),
(266, '13.2', '2020-01-21 23:20:46', 85, 3),
(267, '53.8', '2020-01-21 23:21:49', 89, 3),
(268, '100', '2020-01-21 23:24:01', 39, 3),
(269, '57.6', '2020-01-21 23:24:40', 82, 3),
(270, '60', '2020-01-21 23:25:12', 71, 3),
(271, '21', '2020-01-21 23:25:36', 44, 3),
(272, '23', '2020-01-21 23:26:04', 41, 3),
(273, '26.4', '2020-01-21 23:26:32', 67, 3),
(274, '66', '2020-01-21 23:27:05', 65, 3),
(275, '22', '2020-01-21 23:27:35', 60, 3),
(276, '13.2', '2020-01-21 23:28:08', 80, 3),
(277, '17', '2020-01-21 23:28:46', 69, 3),
(278, '67.20', '2020-01-21 23:29:21', 58, 3),
(279, '30.8', '2020-01-21 23:30:03', 73, 3),
(280, '66', '2020-01-21 23:30:30', 68, 3),
(281, '39.6', '2020-01-21 23:31:25', 55, 3),
(282, '22', '2020-01-21 23:31:59', 70, 3),
(283, '22', '2020-01-21 23:32:23', 75, 3),
(284, '15', '2020-01-21 23:32:52', 62, 3),
(285, '13.2', '2020-01-21 23:33:19', 50, 3),
(286, '17.6', '2020-01-21 23:35:26', 51, 3),
(287, '20', '2020-01-21 23:35:59', 52, 3),
(288, '15', '2020-01-21 23:36:24', 59, 3),
(289, '17.6', '2020-01-21 23:36:49', 76, 3),
(290, '30.8', '2020-01-21 23:38:01', 73, 3),
(291, '13.2', '2020-01-21 23:38:31', 45, 3),
(292, '22', '2020-01-21 23:38:52', 66, 3),
(293, '26.4', '2020-01-22 19:36:17', 85, 3),
(294, '22', '2020-01-22 19:36:43', 38, 3),
(295, '8.30', '2020-01-22 19:37:20', 95, 3),
(296, '13.2', '2020-01-22 19:37:48', 77, 3),
(297, '13.2', '2020-01-22 19:38:23', 80, 3),
(298, '44', '2020-01-22 19:38:45', 91, 3),
(299, '13.2', '2020-01-22 19:39:08', 72, 3),
(300, '22', '2020-01-22 19:41:25', 60, 3),
(301, '10', '2020-01-22 19:42:25', 33, 3),
(302, '44', '2020-01-22 19:43:59', 87, 3),
(303, '13.2', '2020-01-22 19:44:32', 96, 3),
(304, '22', '2020-01-22 19:45:09', 102, 3),
(305, '67.2', '2020-01-22 19:46:16', 58, 3),
(306, '26.4', '2020-01-22 22:16:25', 67, 3),
(307, '198', '2020-01-22 22:17:38', 65, 3),
(308, '13.2', '2020-01-22 22:19:08', 45, 3),
(309, '30.8', '2020-01-22 22:20:20', 73, 3),
(310, '174', '2020-01-22 22:20:57', 68, 3),
(311, '13.2', '2020-01-22 22:21:35', 55, 3),
(312, '22', '2020-01-22 22:21:59', 66, 3),
(313, '13.2', '2020-01-22 22:22:26', 97, 3),
(314, '13.2', '2020-01-22 22:23:19', 50, 3),
(315, '20', '2020-01-22 22:23:54', 75, 3),
(316, '15', '2020-01-22 22:24:26', 62, 3),
(317, '21', '2020-01-22 22:26:11', 44, 3),
(318, '17.6', '2020-01-22 22:26:54', 51, 3),
(319, '15', '2020-01-22 22:27:23', 59, 3),
(320, '13.2', '2020-01-22 22:27:44', 98, 3),
(321, '38.4', '2020-01-23 23:21:13', 82, 3),
(322, '17.6', '2020-01-23 23:21:42', 89, 3),
(323, '13.2', '2020-01-23 23:22:41', 97, 3),
(324, '13.2', '2020-01-23 23:23:31', 106, 3),
(325, '8.3', '2020-01-23 23:24:02', 95, 3),
(326, '13.2', '2020-01-23 23:24:31', 72, 3),
(327, '192.5', '2020-01-23 23:25:05', 81, 3),
(328, '13.2', '2020-01-23 23:25:37', 96, 3),
(329, '26.4', '2020-01-23 23:26:02', 67, 3),
(330, '33.6', '2020-01-23 23:26:51', 58, 3),
(331, '22', '2020-01-23 23:27:37', 60, 3),
(332, '13.2', '2020-01-23 23:28:03', 80, 3),
(333, '22', '2020-01-23 23:28:41', 105, 3),
(334, '44', '2020-01-23 23:29:19', 43, 3),
(335, '44', '2020-01-23 23:29:38', 88, 3),
(336, '22', '2020-01-23 23:30:04', 102, 3),
(337, '10', '2020-01-23 23:30:36', 33, 3),
(338, '30.8', '2020-01-23 23:31:19', 73, 3),
(339, '22', '2020-01-23 23:31:50', 66, 3),
(340, '45', '2020-01-23 23:32:19', 70, 3),
(341, '15', '2020-01-23 23:33:06', 62, 3),
(342, '13.2', '2020-01-23 23:33:36', 50, 3),
(343, '50', '2020-01-23 23:34:00', 75, 3),
(344, '105', '2020-01-23 23:34:54', 40, 3),
(345, '15', '2020-01-23 23:35:32', 59, 3),
(346, '158.4', '2020-01-23 23:36:46', 51, 3),
(347, '20', '2020-01-23 23:37:12', 44, 3),
(348, '35.2', '2020-01-23 23:37:39', 76, 3),
(349, '50', '2020-01-23 23:38:01', 52, 3),
(350, '22', '2020-01-25 10:39:47', 88, 3),
(351, '26.4', '2020-01-25 10:40:04', 85, 3),
(352, '13.2', '2020-01-25 10:40:38', 97, 3),
(353, '17.6', '2020-01-25 10:41:01', 89, 3),
(354, '22', '2020-01-25 10:41:21', 102, 3),
(355, '10', '2020-01-25 10:41:41', 33, 3),
(356, '26.4', '2020-01-25 10:42:05', 67, 3),
(357, '22', '2020-01-25 10:42:26', 60, 3),
(358, '34', '2020-01-25 10:42:51', 69, 3),
(359, '22', '2020-01-25 10:43:07', 91, 3),
(360, '33.6', '2020-01-25 10:43:32', 58, 3),
(361, '13.2', '2020-01-25 10:43:49', 80, 3),
(362, '13.2', '2020-01-25 10:44:05', 72, 3),
(363, '35.2', '2020-01-25 10:44:33', 108, 3),
(364, '13.2', '2020-01-25 10:44:53', 96, 3),
(365, '30.8', '2020-01-25 10:45:19', 73, 3),
(366, '15', '2020-01-25 10:45:35', 62, 3),
(367, '22', '2020-01-25 10:45:51', 70, 3),
(368, '60', '2020-01-25 10:46:16', 75, 3),
(369, '15', '2020-01-25 10:46:42', 59, 3),
(370, '17.6', '2020-01-25 10:47:11', 76, 3),
(371, '26.4', '2020-01-25 10:47:31', 55, 3),
(372, '13.2', '2020-01-25 10:47:48', 98, 3),
(373, '22', '2020-01-25 10:48:09', 44, 3),
(374, '46', '2020-01-25 10:50:28', 86, 3),
(375, '13.2', '2020-01-25 10:51:00', 77, 3),
(376, '13.2', '2020-01-25 12:02:28', 45, 3),
(377, '30.8', '2020-01-25 16:19:29', 73, 3),
(378, '111.6', '2020-01-25 19:59:50', 45, 3),
(379, '6.6', '2020-01-25 20:01:11', 106, 3),
(380, '17.6', '2020-01-25 20:01:49', 95, 3),
(381, '197', '2020-01-25 20:02:36', 48, 3),
(382, '36', '2020-01-25 20:08:40', 58, 3),
(383, '26.4', '2020-01-25 20:09:24', 67, 3),
(384, '22', '2020-01-25 20:10:32', 91, 3),
(385, '13.2', '2020-01-25 20:12:07', 80, 3),
(386, '50', '2020-01-25 20:13:28', 87, 3),
(387, '23.2', '2020-01-25 20:14:32', 96, 3),
(388, '52.8', '2020-01-25 20:41:45', 30, 3),
(389, '22', '2020-01-25 20:42:21', 105, 3),
(390, '22', '2020-01-25 20:42:51', 102, 3),
(391, '17.6', '2020-01-25 20:43:55', 51, 3),
(392, '17.6', '2020-01-25 20:44:19', 110, 3),
(393, '13.2', '2020-01-25 20:45:01', 50, 3),
(394, '45', '2020-01-25 20:45:23', 66, 3),
(395, '10', '2020-01-25 20:45:48', 52, 3),
(396, '10', '2020-01-25 20:53:18', 52, 3),
(397, '15', '2020-01-25 20:53:38', 59, 3),
(398, '13.2', '2020-01-25 20:54:05', 55, 3),
(399, '13.2', '2020-01-25 20:54:32', 98, 3),
(400, '15', '2020-01-25 20:54:53', 62, 3),
(401, '20', '2020-01-25 20:55:14', 44, 3),
(402, '45', '2020-01-27 22:48:43', 88, 3),
(403, '27.4', '2020-01-27 22:49:28', 72, 3),
(404, '50', '2020-01-27 22:51:00', 87, 3),
(405, '40', '2020-01-27 22:51:37', 71, 3),
(406, '22', '2020-01-27 22:52:15', 113, 3),
(407, '13.2', '2020-01-27 22:53:31', 106, 3),
(408, '8.3', '2020-01-27 22:55:07', 95, 3),
(409, '39.6', '2020-01-27 22:55:32', 85, 3),
(410, '17.6', '2020-01-27 22:56:46', 108, 3),
(411, '17.6', '2020-01-27 23:04:40', 65, 3),
(412, '17.6', '2020-01-27 23:05:09', 108, 3),
(413, '137.5', '2020-01-27 23:09:38', 47, 3),
(414, '34', '2020-01-27 23:11:08', 69, 3),
(415, '22', '2020-01-27 23:14:16', 102, 3),
(416, '13.2', '2020-01-27 23:15:23', 96, 3),
(417, '22', '2020-01-27 23:16:06', 60, 3),
(418, '13.2', '2020-01-27 23:16:52', 80, 3),
(419, '26.4', '2020-01-27 23:17:42', 67, 3),
(420, '10', '2020-01-27 23:18:24', 33, 3),
(421, '17.6', '2020-01-27 23:19:05', 110, 3),
(422, '33.6', '2020-01-27 23:20:05', 58, 3),
(423, '13.2', '2020-01-27 23:22:47', 50, 3),
(424, '22', '2020-01-27 23:24:42', 66, 3),
(425, '15', '2020-01-27 23:25:30', 62, 3),
(426, '192.5', '2020-01-27 23:26:27', 61, 3),
(427, '10', '2020-01-27 23:28:17', 98, 3),
(428, '44', '2020-01-27 23:28:52', 70, 3),
(429, '13.2', '2020-01-27 23:29:22', 55, 3),
(430, '15', '2020-01-27 23:29:50', 59, 3),
(431, '35.2', '2020-01-27 23:30:20', 76, 3),
(432, '140', '2020-01-28 18:37:39', 71, 3),
(433, '8.3', '2020-01-28 18:38:05', 95, 3),
(434, '25', '2020-01-28 18:39:11', 82, 3),
(435, '22', '2020-01-28 18:39:37', 88, 3),
(436, '26.4', '2020-01-28 18:43:40', 67, 3),
(437, '22', '2020-01-28 18:59:51', 113, 3),
(438, '22', '2020-01-28 19:00:18', 105, 3),
(439, '22', '2020-01-28 19:00:46', 102, 3),
(440, '17.6', '2020-01-28 19:01:46', 108, 3),
(441, '22', '2020-01-28 19:27:53', 60, 3),
(442, '10.4', '2020-01-28 19:28:21', 96, 3),
(443, '67', '2020-01-28 19:28:43', 91, 3),
(444, '26.4', '2020-01-28 19:29:40', 97, 3),
(445, '30.8', '2020-01-28 19:30:16', 73, 3),
(446, '10', '2020-01-28 19:31:03', 52, 3),
(447, '17.6', '2020-01-28 19:31:53', 45, 3),
(448, '21', '2020-01-28 23:09:23', 44, 3),
(449, '10', '2020-01-28 23:10:27', 52, 3),
(450, '17.6', '2020-01-28 23:11:16', 112, 3),
(451, '15', '2020-01-28 23:11:47', 62, 3),
(452, '10', '2020-01-28 23:12:31', 98, 3),
(453, '15', '2020-01-28 23:13:11', 59, 3),
(454, '22', '2020-01-28 23:13:48', 66, 3),
(455, '17.6', '2020-01-28 23:14:49', 110, 3),
(456, '22', '2020-01-28 23:15:42', 70, 3),
(457, '54', '2020-01-28 23:17:03', 75, 3),
(458, '46', '2020-01-29 17:28:50', 75, 3),
(459, '14.2', '2020-01-29 18:40:03', 97, 3),
(460, '8.3', '2020-01-29 18:40:27', 95, 3),
(461, '46', '2020-01-29 19:05:37', 114, 3),
(462, '6.60', '2020-01-29 19:10:20', 106, 3),
(463, '31.8', '2020-01-29 19:11:12', 73, 3),
(464, '18.6', '2020-01-29 19:11:58', 112, 3),
(465, '53.8', '2020-01-29 23:46:49', 89, 3),
(466, '33.6', '2020-01-29 23:47:28', 58, 3),
(467, '13.2', '2020-01-29 23:47:53', 72, 3),
(468, '22', '2020-01-29 23:48:36', 60, 3),
(469, '30', '2020-01-29 23:49:16', 87, 3),
(470, '22', '2020-01-29 23:49:42', 102, 3),
(471, '13.2', '2020-01-29 23:50:02', 96, 3),
(472, '100', '2020-01-29 23:50:55', 81, 3),
(473, '34', '2020-01-29 23:51:37', 69, 3),
(474, '22', '2020-01-29 23:51:57', 113, 3),
(475, '13.2', '2020-01-29 23:52:20', 80, 3),
(476, '10', '2020-01-29 23:52:42', 33, 3),
(477, '22', '2020-01-29 23:54:17', 115, 3),
(478, '15', '2020-01-29 23:54:49', 62, 3),
(479, '192.5', '2020-01-29 23:55:20', 61, 3),
(480, '22', '2020-01-29 23:55:42', 70, 3),
(481, '15', '2020-01-29 23:56:01', 59, 3),
(482, '47.2', '2020-01-29 23:56:36', 86, 3),
(483, '52.8', '2020-01-29 23:56:57', 77, 3),
(484, '27.4', '2020-01-29 23:57:21', 55, 3),
(485, '17.6', '2020-01-29 23:57:46', 110, 3),
(486, '13.2', '2020-01-29 23:58:23', 50, 3),
(487, '22', '2020-01-29 23:58:42', 66, 3),
(488, '37.2', '2020-01-30 00:00:05', 89, 3),
(489, '45', '2020-01-30 23:09:31', 88, 3),
(490, '13.2', '2020-01-30 23:11:16', 106, 3),
(491, '100', '2020-01-30 23:12:14', 82, 3),
(492, '39.6', '2020-01-30 23:13:56', 85, 3),
(493, '44', '2020-01-30 23:14:29', 91, 3),
(494, '26.4', '2020-01-30 23:17:32', 67, 3),
(495, '130', '2020-01-30 23:18:02', 107, 3),
(496, '22', '2020-01-30 23:18:33', 113, 3),
(497, '13.2', '2020-01-30 23:19:05', 96, 3),
(498, '22', '2020-01-30 23:19:31', 102, 3),
(499, '22', '2020-01-30 23:19:51', 60, 3),
(500, '10', '2020-01-30 23:21:26', 33, 3),
(501, '10', '2020-01-30 23:22:58', 108, 3),
(502, '13.2', '2020-01-30 23:23:28', 72, 3),
(503, '13.2', '2020-01-30 23:23:54', 80, 3),
(504, '22', '2020-01-30 23:24:46', 115, 3),
(505, '30.8', '2020-01-30 23:25:21', 73, 3),
(506, '22', '2020-01-30 23:26:01', 70, 3),
(507, '17.6', '2020-01-30 23:26:36', 112, 3),
(508, '13.2', '2020-01-30 23:27:15', 97, 3),
(509, '22', '2020-01-30 23:28:04', 66, 3),
(510, '13.2', '2020-01-30 23:28:35', 117, 3),
(511, '35.2', '2020-01-30 23:29:05', 76, 3),
(512, '15', '2020-01-30 23:29:35', 62, 3),
(513, '15', '2020-01-30 23:30:01', 59, 3),
(514, '100', '2020-01-31 23:20:55', 71, 3),
(515, '13.2', '2020-01-31 23:21:30', 97, 3),
(516, '17.6', '2020-01-31 23:22:07', 95, 3),
(517, '22', '2020-01-31 23:22:55', 105, 3),
(518, '25.2', '2020-01-31 23:23:36', 108, 3),
(519, '22', '2020-01-31 23:24:00', 113, 3),
(520, '13.2', '2020-01-31 23:24:29', 80, 3),
(521, '22', '2020-01-31 23:24:57', 102, 3),
(522, '13.2', '2020-01-31 23:33:14', 96, 3),
(523, '13.2', '2020-01-31 23:33:14', 96, 3),
(524, '13.2', '2020-01-31 23:38:47', 72, 3),
(525, '22', '2020-01-31 23:39:14', 60, 3),
(526, '33.6', '2020-01-31 23:39:39', 58, 3),
(527, '20', '2020-01-31 23:40:13', 87, 3),
(528, '26.4', '2020-01-31 23:40:37', 67, 3),
(529, '22', '2020-01-31 23:41:07', 119, 3),
(530, '22', '2020-01-31 23:46:40', 115, 3),
(531, '17.6', '2020-01-31 23:47:10', 120, 3),
(532, '30.8', '2020-01-31 23:48:04', 73, 3),
(533, '17.6', '2020-01-31 23:48:44', 112, 3),
(534, '22', '2020-01-31 23:49:21', 70, 3),
(535, '13.2', '2020-01-31 23:49:50', 55, 3),
(536, '35.2', '2020-01-31 23:50:44', 110, 3),
(537, '15', '2020-01-31 23:51:15', 59, 3),
(538, '16.8', '2020-01-31 23:51:49', 117, 3),
(539, '22', '2020-01-31 23:53:40', 66, 3),
(540, '15', '2020-01-31 23:54:48', 62, 3),
(541, '17.2', '2020-01-31 23:55:12', 76, 3),
(542, '165', '2020-02-01 22:51:13', 84, 3),
(543, '36.2', '2020-02-01 22:52:25', 89, 3),
(544, '45', '2020-02-01 22:53:59', 88, 3),
(545, '126.5', '2020-02-01 22:55:31', 41, 3),
(546, '9.4', '2020-02-01 22:56:39', 82, 3),
(547, '6.6', '2020-02-01 22:57:15', 106, 3),
(548, '67.2', '2020-02-01 22:58:05', 58, 3),
(549, '50', '2020-02-01 22:59:01', 87, 3),
(550, '13.2', '2020-02-01 22:59:41', 72, 3),
(551, '26.40', '2020-02-01 23:00:05', 80, 3),
(552, '10', '2020-02-01 23:01:12', 108, 3),
(553, '30.8', '2020-02-01 23:02:36', 73, 3),
(554, '10', '2020-02-01 23:03:14', 124, 3),
(555, '22', '2020-02-01 23:03:37', 115, 3),
(556, '13.2', '2020-02-01 23:04:43', 123, 3),
(557, '13.2', '2020-02-01 23:05:51', 55, 3),
(558, '17.6', '2020-02-01 23:06:17', 120, 3),
(559, '13.2', '2020-02-01 23:06:43', 97, 3),
(560, '17.6', '2020-02-01 23:07:20', 112, 3),
(561, '22', '2020-02-01 23:08:18', 119, 3),
(562, '20', '2020-02-01 23:09:00', 117, 3),
(563, '10', '2020-02-01 23:09:22', 98, 3),
(564, '15', '2020-02-01 23:09:52', 62, 3),
(565, '15', '2020-02-01 23:10:16', 59, 3),
(566, '22', '2020-02-01 23:10:35', 66, 3),
(567, '17.6', '2020-02-01 23:11:35', 110, 3);

--
-- Índices para tablas volcadas
--

--
-- Indices de la tabla `aperturas`
--
ALTER TABLE `aperturas`
  ADD PRIMARY KEY (`idapertura`),
  ADD KEY `fk_aperturas_cajas1_idx` (`cajas_idcaja`),
  ADD KEY `fk_aperturas_usuarios1_idx` (`usuarios_idusuario`),
  ADD KEY `fk_aperturas_billetaje_hist1_idx` (`billetaje_hist_idbilletaje`);

--
-- Indices de la tabla `aprobaciones`
--
ALTER TABLE `aprobaciones`
  ADD PRIMARY KEY (`idaprobacion`),
  ADD KEY `fk_aprobaciones_creditos1_idx` (`creditos_idcredito`),
  ADD KEY `fk_aprobaciones_usuarios1_idx` (`usuarios_idusuario`);

--
-- Indices de la tabla `aval`
--
ALTER TABLE `aval`
  ADD PRIMARY KEY (`idconyugue`),
  ADD KEY `fk_aval_clientes1_idx` (`clientes_idcliente`);

--
-- Indices de la tabla `billetaje`
--
ALTER TABLE `billetaje`
  ADD PRIMARY KEY (`idbilletaje`);

--
-- Indices de la tabla `billetaje_hist`
--
ALTER TABLE `billetaje_hist`
  ADD PRIMARY KEY (`idbilletaje`);

--
-- Indices de la tabla `cajas`
--
ALTER TABLE `cajas`
  ADD PRIMARY KEY (`idcaja`),
  ADD KEY `fk_cajas_usuarios1_idx` (`usuarios_idusuario`),
  ADD KEY `fk_cajas_billetaje1_idx` (`billetaje_idbilletaje`);

--
-- Indices de la tabla `clientes`
--
ALTER TABLE `clientes`
  ADD PRIMARY KEY (`idcliente`);

--
-- Indices de la tabla `consumo`
--
ALTER TABLE `consumo`
  ADD PRIMARY KEY (`idconsumo`),
  ADD KEY `fk_consumo_clientes1_idx` (`clientes_idcliente`);

--
-- Indices de la tabla `conyugue`
--
ALTER TABLE `conyugue`
  ADD PRIMARY KEY (`idconyugue`),
  ADD KEY `fk_conyugue_clientes1_idx` (`clientes_idcliente`);

--
-- Indices de la tabla `creditos`
--
ALTER TABLE `creditos`
  ADD PRIMARY KEY (`idcredito`),
  ADD KEY `fk_creditos_clientes1_idx` (`clientes_idcliente`);

--
-- Indices de la tabla `cuenta_pf`
--
ALTER TABLE `cuenta_pf`
  ADD PRIMARY KEY (`idcuenta`),
  ADD KEY `fk_cuenta_corriente_clientes1_idx` (`clientes_idcliente`),
  ADD KEY `fk_cuenta_corriente_usuarios1_idx` (`usuarios_idusuario`);

--
-- Indices de la tabla `desembolso`
--
ALTER TABLE `desembolso`
  ADD PRIMARY KEY (`iddesembolso`),
  ADD KEY `fk_desembolso_creditos1_idx` (`creditos_idcredito`),
  ADD KEY `fk_desembolso_usuarios1_idx` (`usuarios_idusuario`);

--
-- Indices de la tabla `movimientos`
--
ALTER TABLE `movimientos`
  ADD PRIMARY KEY (`idmovimiento`),
  ADD KEY `fk_movimientos_cajas1_idx` (`cajas_idcaja`),
  ADD KEY `fk_movimientos_usuarios1_idx` (`usuarios_idusuario`),
  ADD KEY `fk_movimientos_creditos1_idx` (`creditos_idcredito`);

--
-- Indices de la tabla `negocio`
--
ALTER TABLE `negocio`
  ADD PRIMARY KEY (`idnegocio`),
  ADD KEY `fk_negocio_clientes1_idx` (`clientes_idcliente`);

--
-- Indices de la tabla `pagos`
--
ALTER TABLE `pagos`
  ADD PRIMARY KEY (`idpago`),
  ADD KEY `fk_pagos_creditos1_idx` (`creditos_idcredito`),
  ADD KEY `fk_pagos_usuarios1_idx` (`usuarios_idusuario`);

--
-- Indices de la tabla `solicitudes`
--
ALTER TABLE `solicitudes`
  ADD PRIMARY KEY (`idsolicitud`),
  ADD KEY `fk_solicitudes_creditos1_idx` (`creditos_idcredito`),
  ADD KEY `fk_solicitudes_usuarios1_idx` (`usuarios_idusuario`);

--
-- Indices de la tabla `transferencias`
--
ALTER TABLE `transferencias`
  ADD PRIMARY KEY (`idtransferencia`),
  ADD KEY `fk_transferencias_usuarios1_idx` (`usuarios_idusuario`),
  ADD KEY `fk_transferencias_cajas1_idx` (`cajas_idcaja`),
  ADD KEY `fk_transferencias_cajas2_idx` (`cajas_idcaja1`),
  ADD KEY `fk_transferencias_usuarios2_idx` (`usuarios_idusuario1`);

--
-- Indices de la tabla `usuarios`
--
ALTER TABLE `usuarios`
  ADD PRIMARY KEY (`idusuario`);

--
-- Indices de la tabla `voucher_pago`
--
ALTER TABLE `voucher_pago`
  ADD PRIMARY KEY (`idvoucher`),
  ADD KEY `fk_voucher_pago_creditos1_idx` (`creditos_idcredito`),
  ADD KEY `fk_voucher_pago_usuarios1_idx` (`usuarios_idusuario`);

--
-- AUTO_INCREMENT de las tablas volcadas
--

--
-- AUTO_INCREMENT de la tabla `aperturas`
--
ALTER TABLE `aperturas`
  MODIFY `idapertura` int(11) NOT NULL AUTO_INCREMENT, AUTO_INCREMENT=50;

--
-- AUTO_INCREMENT de la tabla `aprobaciones`
--
ALTER TABLE `aprobaciones`
  MODIFY `idaprobacion` int(11) NOT NULL AUTO_INCREMENT, AUTO_INCREMENT=118;

--
-- AUTO_INCREMENT de la tabla `aval`
--
ALTER TABLE `aval`
  MODIFY `idconyugue` int(11) NOT NULL AUTO_INCREMENT, AUTO_INCREMENT=9;

--
-- AUTO_INCREMENT de la tabla `billetaje`
--
ALTER TABLE `billetaje`
  MODIFY `idbilletaje` int(11) NOT NULL AUTO_INCREMENT, AUTO_INCREMENT=11;

--
-- AUTO_INCREMENT de la tabla `billetaje_hist`
--
ALTER TABLE `billetaje_hist`
  MODIFY `idbilletaje` int(11) NOT NULL AUTO_INCREMENT, AUTO_INCREMENT=10;

--
-- AUTO_INCREMENT de la tabla `cajas`
--
ALTER TABLE `cajas`
  MODIFY `idcaja` int(11) NOT NULL AUTO_INCREMENT, AUTO_INCREMENT=15;

--
-- AUTO_INCREMENT de la tabla `clientes`
--
ALTER TABLE `clientes`
  MODIFY `idcliente` int(11) NOT NULL AUTO_INCREMENT, AUTO_INCREMENT=179;

--
-- AUTO_INCREMENT de la tabla `consumo`
--
ALTER TABLE `consumo`
  MODIFY `idconsumo` int(11) NOT NULL AUTO_INCREMENT, AUTO_INCREMENT=3;

--
-- AUTO_INCREMENT de la tabla `conyugue`
--
ALTER TABLE `conyugue`
  MODIFY `idconyugue` int(11) NOT NULL AUTO_INCREMENT, AUTO_INCREMENT=5;

--
-- AUTO_INCREMENT de la tabla `creditos`
--
ALTER TABLE `creditos`
  MODIFY `idcredito` int(11) NOT NULL AUTO_INCREMENT, AUTO_INCREMENT=128;

--
-- AUTO_INCREMENT de la tabla `cuenta_pf`
--
ALTER TABLE `cuenta_pf`
  MODIFY `idcuenta` int(11) NOT NULL AUTO_INCREMENT, AUTO_INCREMENT=32;

--
-- AUTO_INCREMENT de la tabla `desembolso`
--
ALTER TABLE `desembolso`
  MODIFY `iddesembolso` int(11) NOT NULL AUTO_INCREMENT, AUTO_INCREMENT=107;

--
-- AUTO_INCREMENT de la tabla `movimientos`
--
ALTER TABLE `movimientos`
  MODIFY `idmovimiento` int(11) NOT NULL AUTO_INCREMENT, AUTO_INCREMENT=774;

--
-- AUTO_INCREMENT de la tabla `negocio`
--
ALTER TABLE `negocio`
  MODIFY `idnegocio` int(11) NOT NULL AUTO_INCREMENT, AUTO_INCREMENT=5;

--
-- AUTO_INCREMENT de la tabla `pagos`
--
ALTER TABLE `pagos`
  MODIFY `idpago` int(11) NOT NULL AUTO_INCREMENT, AUTO_INCREMENT=1627;

--
-- AUTO_INCREMENT de la tabla `solicitudes`
--
ALTER TABLE `solicitudes`
  MODIFY `idsolicitud` int(11) NOT NULL AUTO_INCREMENT, AUTO_INCREMENT=128;

--
-- AUTO_INCREMENT de la tabla `transferencias`
--
ALTER TABLE `transferencias`
  MODIFY `idtransferencia` int(11) NOT NULL AUTO_INCREMENT, AUTO_INCREMENT=12;

--
-- AUTO_INCREMENT de la tabla `usuarios`
--
ALTER TABLE `usuarios`
  MODIFY `idusuario` int(11) NOT NULL AUTO_INCREMENT, AUTO_INCREMENT=14;

--
-- AUTO_INCREMENT de la tabla `voucher_pago`
--
ALTER TABLE `voucher_pago`
  MODIFY `idvoucher` int(11) NOT NULL AUTO_INCREMENT, AUTO_INCREMENT=568;

--
-- Restricciones para tablas volcadas
--

--
-- Filtros para la tabla `aperturas`
--
ALTER TABLE `aperturas`
  ADD CONSTRAINT `fk_aperturas_billetaje_hist1` FOREIGN KEY (`billetaje_hist_idbilletaje`) REFERENCES `billetaje_hist` (`idbilletaje`) ON DELETE NO ACTION ON UPDATE NO ACTION,
  ADD CONSTRAINT `fk_aperturas_cajas1` FOREIGN KEY (`cajas_idcaja`) REFERENCES `cajas` (`idcaja`) ON DELETE NO ACTION ON UPDATE NO ACTION,
  ADD CONSTRAINT `fk_aperturas_usuarios1` FOREIGN KEY (`usuarios_idusuario`) REFERENCES `usuarios` (`idusuario`) ON DELETE NO ACTION ON UPDATE NO ACTION;

--
-- Filtros para la tabla `aprobaciones`
--
ALTER TABLE `aprobaciones`
  ADD CONSTRAINT `fk_aprobaciones_creditos1` FOREIGN KEY (`creditos_idcredito`) REFERENCES `creditos` (`idcredito`) ON DELETE NO ACTION ON UPDATE NO ACTION,
  ADD CONSTRAINT `fk_aprobaciones_usuarios1` FOREIGN KEY (`usuarios_idusuario`) REFERENCES `usuarios` (`idusuario`) ON DELETE NO ACTION ON UPDATE NO ACTION;

--
-- Filtros para la tabla `aval`
--
ALTER TABLE `aval`
  ADD CONSTRAINT `fk_aval_clientes1` FOREIGN KEY (`clientes_idcliente`) REFERENCES `clientes` (`idcliente`) ON DELETE NO ACTION ON UPDATE NO ACTION;

--
-- Filtros para la tabla `cajas`
--
ALTER TABLE `cajas`
  ADD CONSTRAINT `fk_cajas_billetaje1` FOREIGN KEY (`billetaje_idbilletaje`) REFERENCES `billetaje` (`idbilletaje`) ON DELETE NO ACTION ON UPDATE NO ACTION,
  ADD CONSTRAINT `fk_cajas_usuarios1` FOREIGN KEY (`usuarios_idusuario`) REFERENCES `usuarios` (`idusuario`) ON DELETE NO ACTION ON UPDATE NO ACTION;

--
-- Filtros para la tabla `consumo`
--
ALTER TABLE `consumo`
  ADD CONSTRAINT `fk_consumo_clientes1` FOREIGN KEY (`clientes_idcliente`) REFERENCES `clientes` (`idcliente`) ON DELETE NO ACTION ON UPDATE NO ACTION;

--
-- Filtros para la tabla `conyugue`
--
ALTER TABLE `conyugue`
  ADD CONSTRAINT `fk_conyugue_clientes1` FOREIGN KEY (`clientes_idcliente`) REFERENCES `clientes` (`idcliente`) ON DELETE NO ACTION ON UPDATE NO ACTION;

--
-- Filtros para la tabla `creditos`
--
ALTER TABLE `creditos`
  ADD CONSTRAINT `fk_creditos_clientes1` FOREIGN KEY (`clientes_idcliente`) REFERENCES `clientes` (`idcliente`) ON DELETE NO ACTION ON UPDATE NO ACTION;

--
-- Filtros para la tabla `cuenta_pf`
--
ALTER TABLE `cuenta_pf`
  ADD CONSTRAINT `fk_cuenta_corriente_clientes1` FOREIGN KEY (`clientes_idcliente`) REFERENCES `clientes` (`idcliente`) ON DELETE NO ACTION ON UPDATE NO ACTION,
  ADD CONSTRAINT `fk_cuenta_corriente_usuarios1` FOREIGN KEY (`usuarios_idusuario`) REFERENCES `usuarios` (`idusuario`) ON DELETE NO ACTION ON UPDATE NO ACTION;

--
-- Filtros para la tabla `desembolso`
--
ALTER TABLE `desembolso`
  ADD CONSTRAINT `fk_desembolso_creditos1` FOREIGN KEY (`creditos_idcredito`) REFERENCES `creditos` (`idcredito`) ON DELETE NO ACTION ON UPDATE NO ACTION,
  ADD CONSTRAINT `fk_desembolso_usuarios1` FOREIGN KEY (`usuarios_idusuario`) REFERENCES `usuarios` (`idusuario`) ON DELETE NO ACTION ON UPDATE NO ACTION;

--
-- Filtros para la tabla `movimientos`
--
ALTER TABLE `movimientos`
  ADD CONSTRAINT `fk_movimientos_cajas1` FOREIGN KEY (`cajas_idcaja`) REFERENCES `cajas` (`idcaja`) ON DELETE NO ACTION ON UPDATE NO ACTION,
  ADD CONSTRAINT `fk_movimientos_creditos1` FOREIGN KEY (`creditos_idcredito`) REFERENCES `creditos` (`idcredito`) ON DELETE NO ACTION ON UPDATE NO ACTION,
  ADD CONSTRAINT `fk_movimientos_usuarios1` FOREIGN KEY (`usuarios_idusuario`) REFERENCES `usuarios` (`idusuario`) ON DELETE NO ACTION ON UPDATE NO ACTION;

--
-- Filtros para la tabla `negocio`
--
ALTER TABLE `negocio`
  ADD CONSTRAINT `fk_negocio_clientes1` FOREIGN KEY (`clientes_idcliente`) REFERENCES `clientes` (`idcliente`) ON DELETE NO ACTION ON UPDATE NO ACTION;

--
-- Filtros para la tabla `pagos`
--
ALTER TABLE `pagos`
  ADD CONSTRAINT `fk_pagos_creditos1` FOREIGN KEY (`creditos_idcredito`) REFERENCES `creditos` (`idcredito`) ON DELETE NO ACTION ON UPDATE NO ACTION,
  ADD CONSTRAINT `fk_pagos_usuarios1` FOREIGN KEY (`usuarios_idusuario`) REFERENCES `usuarios` (`idusuario`) ON DELETE NO ACTION ON UPDATE NO ACTION;

--
-- Filtros para la tabla `solicitudes`
--
ALTER TABLE `solicitudes`
  ADD CONSTRAINT `fk_solicitudes_creditos1` FOREIGN KEY (`creditos_idcredito`) REFERENCES `creditos` (`idcredito`) ON DELETE NO ACTION ON UPDATE NO ACTION,
  ADD CONSTRAINT `fk_solicitudes_usuarios1` FOREIGN KEY (`usuarios_idusuario`) REFERENCES `usuarios` (`idusuario`) ON DELETE NO ACTION ON UPDATE NO ACTION;

--
-- Filtros para la tabla `transferencias`
--
ALTER TABLE `transferencias`
  ADD CONSTRAINT `fk_transferencias_cajas1` FOREIGN KEY (`cajas_idcaja`) REFERENCES `cajas` (`idcaja`) ON DELETE NO ACTION ON UPDATE NO ACTION,
  ADD CONSTRAINT `fk_transferencias_cajas2` FOREIGN KEY (`cajas_idcaja1`) REFERENCES `cajas` (`idcaja`) ON DELETE NO ACTION ON UPDATE NO ACTION,
  ADD CONSTRAINT `fk_transferencias_usuarios1` FOREIGN KEY (`usuarios_idusuario`) REFERENCES `usuarios` (`idusuario`) ON DELETE NO ACTION ON UPDATE NO ACTION,
  ADD CONSTRAINT `fk_transferencias_usuarios2` FOREIGN KEY (`usuarios_idusuario1`) REFERENCES `usuarios` (`idusuario`) ON DELETE NO ACTION ON UPDATE NO ACTION;

--
-- Filtros para la tabla `voucher_pago`
--
ALTER TABLE `voucher_pago`
  ADD CONSTRAINT `fk_voucher_pago_creditos1` FOREIGN KEY (`creditos_idcredito`) REFERENCES `creditos` (`idcredito`) ON DELETE NO ACTION ON UPDATE NO ACTION,
  ADD CONSTRAINT `fk_voucher_pago_usuarios1` FOREIGN KEY (`usuarios_idusuario`) REFERENCES `usuarios` (`idusuario`) ON DELETE NO ACTION ON UPDATE NO ACTION;
COMMIT;

/*!40101 SET CHARACTER_SET_CLIENT=@OLD_CHARACTER_SET_CLIENT */;
/*!40101 SET CHARACTER_SET_RESULTS=@OLD_CHARACTER_SET_RESULTS */;
/*!40101 SET COLLATION_CONNECTION=@OLD_COLLATION_CONNECTION */;
